2025-04-25T10:26:55.454+09:00  INFO 4812 --- [portforu] [main] o.pinggu.portforu.PortforuApplication    : Starting PortforuApplication using Java 17.0.13 with PID 4812 (/Users/t2023-m0111/IdeaProjects/portforu/build/classes/java/main started by t2023-m0111 in /Users/t2023-m0111/IdeaProjects/portforu)
2025-04-25T10:26:55.455+09:00  INFO 4812 --- [portforu] [main] o.pinggu.portforu.PortforuApplication    : The following 1 profile is active: "local"
2025-04-25T10:26:55.883+09:00  INFO 4812 --- [portforu] [main] .s.d.r.c.RepositoryConfigurationDelegate : Multiple Spring Data modules found, entering strict repository configuration mode
2025-04-25T10:26:55.884+09:00  INFO 4812 --- [portforu] [main] .s.d.r.c.RepositoryConfigurationDelegate : Bootstrapping Spring Data Elasticsearch repositories in DEFAULT mode.
2025-04-25T10:26:55.903+09:00  INFO 4812 --- [portforu] [main] .RepositoryConfigurationExtensionSupport : Spring Data Elasticsearch - Could not safely identify store assignment for repository candidate interface org.pinggu.portforu.domain.auth.repository.RefreshTokenRepository; If you want this repository to be a Elasticsearch repository, consider annotating your entities with one of these annotations: org.springframework.data.elasticsearch.annotations.Document (preferred), or consider extending one of the following types with your repository: org.springframework.data.elasticsearch.repository.ElasticsearchRepository
2025-04-25T10:26:55.905+09:00  INFO 4812 --- [portforu] [main] .RepositoryConfigurationExtensionSupport : Spring Data Elasticsearch - Could not safely identify store assignment for repository candidate interface org.pinggu.portforu.domain.comment.repository.CommentRepository; If you want this repository to be a Elasticsearch repository, consider annotating your entities with one of these annotations: org.springframework.data.elasticsearch.annotations.Document (preferred), or consider extending one of the following types with your repository: org.springframework.data.elasticsearch.repository.ElasticsearchRepository
2025-04-25T10:26:55.955+09:00  INFO 4812 --- [portforu] [main] .RepositoryConfigurationExtensionSupport : Spring Data Elasticsearch - Could not safely identify store assignment for repository candidate interface org.pinggu.portforu.domain.jobposting.repository.JobPostingRepository; If you want this repository to be a Elasticsearch repository, consider annotating your entities with one of these annotations: org.springframework.data.elasticsearch.annotations.Document (preferred), or consider extending one of the following types with your repository: org.springframework.data.elasticsearch.repository.ElasticsearchRepository
2025-04-25T10:26:55.955+09:00  INFO 4812 --- [portforu] [main] .RepositoryConfigurationExtensionSupport : Spring Data Elasticsearch - Could not safely identify store assignment for repository candidate interface org.pinggu.portforu.domain.member.repository.MemberRepository; If you want this repository to be a Elasticsearch repository, consider annotating your entities with one of these annotations: org.springframework.data.elasticsearch.annotations.Document (preferred), or consider extending one of the following types with your repository: org.springframework.data.elasticsearch.repository.ElasticsearchRepository
2025-04-25T10:26:55.956+09:00  INFO 4812 --- [portforu] [main] .RepositoryConfigurationExtensionSupport : Spring Data Elasticsearch - Could not safely identify store assignment for repository candidate interface org.pinggu.portforu.domain.membership.repository.MembershipRepository; If you want this repository to be a Elasticsearch repository, consider annotating your entities with one of these annotations: org.springframework.data.elasticsearch.annotations.Document (preferred), or consider extending one of the following types with your repository: org.springframework.data.elasticsearch.repository.ElasticsearchRepository
2025-04-25T10:26:55.956+09:00  INFO 4812 --- [portforu] [main] .RepositoryConfigurationExtensionSupport : Spring Data Elasticsearch - Could not safely identify store assignment for repository candidate interface org.pinggu.portforu.domain.payment.repository.PaymentRepository; If you want this repository to be a Elasticsearch repository, consider annotating your entities with one of these annotations: org.springframework.data.elasticsearch.annotations.Document (preferred), or consider extending one of the following types with your repository: org.springframework.data.elasticsearch.repository.ElasticsearchRepository
2025-04-25T10:26:55.957+09:00  INFO 4812 --- [portforu] [main] .RepositoryConfigurationExtensionSupport : Spring Data Elasticsearch - Could not safely identify store assignment for repository candidate interface org.pinggu.portforu.domain.portfolio.repository.PortfolioRepository; If you want this repository to be a Elasticsearch repository, consider annotating your entities with one of these annotations: org.springframework.data.elasticsearch.annotations.Document (preferred), or consider extending one of the following types with your repository: org.springframework.data.elasticsearch.repository.ElasticsearchRepository
2025-04-25T10:26:55.957+09:00  INFO 4812 --- [portforu] [main] .RepositoryConfigurationExtensionSupport : Spring Data Elasticsearch - Could not safely identify store assignment for repository candidate interface org.pinggu.portforu.domain.portfolio.repository.UploadedFileRepository; If you want this repository to be a Elasticsearch repository, consider annotating your entities with one of these annotations: org.springframework.data.elasticsearch.annotations.Document (preferred), or consider extending one of the following types with your repository: org.springframework.data.elasticsearch.repository.ElasticsearchRepository
2025-04-25T10:26:55.957+09:00  INFO 4812 --- [portforu] [main] .RepositoryConfigurationExtensionSupport : Spring Data Elasticsearch - Could not safely identify store assignment for repository candidate interface org.pinggu.portforu.domain.scrap.repository.ScrapRepository; If you want this repository to be a Elasticsearch repository, consider annotating your entities with one of these annotations: org.springframework.data.elasticsearch.annotations.Document (preferred), or consider extending one of the following types with your repository: org.springframework.data.elasticsearch.repository.ElasticsearchRepository
2025-04-25T10:26:55.958+09:00  INFO 4812 --- [portforu] [main] .RepositoryConfigurationExtensionSupport : Spring Data Elasticsearch - Could not safely identify store assignment for repository candidate interface org.pinggu.portforu.domain.subscribe.repository.SubscribeRepository; If you want this repository to be a Elasticsearch repository, consider annotating your entities with one of these annotations: org.springframework.data.elasticsearch.annotations.Document (preferred), or consider extending one of the following types with your repository: org.springframework.data.elasticsearch.repository.ElasticsearchRepository
2025-04-25T10:26:55.966+09:00  INFO 4812 --- [portforu] [main] .s.d.r.c.RepositoryConfigurationDelegate : Finished Spring Data repository scanning in 79 ms. Found 1 Elasticsearch repository interface.
2025-04-25T10:26:55.969+09:00  INFO 4812 --- [portforu] [main] .s.d.r.c.RepositoryConfigurationDelegate : Multiple Spring Data modules found, entering strict repository configuration mode
2025-04-25T10:26:55.969+09:00  INFO 4812 --- [portforu] [main] .s.d.r.c.RepositoryConfigurationDelegate : Bootstrapping Spring Data Reactive Elasticsearch repositories in DEFAULT mode.
2025-04-25T10:26:55.973+09:00  INFO 4812 --- [portforu] [main] .RepositoryConfigurationExtensionSupport : Spring Data Reactive Elasticsearch - Could not safely identify store assignment for repository candidate interface org.pinggu.portforu.domain.auth.repository.RefreshTokenRepository; If you want this repository to be a Reactive Elasticsearch repository, consider annotating your entities with one of these annotations: org.springframework.data.elasticsearch.annotations.Document (preferred), or consider extending one of the following types with your repository: org.springframework.data.elasticsearch.repository.ReactiveElasticsearchRepository
2025-04-25T10:26:55.974+09:00  INFO 4812 --- [portforu] [main] .RepositoryConfigurationExtensionSupport : Spring Data Reactive Elasticsearch - Could not safely identify store assignment for repository candidate interface org.pinggu.portforu.domain.comment.repository.CommentRepository; If you want this repository to be a Reactive Elasticsearch repository, consider annotating your entities with one of these annotations: org.springframework.data.elasticsearch.annotations.Document (preferred), or consider extending one of the following types with your repository: org.springframework.data.elasticsearch.repository.ReactiveElasticsearchRepository
2025-04-25T10:26:55.975+09:00  INFO 4812 --- [portforu] [main] .RepositoryConfigurationExtensionSupport : Spring Data Reactive Elasticsearch - Could not safely identify store assignment for repository candidate interface org.pinggu.portforu.domain.jobposting.repository.JobPostingRepository; If you want this repository to be a Reactive Elasticsearch repository, consider annotating your entities with one of these annotations: org.springframework.data.elasticsearch.annotations.Document (preferred), or consider extending one of the following types with your repository: org.springframework.data.elasticsearch.repository.ReactiveElasticsearchRepository
2025-04-25T10:26:55.975+09:00  INFO 4812 --- [portforu] [main] .RepositoryConfigurationExtensionSupport : Spring Data Reactive Elasticsearch - Could not safely identify store assignment for repository candidate interface org.pinggu.portforu.domain.member.repository.MemberRepository; If you want this repository to be a Reactive Elasticsearch repository, consider annotating your entities with one of these annotations: org.springframework.data.elasticsearch.annotations.Document (preferred), or consider extending one of the following types with your repository: org.springframework.data.elasticsearch.repository.ReactiveElasticsearchRepository
2025-04-25T10:26:55.975+09:00  INFO 4812 --- [portforu] [main] .RepositoryConfigurationExtensionSupport : Spring Data Reactive Elasticsearch - Could not safely identify store assignment for repository candidate interface org.pinggu.portforu.domain.membership.repository.MembershipRepository; If you want this repository to be a Reactive Elasticsearch repository, consider annotating your entities with one of these annotations: org.springframework.data.elasticsearch.annotations.Document (preferred), or consider extending one of the following types with your repository: org.springframework.data.elasticsearch.repository.ReactiveElasticsearchRepository
2025-04-25T10:26:55.975+09:00  INFO 4812 --- [portforu] [main] .RepositoryConfigurationExtensionSupport : Spring Data Reactive Elasticsearch - Could not safely identify store assignment for repository candidate interface org.pinggu.portforu.domain.payment.repository.PaymentRepository; If you want this repository to be a Reactive Elasticsearch repository, consider annotating your entities with one of these annotations: org.springframework.data.elasticsearch.annotations.Document (preferred), or consider extending one of the following types with your repository: org.springframework.data.elasticsearch.repository.ReactiveElasticsearchRepository
2025-04-25T10:26:55.975+09:00  INFO 4812 --- [portforu] [main] .RepositoryConfigurationExtensionSupport : Spring Data Reactive Elasticsearch - Could not safely identify store assignment for repository candidate interface org.pinggu.portforu.domain.portfolio.repository.PortfolioRepository; If you want this repository to be a Reactive Elasticsearch repository, consider annotating your entities with one of these annotations: org.springframework.data.elasticsearch.annotations.Document (preferred), or consider extending one of the following types with your repository: org.springframework.data.elasticsearch.repository.ReactiveElasticsearchRepository
2025-04-25T10:26:55.975+09:00  INFO 4812 --- [portforu] [main] .RepositoryConfigurationExtensionSupport : Spring Data Reactive Elasticsearch - Could not safely identify store assignment for repository candidate interface org.pinggu.portforu.domain.portfolio.repository.UploadedFileRepository; If you want this repository to be a Reactive Elasticsearch repository, consider annotating your entities with one of these annotations: org.springframework.data.elasticsearch.annotations.Document (preferred), or consider extending one of the following types with your repository: org.springframework.data.elasticsearch.repository.ReactiveElasticsearchRepository
2025-04-25T10:26:55.975+09:00  INFO 4812 --- [portforu] [main] .RepositoryConfigurationExtensionSupport : Spring Data Reactive Elasticsearch - Could not safely identify store assignment for repository candidate interface org.pinggu.portforu.domain.scrap.repository.ScrapRepository; If you want this repository to be a Reactive Elasticsearch repository, consider annotating your entities with one of these annotations: org.springframework.data.elasticsearch.annotations.Document (preferred), or consider extending one of the following types with your repository: org.springframework.data.elasticsearch.repository.ReactiveElasticsearchRepository
2025-04-25T10:26:55.976+09:00  INFO 4812 --- [portforu] [main] .RepositoryConfigurationExtensionSupport : Spring Data Reactive Elasticsearch - Could not safely identify store assignment for repository candidate interface org.pinggu.portforu.domain.subscribe.repository.SubscribeRepository; If you want this repository to be a Reactive Elasticsearch repository, consider annotating your entities with one of these annotations: org.springframework.data.elasticsearch.annotations.Document (preferred), or consider extending one of the following types with your repository: org.springframework.data.elasticsearch.repository.ReactiveElasticsearchRepository
2025-04-25T10:26:55.976+09:00  INFO 4812 --- [portforu] [main] .s.d.r.c.RepositoryConfigurationDelegate : Finished Spring Data repository scanning in 6 ms. Found 0 Reactive Elasticsearch repository interfaces.
2025-04-25T10:26:55.979+09:00  INFO 4812 --- [portforu] [main] .s.d.r.c.RepositoryConfigurationDelegate : Multiple Spring Data modules found, entering strict repository configuration mode
2025-04-25T10:26:55.980+09:00  INFO 4812 --- [portforu] [main] .s.d.r.c.RepositoryConfigurationDelegate : Bootstrapping Spring Data JPA repositories in DEFAULT mode.
2025-04-25T10:26:55.987+09:00  INFO 4812 --- [portforu] [main] .RepositoryConfigurationExtensionSupport : Spring Data JPA - Could not safely identify store assignment for repository candidate interface org.pinggu.portforu.domain.jobposting.elastic.repository.JobPostingSearchRepository; If you want this repository to be a JPA repository, consider annotating your entities with one of these annotations: jakarta.persistence.Entity, jakarta.persistence.MappedSuperclass (preferred), or consider extending one of the following types with your repository: org.springframework.data.jpa.repository.JpaRepository
2025-04-25T10:26:55.995+09:00  INFO 4812 --- [portforu] [main] .s.d.r.c.RepositoryConfigurationDelegate : Finished Spring Data repository scanning in 12 ms. Found 10 JPA repository interfaces.
2025-04-25T10:26:56.002+09:00  INFO 4812 --- [portforu] [main] .s.d.r.c.RepositoryConfigurationDelegate : Multiple Spring Data modules found, entering strict repository configuration mode
2025-04-25T10:26:56.003+09:00  INFO 4812 --- [portforu] [main] .s.d.r.c.RepositoryConfigurationDelegate : Bootstrapping Spring Data Redis repositories in DEFAULT mode.
2025-04-25T10:26:56.010+09:00  INFO 4812 --- [portforu] [main] .RepositoryConfigurationExtensionSupport : Spring Data Redis - Could not safely identify store assignment for repository candidate interface org.pinggu.portforu.domain.auth.repository.RefreshTokenRepository; If you want this repository to be a Redis repository, consider annotating your entities with one of these annotations: org.springframework.data.redis.core.RedisHash (preferred), or consider extending one of the following types with your repository: org.springframework.data.keyvalue.repository.KeyValueRepository
2025-04-25T10:26:56.010+09:00  INFO 4812 --- [portforu] [main] .RepositoryConfigurationExtensionSupport : Spring Data Redis - Could not safely identify store assignment for repository candidate interface org.pinggu.portforu.domain.comment.repository.CommentRepository; If you want this repository to be a Redis repository, consider annotating your entities with one of these annotations: org.springframework.data.redis.core.RedisHash (preferred), or consider extending one of the following types with your repository: org.springframework.data.keyvalue.repository.KeyValueRepository
2025-04-25T10:26:56.010+09:00  INFO 4812 --- [portforu] [main] .RepositoryConfigurationExtensionSupport : Spring Data Redis - Could not safely identify store assignment for repository candidate interface org.pinggu.portforu.domain.jobposting.elastic.repository.JobPostingSearchRepository; If you want this repository to be a Redis repository, consider annotating your entities with one of these annotations: org.springframework.data.redis.core.RedisHash (preferred), or consider extending one of the following types with your repository: org.springframework.data.keyvalue.repository.KeyValueRepository
2025-04-25T10:26:56.011+09:00  INFO 4812 --- [portforu] [main] .RepositoryConfigurationExtensionSupport : Spring Data Redis - Could not safely identify store assignment for repository candidate interface org.pinggu.portforu.domain.jobposting.repository.JobPostingRepository; If you want this repository to be a Redis repository, consider annotating your entities with one of these annotations: org.springframework.data.redis.core.RedisHash (preferred), or consider extending one of the following types with your repository: org.springframework.data.keyvalue.repository.KeyValueRepository
2025-04-25T10:26:56.011+09:00  INFO 4812 --- [portforu] [main] .RepositoryConfigurationExtensionSupport : Spring Data Redis - Could not safely identify store assignment for repository candidate interface org.pinggu.portforu.domain.member.repository.MemberRepository; If you want this repository to be a Redis repository, consider annotating your entities with one of these annotations: org.springframework.data.redis.core.RedisHash (preferred), or consider extending one of the following types with your repository: org.springframework.data.keyvalue.repository.KeyValueRepository
2025-04-25T10:26:56.011+09:00  INFO 4812 --- [portforu] [main] .RepositoryConfigurationExtensionSupport : Spring Data Redis - Could not safely identify store assignment for repository candidate interface org.pinggu.portforu.domain.membership.repository.MembershipRepository; If you want this repository to be a Redis repository, consider annotating your entities with one of these annotations: org.springframework.data.redis.core.RedisHash (preferred), or consider extending one of the following types with your repository: org.springframework.data.keyvalue.repository.KeyValueRepository
2025-04-25T10:26:56.011+09:00  INFO 4812 --- [portforu] [main] .RepositoryConfigurationExtensionSupport : Spring Data Redis - Could not safely identify store assignment for repository candidate interface org.pinggu.portforu.domain.payment.repository.PaymentRepository; If you want this repository to be a Redis repository, consider annotating your entities with one of these annotations: org.springframework.data.redis.core.RedisHash (preferred), or consider extending one of the following types with your repository: org.springframework.data.keyvalue.repository.KeyValueRepository
2025-04-25T10:26:56.011+09:00  INFO 4812 --- [portforu] [main] .RepositoryConfigurationExtensionSupport : Spring Data Redis - Could not safely identify store assignment for repository candidate interface org.pinggu.portforu.domain.portfolio.repository.PortfolioRepository; If you want this repository to be a Redis repository, consider annotating your entities with one of these annotations: org.springframework.data.redis.core.RedisHash (preferred), or consider extending one of the following types with your repository: org.springframework.data.keyvalue.repository.KeyValueRepository
2025-04-25T10:26:56.011+09:00  INFO 4812 --- [portforu] [main] .RepositoryConfigurationExtensionSupport : Spring Data Redis - Could not safely identify store assignment for repository candidate interface org.pinggu.portforu.domain.portfolio.repository.UploadedFileRepository; If you want this repository to be a Redis repository, consider annotating your entities with one of these annotations: org.springframework.data.redis.core.RedisHash (preferred), or consider extending one of the following types with your repository: org.springframework.data.keyvalue.repository.KeyValueRepository
2025-04-25T10:26:56.011+09:00  INFO 4812 --- [portforu] [main] .RepositoryConfigurationExtensionSupport : Spring Data Redis - Could not safely identify store assignment for repository candidate interface org.pinggu.portforu.domain.scrap.repository.ScrapRepository; If you want this repository to be a Redis repository, consider annotating your entities with one of these annotations: org.springframework.data.redis.core.RedisHash (preferred), or consider extending one of the following types with your repository: org.springframework.data.keyvalue.repository.KeyValueRepository
2025-04-25T10:26:56.011+09:00  INFO 4812 --- [portforu] [main] .RepositoryConfigurationExtensionSupport : Spring Data Redis - Could not safely identify store assignment for repository candidate interface org.pinggu.portforu.domain.subscribe.repository.SubscribeRepository; If you want this repository to be a Redis repository, consider annotating your entities with one of these annotations: org.springframework.data.redis.core.RedisHash (preferred), or consider extending one of the following types with your repository: org.springframework.data.keyvalue.repository.KeyValueRepository
2025-04-25T10:26:56.011+09:00  INFO 4812 --- [portforu] [main] .s.d.r.c.RepositoryConfigurationDelegate : Finished Spring Data repository scanning in 4 ms. Found 0 Redis repository interfaces.
2025-04-25T10:26:56.382+09:00  INFO 4812 --- [portforu] [main] o.s.b.w.embedded.tomcat.TomcatWebServer  : Tomcat initialized with port 8080 (http)
2025-04-25T10:26:56.389+09:00  INFO 4812 --- [portforu] [main] o.apache.catalina.core.StandardService   : Starting service [Tomcat]
2025-04-25T10:26:56.389+09:00  INFO 4812 --- [portforu] [main] o.apache.catalina.core.StandardEngine    : Starting Servlet engine: [Apache Tomcat/10.1.39]
2025-04-25T10:26:56.410+09:00  INFO 4812 --- [portforu] [main] o.a.c.c.C.[Tomcat].[localhost].[/]       : Initializing Spring embedded WebApplicationContext
2025-04-25T10:26:56.410+09:00  INFO 4812 --- [portforu] [main] w.s.c.ServletWebServerApplicationContext : Root WebApplicationContext: initialization completed in 938 ms
2025-04-25T10:26:56.495+09:00  INFO 4812 --- [portforu] [main] o.hibernate.jpa.internal.util.LogHelper  : HHH000204: Processing PersistenceUnitInfo [name: default]
2025-04-25T10:26:56.527+09:00  INFO 4812 --- [portforu] [main] org.hibernate.Version                    : HHH000412: Hibernate ORM core version 6.6.11.Final
2025-04-25T10:26:56.545+09:00  INFO 4812 --- [portforu] [main] o.h.c.internal.RegionFactoryInitiator    : HHH000026: Second-level cache disabled
2025-04-25T10:26:56.699+09:00  INFO 4812 --- [portforu] [main] o.s.o.j.p.SpringPersistenceUnitInfo      : No LoadTimeWeaver setup: ignoring JPA class transformer
2025-04-25T10:26:56.714+09:00  INFO 4812 --- [portforu] [main] com.zaxxer.hikari.HikariDataSource       : HikariPool-1 - Starting...
2025-04-25T10:26:56.858+09:00  INFO 4812 --- [portforu] [main] com.zaxxer.hikari.pool.HikariPool        : HikariPool-1 - Added connection com.mysql.cj.jdbc.ConnectionImpl@6c8d638a
2025-04-25T10:26:56.859+09:00  INFO 4812 --- [portforu] [main] com.zaxxer.hikari.HikariDataSource       : HikariPool-1 - Start completed.
2025-04-25T10:26:56.910+09:00  INFO 4812 --- [portforu] [main] org.hibernate.orm.connections.pooling    : HHH10001005: Database info:
	Database JDBC URL [Connecting through datasource 'HikariDataSource (HikariPool-1)']
	Database driver: undefined/unknown
	Database version: 9.2
	Autocommit mode: undefined/unknown
	Isolation level: undefined/unknown
	Minimum pool size: undefined/unknown
	Maximum pool size: undefined/unknown
2025-04-25T10:26:57.389+09:00  INFO 4812 --- [portforu] [main] o.h.e.t.j.p.i.JtaPlatformInitiator       : HHH000489: No JTA platform available (set 'hibernate.transaction.jta.platform' to enable JTA platform integration)
2025-04-25T10:26:57.411+09:00 DEBUG 4812 --- [portforu] [main] org.hibernate.SQL                        : 
    create table comments (
        id bigint not null auto_increment,
        created_at datetime(6),
        is_deleted bit not null,
        updated_at datetime(6),
        content varchar(255) not null,
        member_id bigint not null,
        portfolio_id bigint not null,
        primary key (id)
    ) engine=InnoDB
2025-04-25T10:26:57.420+09:00 DEBUG 4812 --- [portforu] [main] org.hibernate.SQL                        : 
    create table job_postings (
        id bigint not null auto_increment,
        created_at datetime(6),
        is_deleted bit not null,
        updated_at datetime(6),
        company varchar(255) not null,
        duty varchar(255) not null,
        education_level varchar(255) not null,
        employment_type varchar(255) not null,
        experience_years varchar(255) not null,
        hiring_end_at datetime(6),
        hiring_start_at datetime(6),
        key_abilities varchar(255) not null,
        link varchar(255) not null,
        location varchar(255) not null,
        max_experience_years integer,
        min_experience_years integer,
        salary varchar(255) not null,
        skills varchar(255),
        title varchar(255) not null,
        primary key (id)
    ) engine=InnoDB
2025-04-25T10:26:57.431+09:00 DEBUG 4812 --- [portforu] [main] org.hibernate.SQL                        : 
    create table members (
        id bigint not null auto_increment,
        created_at datetime(6),
        is_deleted bit not null,
        updated_at datetime(6),
        address varchar(255) not null,
        email varchar(100) not null,
        name varchar(50) not null,
        password varchar(60) not null,
        phone_number varchar(30) not null,
        provider varchar(255),
        user_role enum ('ROLE_ADMIN','ROLE_USER') not null,
        view_count integer not null,
        primary key (id)
    ) engine=InnoDB
2025-04-25T10:26:57.437+09:00 DEBUG 4812 --- [portforu] [main] org.hibernate.SQL                        : 
    create table memberships (
        id bigint not null auto_increment,
        created_at datetime(6),
        is_deleted bit not null,
        updated_at datetime(6),
        name varchar(50) not null,
        price integer not null,
        quantity integer not null,
        year integer not null,
        primary key (id)
    ) engine=InnoDB
2025-04-25T10:26:57.440+09:00 DEBUG 4812 --- [portforu] [main] org.hibernate.SQL                        : 
    create table payments (
        id bigint not null auto_increment,
        created_at datetime(6),
        is_deleted bit not null,
        updated_at datetime(6),
        payment_key varchar(255),
        payment_method enum ('ACCOUNT_TRANSFER','BOOK_GIFT','CARD','CULTURE_GIFT','GAME_GIFT','MOBILE_PHONE','TOSS_PAY','UNKNOWN','VIRTUAL_ACCOUNT'),
        status enum ('CANCELED','COMPLETED','EXPIRED','FAILED','PENDING'),
        subscribe_id bigint not null,
        primary key (id)
    ) engine=InnoDB
2025-04-25T10:26:57.444+09:00 DEBUG 4812 --- [portforu] [main] org.hibernate.SQL                        : 
    create table portfolios (
        id bigint not null auto_increment,
        created_at datetime(6),
        is_deleted bit not null,
        updated_at datetime(6),
        description TEXT not null,
        file_url varchar(500),
        title varchar(50) not null,
        views integer not null,
        member_id bigint not null,
        primary key (id)
    ) engine=InnoDB
2025-04-25T10:26:57.447+09:00 DEBUG 4812 --- [portforu] [main] org.hibernate.SQL                        : 
    create table refresh_token (
        member_id bigint not null,
        token varchar(512) not null,
        primary key (member_id)
    ) engine=InnoDB
2025-04-25T10:26:57.449+09:00 DEBUG 4812 --- [portforu] [main] org.hibernate.SQL                        : 
    create table scraps (
        id bigint not null auto_increment,
        created_at datetime(6),
        is_deleted bit not null,
        updated_at datetime(6),
        job_posting_id bigint not null,
        member_id bigint not null,
        primary key (id)
    ) engine=InnoDB
2025-04-25T10:26:57.453+09:00 DEBUG 4812 --- [portforu] [main] org.hibernate.SQL                        : 
    create table subscribes (
        id bigint not null auto_increment,
        created_at datetime(6),
        is_deleted bit not null,
        updated_at datetime(6),
        end_date datetime(6) not null,
        start_date datetime(6) not null,
        status enum ('ACTIVE','CANCELED','EXPIRED','FAILED','PENDING') not null,
        member_id bigint not null,
        membership_id bigint not null,
        primary key (id)
    ) engine=InnoDB
2025-04-25T10:26:57.456+09:00 DEBUG 4812 --- [portforu] [main] org.hibernate.SQL                        : 
    create table uploaded_file (
        id bigint not null auto_increment,
        created_at datetime(6),
        file_url varchar(255),
        used bit not null,
        primary key (id)
    ) engine=InnoDB
2025-04-25T10:26:57.459+09:00 DEBUG 4812 --- [portforu] [main] org.hibernate.SQL                        : 
    alter table job_postings 
       drop index UKrctqiu9lyyeym768nw1b25ic7
2025-04-25T10:26:57.466+09:00 DEBUG 4812 --- [portforu] [main] org.hibernate.SQL                        : 
    alter table job_postings 
       add constraint UKrctqiu9lyyeym768nw1b25ic7 unique (link)
2025-04-25T10:26:57.472+09:00 DEBUG 4812 --- [portforu] [main] org.hibernate.SQL                        : 
    alter table members 
       drop index UK9d30a9u1qpg8eou0otgkwrp5d
2025-04-25T10:26:57.473+09:00 DEBUG 4812 --- [portforu] [main] org.hibernate.SQL                        : 
    alter table members 
       add constraint UK9d30a9u1qpg8eou0otgkwrp5d unique (email)
2025-04-25T10:26:57.476+09:00 DEBUG 4812 --- [portforu] [main] org.hibernate.SQL                        : 
    alter table payments 
       drop index UKt2i4hg2yv378mnognr5r20ukw
2025-04-25T10:26:57.477+09:00 DEBUG 4812 --- [portforu] [main] org.hibernate.SQL                        : 
    alter table payments 
       add constraint UKt2i4hg2yv378mnognr5r20ukw unique (subscribe_id)
2025-04-25T10:26:57.480+09:00 DEBUG 4812 --- [portforu] [main] org.hibernate.SQL                        : 
    alter table comments 
       add constraint FKkv22t54g17a6hvj7hbn6byh5s 
       foreign key (member_id) 
       references members (id)
2025-04-25T10:26:57.488+09:00 DEBUG 4812 --- [portforu] [main] org.hibernate.SQL                        : 
    alter table comments 
       add constraint FK5cwxj0hna6dqmgdwwh8jsncln 
       foreign key (portfolio_id) 
       references portfolios (id)
2025-04-25T10:26:57.496+09:00 DEBUG 4812 --- [portforu] [main] org.hibernate.SQL                        : 
    alter table payments 
       add constraint FKb1214sjecn8nd2f1b0shp3lpo 
       foreign key (subscribe_id) 
       references subscribes (id)
2025-04-25T10:26:57.504+09:00 DEBUG 4812 --- [portforu] [main] org.hibernate.SQL                        : 
    alter table portfolios 
       add constraint FKonyc71oyvfe6f7u5ut93hwfbf 
       foreign key (member_id) 
       references members (id)
2025-04-25T10:26:57.513+09:00 DEBUG 4812 --- [portforu] [main] org.hibernate.SQL                        : 
    alter table scraps 
       add constraint FKmqtt9v6pl7qy7jglcin8bcmkm 
       foreign key (job_posting_id) 
       references job_postings (id)
2025-04-25T10:26:57.518+09:00 DEBUG 4812 --- [portforu] [main] org.hibernate.SQL                        : 
    alter table scraps 
       add constraint FKhe5gvk4bvdo4b68mtxueq0wot 
       foreign key (member_id) 
       references members (id)
2025-04-25T10:26:57.525+09:00 DEBUG 4812 --- [portforu] [main] org.hibernate.SQL                        : 
    alter table subscribes 
       add constraint FK1ll7f1tjs7lt3xiqfcbrfmdum 
       foreign key (member_id) 
       references members (id)
2025-04-25T10:26:57.532+09:00 DEBUG 4812 --- [portforu] [main] org.hibernate.SQL                        : 
    alter table subscribes 
       add constraint FKhnsopwrnsd8c21915rj71d2jx 
       foreign key (membership_id) 
       references memberships (id)
2025-04-25T10:26:57.542+09:00  INFO 4812 --- [portforu] [main] j.LocalContainerEntityManagerFactoryBean : Initialized JPA EntityManagerFactory for persistence unit 'default'
2025-04-25T10:26:57.760+09:00  INFO 4812 --- [portforu] [main] o.s.d.j.r.query.QueryEnhancerFactory     : Hibernate is in classpath; If applicable, HQL parser will be used.
2025-04-25T10:26:58.307+09:00  WARN 4812 --- [portforu] [main] ConfigServletWebServerApplicationContext : Exception encountered during context initialization - cancelling refresh attempt: org.springframework.beans.factory.UnsatisfiedDependencyException: Error creating bean with name 'jobPostingSearchServiceImpl' defined in file [/Users/t2023-m0111/IdeaProjects/portforu/build/classes/java/main/org/pinggu/portforu/domain/jobposting/elastic/service/JobPostingSearchServiceImpl.class]: Unsatisfied dependency expressed through constructor parameter 0: Error creating bean with name 'jobPostingSearchRepository' defined in org.pinggu.portforu.domain.jobposting.elastic.repository.JobPostingSearchRepository defined in @EnableElasticsearchRepositories declared on ElasticsearchRepositoriesRegistrar.EnableElasticsearchRepositoriesConfiguration: Failed to instantiate [org.springframework.data.elasticsearch.repository.support.SimpleElasticsearchRepository]: Constructor threw exception
2025-04-25T10:26:58.308+09:00  INFO 4812 --- [portforu] [main] j.LocalContainerEntityManagerFactoryBean : Closing JPA EntityManagerFactory for persistence unit 'default'
2025-04-25T10:26:58.309+09:00  INFO 4812 --- [portforu] [main] com.zaxxer.hikari.HikariDataSource       : HikariPool-1 - Shutdown initiated...
2025-04-25T10:26:58.312+09:00  INFO 4812 --- [portforu] [main] com.zaxxer.hikari.HikariDataSource       : HikariPool-1 - Shutdown completed.
2025-04-25T10:26:58.313+09:00  INFO 4812 --- [portforu] [main] o.apache.catalina.core.StandardService   : Stopping service [Tomcat]
2025-04-25T10:26:58.320+09:00  INFO 4812 --- [portforu] [main] .s.b.a.l.ConditionEvaluationReportLogger : 

Error starting ApplicationContext. To display the condition evaluation report re-run your application with 'debug' enabled.
2025-04-25T10:26:58.327+09:00 ERROR 4812 --- [portforu] [main] o.s.boot.SpringApplication               : Application run failed

org.springframework.beans.factory.UnsatisfiedDependencyException: Error creating bean with name 'jobPostingSearchServiceImpl' defined in file [/Users/t2023-m0111/IdeaProjects/portforu/build/classes/java/main/org/pinggu/portforu/domain/jobposting/elastic/service/JobPostingSearchServiceImpl.class]: Unsatisfied dependency expressed through constructor parameter 0: Error creating bean with name 'jobPostingSearchRepository' defined in org.pinggu.portforu.domain.jobposting.elastic.repository.JobPostingSearchRepository defined in @EnableElasticsearchRepositories declared on ElasticsearchRepositoriesRegistrar.EnableElasticsearchRepositoriesConfiguration: Failed to instantiate [org.springframework.data.elasticsearch.repository.support.SimpleElasticsearchRepository]: Constructor threw exception
	at org.springframework.beans.factory.support.ConstructorResolver.createArgumentArray(ConstructorResolver.java:804) ~[spring-beans-6.2.5.jar:6.2.5]
	at org.springframework.beans.factory.support.ConstructorResolver.autowireConstructor(ConstructorResolver.java:240) ~[spring-beans-6.2.5.jar:6.2.5]
	at org.springframework.beans.factory.support.AbstractAutowireCapableBeanFactory.autowireConstructor(AbstractAutowireCapableBeanFactory.java:1381) ~[spring-beans-6.2.5.jar:6.2.5]
	at org.springframework.beans.factory.support.AbstractAutowireCapableBeanFactory.createBeanInstance(AbstractAutowireCapableBeanFactory.java:1218) ~[spring-beans-6.2.5.jar:6.2.5]
	at org.springframework.beans.factory.support.AbstractAutowireCapableBeanFactory.doCreateBean(AbstractAutowireCapableBeanFactory.java:563) ~[spring-beans-6.2.5.jar:6.2.5]
	at org.springframework.beans.factory.support.AbstractAutowireCapableBeanFactory.createBean(AbstractAutowireCapableBeanFactory.java:523) ~[spring-beans-6.2.5.jar:6.2.5]
	at org.springframework.beans.factory.support.AbstractBeanFactory.lambda$doGetBean$0(AbstractBeanFactory.java:339) ~[spring-beans-6.2.5.jar:6.2.5]
	at org.springframework.beans.factory.support.DefaultSingletonBeanRegistry.getSingleton(DefaultSingletonBeanRegistry.java:347) ~[spring-beans-6.2.5.jar:6.2.5]
	at org.springframework.beans.factory.support.AbstractBeanFactory.doGetBean(AbstractBeanFactory.java:337) ~[spring-beans-6.2.5.jar:6.2.5]
	at org.springframework.beans.factory.support.AbstractBeanFactory.getBean(AbstractBeanFactory.java:202) ~[spring-beans-6.2.5.jar:6.2.5]
	at org.springframework.beans.factory.support.DefaultListableBeanFactory.instantiateSingleton(DefaultListableBeanFactory.java:1155) ~[spring-beans-6.2.5.jar:6.2.5]
	at org.springframework.beans.factory.support.DefaultListableBeanFactory.preInstantiateSingleton(DefaultListableBeanFactory.java:1121) ~[spring-beans-6.2.5.jar:6.2.5]
	at org.springframework.beans.factory.support.DefaultListableBeanFactory.preInstantiateSingletons(DefaultListableBeanFactory.java:1056) ~[spring-beans-6.2.5.jar:6.2.5]
	at org.springframework.context.support.AbstractApplicationContext.finishBeanFactoryInitialization(AbstractApplicationContext.java:987) ~[spring-context-6.2.5.jar:6.2.5]
	at org.springframework.context.support.AbstractApplicationContext.refresh(AbstractApplicationContext.java:627) ~[spring-context-6.2.5.jar:6.2.5]
	at org.springframework.boot.web.servlet.context.ServletWebServerApplicationContext.refresh(ServletWebServerApplicationContext.java:146) ~[spring-boot-3.4.4.jar:3.4.4]
	at org.springframework.boot.SpringApplication.refresh(SpringApplication.java:752) ~[spring-boot-3.4.4.jar:3.4.4]
	at org.springframework.boot.SpringApplication.refreshContext(SpringApplication.java:439) ~[spring-boot-3.4.4.jar:3.4.4]
	at org.springframework.boot.SpringApplication.run(SpringApplication.java:318) ~[spring-boot-3.4.4.jar:3.4.4]
	at org.springframework.boot.SpringApplication.run(SpringApplication.java:1361) ~[spring-boot-3.4.4.jar:3.4.4]
	at org.springframework.boot.SpringApplication.run(SpringApplication.java:1350) ~[spring-boot-3.4.4.jar:3.4.4]
	at org.pinggu.portforu.PortforuApplication.main(PortforuApplication.java:12) ~[main/:na]
Caused by: org.springframework.beans.factory.BeanCreationException: Error creating bean with name 'jobPostingSearchRepository' defined in org.pinggu.portforu.domain.jobposting.elastic.repository.JobPostingSearchRepository defined in @EnableElasticsearchRepositories declared on ElasticsearchRepositoriesRegistrar.EnableElasticsearchRepositoriesConfiguration: Failed to instantiate [org.springframework.data.elasticsearch.repository.support.SimpleElasticsearchRepository]: Constructor threw exception
	at org.springframework.beans.factory.support.AbstractAutowireCapableBeanFactory.initializeBean(AbstractAutowireCapableBeanFactory.java:1812) ~[spring-beans-6.2.5.jar:6.2.5]
	at org.springframework.beans.factory.support.AbstractAutowireCapableBeanFactory.doCreateBean(AbstractAutowireCapableBeanFactory.java:601) ~[spring-beans-6.2.5.jar:6.2.5]
	at org.springframework.beans.factory.support.AbstractAutowireCapableBeanFactory.createBean(AbstractAutowireCapableBeanFactory.java:523) ~[spring-beans-6.2.5.jar:6.2.5]
	at org.springframework.beans.factory.support.AbstractBeanFactory.lambda$doGetBean$0(AbstractBeanFactory.java:339) ~[spring-beans-6.2.5.jar:6.2.5]
	at org.springframework.beans.factory.support.DefaultSingletonBeanRegistry.getSingleton(DefaultSingletonBeanRegistry.java:347) ~[spring-beans-6.2.5.jar:6.2.5]
	at org.springframework.beans.factory.support.AbstractBeanFactory.doGetBean(AbstractBeanFactory.java:337) ~[spring-beans-6.2.5.jar:6.2.5]
	at org.springframework.beans.factory.support.AbstractBeanFactory.getBean(AbstractBeanFactory.java:202) ~[spring-beans-6.2.5.jar:6.2.5]
	at org.springframework.beans.factory.config.DependencyDescriptor.resolveCandidate(DependencyDescriptor.java:254) ~[spring-beans-6.2.5.jar:6.2.5]
	at org.springframework.beans.factory.support.DefaultListableBeanFactory.doResolveDependency(DefaultListableBeanFactory.java:1667) ~[spring-beans-6.2.5.jar:6.2.5]
	at org.springframework.beans.factory.support.DefaultListableBeanFactory.resolveDependency(DefaultListableBeanFactory.java:1555) ~[spring-beans-6.2.5.jar:6.2.5]
	at org.springframework.beans.factory.support.ConstructorResolver.resolveAutowiredArgument(ConstructorResolver.java:913) ~[spring-beans-6.2.5.jar:6.2.5]
	at org.springframework.beans.factory.support.ConstructorResolver.createArgumentArray(ConstructorResolver.java:791) ~[spring-beans-6.2.5.jar:6.2.5]
	... 21 common frames omitted
Caused by: org.springframework.beans.BeanInstantiationException: Failed to instantiate [org.springframework.data.elasticsearch.repository.support.SimpleElasticsearchRepository]: Constructor threw exception
	at org.springframework.beans.BeanUtils.instantiateClass(BeanUtils.java:222) ~[spring-beans-6.2.5.jar:6.2.5]
	at org.springframework.data.repository.core.support.RepositoryFactorySupport.lambda$instantiateClass$5(RepositoryFactorySupport.java:657) ~[spring-data-commons-3.4.4.jar:3.4.4]
	at java.base/java.util.Optional.map(Optional.java:260) ~[na:na]
	at org.springframework.data.repository.core.support.RepositoryFactorySupport.instantiateClass(RepositoryFactorySupport.java:657) ~[spring-data-commons-3.4.4.jar:3.4.4]
	at org.springframework.data.repository.core.support.RepositoryFactorySupport.getTargetRepositoryViaReflection(RepositoryFactorySupport.java:622) ~[spring-data-commons-3.4.4.jar:3.4.4]
	at org.springframework.data.elasticsearch.repository.support.ElasticsearchRepositoryFactory.getTargetRepository(ElasticsearchRepositoryFactory.java:80) ~[spring-data-elasticsearch-5.4.4.jar:5.4.4]
	at org.springframework.data.repository.core.support.RepositoryFactorySupport.getRepository(RepositoryFactorySupport.java:377) ~[spring-data-commons-3.4.4.jar:3.4.4]
	at org.springframework.data.repository.core.support.RepositoryFactoryBeanSupport.lambda$afterPropertiesSet$4(RepositoryFactoryBeanSupport.java:350) ~[spring-data-commons-3.4.4.jar:3.4.4]
	at org.springframework.data.util.Lazy.getNullable(Lazy.java:135) ~[spring-data-commons-3.4.4.jar:3.4.4]
	at org.springframework.data.util.Lazy.get(Lazy.java:113) ~[spring-data-commons-3.4.4.jar:3.4.4]
	at org.springframework.data.repository.core.support.RepositoryFactoryBeanSupport.afterPropertiesSet(RepositoryFactoryBeanSupport.java:356) ~[spring-data-commons-3.4.4.jar:3.4.4]
	at org.springframework.data.elasticsearch.repository.support.ElasticsearchRepositoryFactoryBean.afterPropertiesSet(ElasticsearchRepositoryFactoryBean.java:69) ~[spring-data-elasticsearch-5.4.4.jar:5.4.4]
	at org.springframework.beans.factory.support.AbstractAutowireCapableBeanFactory.invokeInitMethods(AbstractAutowireCapableBeanFactory.java:1859) ~[spring-beans-6.2.5.jar:6.2.5]
	at org.springframework.beans.factory.support.AbstractAutowireCapableBeanFactory.initializeBean(AbstractAutowireCapableBeanFactory.java:1808) ~[spring-beans-6.2.5.jar:6.2.5]
	... 32 common frames omitted
Caused by: org.springframework.dao.DataAccessResourceFailureException: Connection refused
	at org.springframework.data.elasticsearch.client.elc.ElasticsearchExceptionTranslator.translateExceptionIfPossible(ElasticsearchExceptionTranslator.java:111) ~[spring-data-elasticsearch-5.4.4.jar:5.4.4]
	at org.springframework.data.elasticsearch.client.elc.ElasticsearchExceptionTranslator.translateException(ElasticsearchExceptionTranslator.java:65) ~[spring-data-elasticsearch-5.4.4.jar:5.4.4]
	at org.springframework.data.elasticsearch.client.elc.ChildTemplate.execute(ChildTemplate.java:73) ~[spring-data-elasticsearch-5.4.4.jar:5.4.4]
	at org.springframework.data.elasticsearch.client.elc.IndicesTemplate.doExists(IndicesTemplate.java:179) ~[spring-data-elasticsearch-5.4.4.jar:5.4.4]
	at org.springframework.data.elasticsearch.client.elc.IndicesTemplate.exists(IndicesTemplate.java:171) ~[spring-data-elasticsearch-5.4.4.jar:5.4.4]
	at org.springframework.data.elasticsearch.repository.support.SimpleElasticsearchRepository.createIndexAndMappingIfNeeded(SimpleElasticsearchRepository.java:93) ~[spring-data-elasticsearch-5.4.4.jar:5.4.4]
	at org.springframework.data.elasticsearch.repository.support.SimpleElasticsearchRepository.<init>(SimpleElasticsearchRepository.java:87) ~[spring-data-elasticsearch-5.4.4.jar:5.4.4]
	at java.base/jdk.internal.reflect.NativeConstructorAccessorImpl.newInstance0(Native Method) ~[na:na]
	at java.base/jdk.internal.reflect.NativeConstructorAccessorImpl.newInstance(NativeConstructorAccessorImpl.java:77) ~[na:na]
	at java.base/jdk.internal.reflect.DelegatingConstructorAccessorImpl.newInstance(DelegatingConstructorAccessorImpl.java:45) ~[na:na]
	at java.base/java.lang.reflect.Constructor.newInstanceWithCaller(Constructor.java:500) ~[na:na]
	at java.base/java.lang.reflect.Constructor.newInstance(Constructor.java:481) ~[na:na]
	at org.springframework.beans.BeanUtils.instantiateClass(BeanUtils.java:209) ~[spring-beans-6.2.5.jar:6.2.5]
	... 45 common frames omitted
Caused by: java.lang.RuntimeException: Connection refused
	at org.springframework.data.elasticsearch.client.elc.ElasticsearchExceptionTranslator.translateException(ElasticsearchExceptionTranslator.java:64) ~[spring-data-elasticsearch-5.4.4.jar:5.4.4]
	... 56 common frames omitted
Caused by: java.net.ConnectException: Connection refused
	at org.elasticsearch.client.RestClient.extractAndWrapCause(RestClient.java:934) ~[elasticsearch-rest-client-8.15.5.jar:8.15.5]
	at org.elasticsearch.client.RestClient.performRequest(RestClient.java:304) ~[elasticsearch-rest-client-8.15.5.jar:8.15.5]
	at org.elasticsearch.client.RestClient.performRequest(RestClient.java:292) ~[elasticsearch-rest-client-8.15.5.jar:8.15.5]
	at co.elastic.clients.transport.rest_client.RestClientHttpClient.performRequest(RestClientHttpClient.java:91) ~[elasticsearch-java-8.15.5.jar:na]
	at co.elastic.clients.transport.ElasticsearchTransportBase.performRequest(ElasticsearchTransportBase.java:144) ~[elasticsearch-java-8.15.5.jar:na]
	at co.elastic.clients.elasticsearch.indices.ElasticsearchIndicesClient.exists(ElasticsearchIndicesClient.java:682) ~[elasticsearch-java-8.15.5.jar:na]
	at org.springframework.data.elasticsearch.client.elc.IndicesTemplate.lambda$doExists$2(IndicesTemplate.java:179) ~[spring-data-elasticsearch-5.4.4.jar:5.4.4]
	at org.springframework.data.elasticsearch.client.elc.ChildTemplate.execute(ChildTemplate.java:71) ~[spring-data-elasticsearch-5.4.4.jar:5.4.4]
	... 55 common frames omitted
Caused by: java.net.ConnectException: Connection refused
	at java.base/sun.nio.ch.Net.pollConnect(Native Method) ~[na:na]
	at java.base/sun.nio.ch.Net.pollConnectNow(Net.java:672) ~[na:na]
	at java.base/sun.nio.ch.SocketChannelImpl.finishConnect(SocketChannelImpl.java:946) ~[na:na]
	at org.apache.http.impl.nio.reactor.DefaultConnectingIOReactor.processEvent(DefaultConnectingIOReactor.java:174) ~[httpcore-nio-4.4.16.jar:4.4.16]
	at org.apache.http.impl.nio.reactor.DefaultConnectingIOReactor.processEvents(DefaultConnectingIOReactor.java:148) ~[httpcore-nio-4.4.16.jar:4.4.16]
	at org.apache.http.impl.nio.reactor.AbstractMultiworkerIOReactor.execute(AbstractMultiworkerIOReactor.java:351) ~[httpcore-nio-4.4.16.jar:4.4.16]
	at org.apache.http.impl.nio.conn.PoolingNHttpClientConnectionManager.execute(PoolingNHttpClientConnectionManager.java:221) ~[httpasyncclient-4.1.5.jar:4.1.5]
	at org.apache.http.impl.nio.client.CloseableHttpAsyncClientBase$1.run(CloseableHttpAsyncClientBase.java:64) ~[httpasyncclient-4.1.5.jar:4.1.5]
	at java.base/java.lang.Thread.run(Thread.java:840) ~[na:na]

2025-04-25T10:39:13.621+09:00  INFO 5343 --- [portforu] [main] o.pinggu.portforu.PortforuApplication    : Starting PortforuApplication using Java 17.0.13 with PID 5343 (/Users/t2023-m0111/IdeaProjects/portforu/build/classes/java/main started by t2023-m0111 in /Users/t2023-m0111/IdeaProjects/portforu)
2025-04-25T10:39:13.624+09:00  INFO 5343 --- [portforu] [main] o.pinggu.portforu.PortforuApplication    : The following 1 profile is active: "local"
2025-04-25T10:39:14.058+09:00  INFO 5343 --- [portforu] [main] .s.d.r.c.RepositoryConfigurationDelegate : Multiple Spring Data modules found, entering strict repository configuration mode
2025-04-25T10:39:14.059+09:00  INFO 5343 --- [portforu] [main] .s.d.r.c.RepositoryConfigurationDelegate : Bootstrapping Spring Data Elasticsearch repositories in DEFAULT mode.
2025-04-25T10:39:14.079+09:00  INFO 5343 --- [portforu] [main] .RepositoryConfigurationExtensionSupport : Spring Data Elasticsearch - Could not safely identify store assignment for repository candidate interface org.pinggu.portforu.domain.auth.repository.RefreshTokenRepository; If you want this repository to be a Elasticsearch repository, consider annotating your entities with one of these annotations: org.springframework.data.elasticsearch.annotations.Document (preferred), or consider extending one of the following types with your repository: org.springframework.data.elasticsearch.repository.ElasticsearchRepository
2025-04-25T10:39:14.080+09:00  INFO 5343 --- [portforu] [main] .RepositoryConfigurationExtensionSupport : Spring Data Elasticsearch - Could not safely identify store assignment for repository candidate interface org.pinggu.portforu.domain.comment.repository.CommentRepository; If you want this repository to be a Elasticsearch repository, consider annotating your entities with one of these annotations: org.springframework.data.elasticsearch.annotations.Document (preferred), or consider extending one of the following types with your repository: org.springframework.data.elasticsearch.repository.ElasticsearchRepository
2025-04-25T10:39:14.130+09:00  INFO 5343 --- [portforu] [main] .RepositoryConfigurationExtensionSupport : Spring Data Elasticsearch - Could not safely identify store assignment for repository candidate interface org.pinggu.portforu.domain.jobposting.repository.JobPostingRepository; If you want this repository to be a Elasticsearch repository, consider annotating your entities with one of these annotations: org.springframework.data.elasticsearch.annotations.Document (preferred), or consider extending one of the following types with your repository: org.springframework.data.elasticsearch.repository.ElasticsearchRepository
2025-04-25T10:39:14.130+09:00  INFO 5343 --- [portforu] [main] .RepositoryConfigurationExtensionSupport : Spring Data Elasticsearch - Could not safely identify store assignment for repository candidate interface org.pinggu.portforu.domain.member.repository.MemberRepository; If you want this repository to be a Elasticsearch repository, consider annotating your entities with one of these annotations: org.springframework.data.elasticsearch.annotations.Document (preferred), or consider extending one of the following types with your repository: org.springframework.data.elasticsearch.repository.ElasticsearchRepository
2025-04-25T10:39:14.131+09:00  INFO 5343 --- [portforu] [main] .RepositoryConfigurationExtensionSupport : Spring Data Elasticsearch - Could not safely identify store assignment for repository candidate interface org.pinggu.portforu.domain.membership.repository.MembershipRepository; If you want this repository to be a Elasticsearch repository, consider annotating your entities with one of these annotations: org.springframework.data.elasticsearch.annotations.Document (preferred), or consider extending one of the following types with your repository: org.springframework.data.elasticsearch.repository.ElasticsearchRepository
2025-04-25T10:39:14.131+09:00  INFO 5343 --- [portforu] [main] .RepositoryConfigurationExtensionSupport : Spring Data Elasticsearch - Could not safely identify store assignment for repository candidate interface org.pinggu.portforu.domain.payment.repository.PaymentRepository; If you want this repository to be a Elasticsearch repository, consider annotating your entities with one of these annotations: org.springframework.data.elasticsearch.annotations.Document (preferred), or consider extending one of the following types with your repository: org.springframework.data.elasticsearch.repository.ElasticsearchRepository
2025-04-25T10:39:14.132+09:00  INFO 5343 --- [portforu] [main] .RepositoryConfigurationExtensionSupport : Spring Data Elasticsearch - Could not safely identify store assignment for repository candidate interface org.pinggu.portforu.domain.portfolio.repository.PortfolioRepository; If you want this repository to be a Elasticsearch repository, consider annotating your entities with one of these annotations: org.springframework.data.elasticsearch.annotations.Document (preferred), or consider extending one of the following types with your repository: org.springframework.data.elasticsearch.repository.ElasticsearchRepository
2025-04-25T10:39:14.132+09:00  INFO 5343 --- [portforu] [main] .RepositoryConfigurationExtensionSupport : Spring Data Elasticsearch - Could not safely identify store assignment for repository candidate interface org.pinggu.portforu.domain.portfolio.repository.UploadedFileRepository; If you want this repository to be a Elasticsearch repository, consider annotating your entities with one of these annotations: org.springframework.data.elasticsearch.annotations.Document (preferred), or consider extending one of the following types with your repository: org.springframework.data.elasticsearch.repository.ElasticsearchRepository
2025-04-25T10:39:14.133+09:00  INFO 5343 --- [portforu] [main] .RepositoryConfigurationExtensionSupport : Spring Data Elasticsearch - Could not safely identify store assignment for repository candidate interface org.pinggu.portforu.domain.scrap.repository.ScrapRepository; If you want this repository to be a Elasticsearch repository, consider annotating your entities with one of these annotations: org.springframework.data.elasticsearch.annotations.Document (preferred), or consider extending one of the following types with your repository: org.springframework.data.elasticsearch.repository.ElasticsearchRepository
2025-04-25T10:39:14.133+09:00  INFO 5343 --- [portforu] [main] .RepositoryConfigurationExtensionSupport : Spring Data Elasticsearch - Could not safely identify store assignment for repository candidate interface org.pinggu.portforu.domain.subscribe.repository.SubscribeRepository; If you want this repository to be a Elasticsearch repository, consider annotating your entities with one of these annotations: org.springframework.data.elasticsearch.annotations.Document (preferred), or consider extending one of the following types with your repository: org.springframework.data.elasticsearch.repository.ElasticsearchRepository
2025-04-25T10:39:14.143+09:00  INFO 5343 --- [portforu] [main] .s.d.r.c.RepositoryConfigurationDelegate : Finished Spring Data repository scanning in 80 ms. Found 1 Elasticsearch repository interface.
2025-04-25T10:39:14.146+09:00  INFO 5343 --- [portforu] [main] .s.d.r.c.RepositoryConfigurationDelegate : Multiple Spring Data modules found, entering strict repository configuration mode
2025-04-25T10:39:14.146+09:00  INFO 5343 --- [portforu] [main] .s.d.r.c.RepositoryConfigurationDelegate : Bootstrapping Spring Data Reactive Elasticsearch repositories in DEFAULT mode.
2025-04-25T10:39:14.150+09:00  INFO 5343 --- [portforu] [main] .RepositoryConfigurationExtensionSupport : Spring Data Reactive Elasticsearch - Could not safely identify store assignment for repository candidate interface org.pinggu.portforu.domain.auth.repository.RefreshTokenRepository; If you want this repository to be a Reactive Elasticsearch repository, consider annotating your entities with one of these annotations: org.springframework.data.elasticsearch.annotations.Document (preferred), or consider extending one of the following types with your repository: org.springframework.data.elasticsearch.repository.ReactiveElasticsearchRepository
2025-04-25T10:39:14.150+09:00  INFO 5343 --- [portforu] [main] .RepositoryConfigurationExtensionSupport : Spring Data Reactive Elasticsearch - Could not safely identify store assignment for repository candidate interface org.pinggu.portforu.domain.comment.repository.CommentRepository; If you want this repository to be a Reactive Elasticsearch repository, consider annotating your entities with one of these annotations: org.springframework.data.elasticsearch.annotations.Document (preferred), or consider extending one of the following types with your repository: org.springframework.data.elasticsearch.repository.ReactiveElasticsearchRepository
2025-04-25T10:39:14.152+09:00  INFO 5343 --- [portforu] [main] .RepositoryConfigurationExtensionSupport : Spring Data Reactive Elasticsearch - Could not safely identify store assignment for repository candidate interface org.pinggu.portforu.domain.jobposting.repository.JobPostingRepository; If you want this repository to be a Reactive Elasticsearch repository, consider annotating your entities with one of these annotations: org.springframework.data.elasticsearch.annotations.Document (preferred), or consider extending one of the following types with your repository: org.springframework.data.elasticsearch.repository.ReactiveElasticsearchRepository
2025-04-25T10:39:14.152+09:00  INFO 5343 --- [portforu] [main] .RepositoryConfigurationExtensionSupport : Spring Data Reactive Elasticsearch - Could not safely identify store assignment for repository candidate interface org.pinggu.portforu.domain.member.repository.MemberRepository; If you want this repository to be a Reactive Elasticsearch repository, consider annotating your entities with one of these annotations: org.springframework.data.elasticsearch.annotations.Document (preferred), or consider extending one of the following types with your repository: org.springframework.data.elasticsearch.repository.ReactiveElasticsearchRepository
2025-04-25T10:39:14.152+09:00  INFO 5343 --- [portforu] [main] .RepositoryConfigurationExtensionSupport : Spring Data Reactive Elasticsearch - Could not safely identify store assignment for repository candidate interface org.pinggu.portforu.domain.membership.repository.MembershipRepository; If you want this repository to be a Reactive Elasticsearch repository, consider annotating your entities with one of these annotations: org.springframework.data.elasticsearch.annotations.Document (preferred), or consider extending one of the following types with your repository: org.springframework.data.elasticsearch.repository.ReactiveElasticsearchRepository
2025-04-25T10:39:14.152+09:00  INFO 5343 --- [portforu] [main] .RepositoryConfigurationExtensionSupport : Spring Data Reactive Elasticsearch - Could not safely identify store assignment for repository candidate interface org.pinggu.portforu.domain.payment.repository.PaymentRepository; If you want this repository to be a Reactive Elasticsearch repository, consider annotating your entities with one of these annotations: org.springframework.data.elasticsearch.annotations.Document (preferred), or consider extending one of the following types with your repository: org.springframework.data.elasticsearch.repository.ReactiveElasticsearchRepository
2025-04-25T10:39:14.152+09:00  INFO 5343 --- [portforu] [main] .RepositoryConfigurationExtensionSupport : Spring Data Reactive Elasticsearch - Could not safely identify store assignment for repository candidate interface org.pinggu.portforu.domain.portfolio.repository.PortfolioRepository; If you want this repository to be a Reactive Elasticsearch repository, consider annotating your entities with one of these annotations: org.springframework.data.elasticsearch.annotations.Document (preferred), or consider extending one of the following types with your repository: org.springframework.data.elasticsearch.repository.ReactiveElasticsearchRepository
2025-04-25T10:39:14.152+09:00  INFO 5343 --- [portforu] [main] .RepositoryConfigurationExtensionSupport : Spring Data Reactive Elasticsearch - Could not safely identify store assignment for repository candidate interface org.pinggu.portforu.domain.portfolio.repository.UploadedFileRepository; If you want this repository to be a Reactive Elasticsearch repository, consider annotating your entities with one of these annotations: org.springframework.data.elasticsearch.annotations.Document (preferred), or consider extending one of the following types with your repository: org.springframework.data.elasticsearch.repository.ReactiveElasticsearchRepository
2025-04-25T10:39:14.152+09:00  INFO 5343 --- [portforu] [main] .RepositoryConfigurationExtensionSupport : Spring Data Reactive Elasticsearch - Could not safely identify store assignment for repository candidate interface org.pinggu.portforu.domain.scrap.repository.ScrapRepository; If you want this repository to be a Reactive Elasticsearch repository, consider annotating your entities with one of these annotations: org.springframework.data.elasticsearch.annotations.Document (preferred), or consider extending one of the following types with your repository: org.springframework.data.elasticsearch.repository.ReactiveElasticsearchRepository
2025-04-25T10:39:14.152+09:00  INFO 5343 --- [portforu] [main] .RepositoryConfigurationExtensionSupport : Spring Data Reactive Elasticsearch - Could not safely identify store assignment for repository candidate interface org.pinggu.portforu.domain.subscribe.repository.SubscribeRepository; If you want this repository to be a Reactive Elasticsearch repository, consider annotating your entities with one of these annotations: org.springframework.data.elasticsearch.annotations.Document (preferred), or consider extending one of the following types with your repository: org.springframework.data.elasticsearch.repository.ReactiveElasticsearchRepository
2025-04-25T10:39:14.152+09:00  INFO 5343 --- [portforu] [main] .s.d.r.c.RepositoryConfigurationDelegate : Finished Spring Data repository scanning in 5 ms. Found 0 Reactive Elasticsearch repository interfaces.
2025-04-25T10:39:14.158+09:00  INFO 5343 --- [portforu] [main] .s.d.r.c.RepositoryConfigurationDelegate : Multiple Spring Data modules found, entering strict repository configuration mode
2025-04-25T10:39:14.158+09:00  INFO 5343 --- [portforu] [main] .s.d.r.c.RepositoryConfigurationDelegate : Bootstrapping Spring Data JPA repositories in DEFAULT mode.
2025-04-25T10:39:14.165+09:00  INFO 5343 --- [portforu] [main] .RepositoryConfigurationExtensionSupport : Spring Data JPA - Could not safely identify store assignment for repository candidate interface org.pinggu.portforu.domain.jobposting.elastic.repository.JobPostingSearchRepository; If you want this repository to be a JPA repository, consider annotating your entities with one of these annotations: jakarta.persistence.Entity, jakarta.persistence.MappedSuperclass (preferred), or consider extending one of the following types with your repository: org.springframework.data.jpa.repository.JpaRepository
2025-04-25T10:39:14.173+09:00  INFO 5343 --- [portforu] [main] .s.d.r.c.RepositoryConfigurationDelegate : Finished Spring Data repository scanning in 12 ms. Found 10 JPA repository interfaces.
2025-04-25T10:39:14.180+09:00  INFO 5343 --- [portforu] [main] .s.d.r.c.RepositoryConfigurationDelegate : Multiple Spring Data modules found, entering strict repository configuration mode
2025-04-25T10:39:14.181+09:00  INFO 5343 --- [portforu] [main] .s.d.r.c.RepositoryConfigurationDelegate : Bootstrapping Spring Data Redis repositories in DEFAULT mode.
2025-04-25T10:39:14.188+09:00  INFO 5343 --- [portforu] [main] .RepositoryConfigurationExtensionSupport : Spring Data Redis - Could not safely identify store assignment for repository candidate interface org.pinggu.portforu.domain.auth.repository.RefreshTokenRepository; If you want this repository to be a Redis repository, consider annotating your entities with one of these annotations: org.springframework.data.redis.core.RedisHash (preferred), or consider extending one of the following types with your repository: org.springframework.data.keyvalue.repository.KeyValueRepository
2025-04-25T10:39:14.188+09:00  INFO 5343 --- [portforu] [main] .RepositoryConfigurationExtensionSupport : Spring Data Redis - Could not safely identify store assignment for repository candidate interface org.pinggu.portforu.domain.comment.repository.CommentRepository; If you want this repository to be a Redis repository, consider annotating your entities with one of these annotations: org.springframework.data.redis.core.RedisHash (preferred), or consider extending one of the following types with your repository: org.springframework.data.keyvalue.repository.KeyValueRepository
2025-04-25T10:39:14.189+09:00  INFO 5343 --- [portforu] [main] .RepositoryConfigurationExtensionSupport : Spring Data Redis - Could not safely identify store assignment for repository candidate interface org.pinggu.portforu.domain.jobposting.elastic.repository.JobPostingSearchRepository; If you want this repository to be a Redis repository, consider annotating your entities with one of these annotations: org.springframework.data.redis.core.RedisHash (preferred), or consider extending one of the following types with your repository: org.springframework.data.keyvalue.repository.KeyValueRepository
2025-04-25T10:39:14.189+09:00  INFO 5343 --- [portforu] [main] .RepositoryConfigurationExtensionSupport : Spring Data Redis - Could not safely identify store assignment for repository candidate interface org.pinggu.portforu.domain.jobposting.repository.JobPostingRepository; If you want this repository to be a Redis repository, consider annotating your entities with one of these annotations: org.springframework.data.redis.core.RedisHash (preferred), or consider extending one of the following types with your repository: org.springframework.data.keyvalue.repository.KeyValueRepository
2025-04-25T10:39:14.189+09:00  INFO 5343 --- [portforu] [main] .RepositoryConfigurationExtensionSupport : Spring Data Redis - Could not safely identify store assignment for repository candidate interface org.pinggu.portforu.domain.member.repository.MemberRepository; If you want this repository to be a Redis repository, consider annotating your entities with one of these annotations: org.springframework.data.redis.core.RedisHash (preferred), or consider extending one of the following types with your repository: org.springframework.data.keyvalue.repository.KeyValueRepository
2025-04-25T10:39:14.189+09:00  INFO 5343 --- [portforu] [main] .RepositoryConfigurationExtensionSupport : Spring Data Redis - Could not safely identify store assignment for repository candidate interface org.pinggu.portforu.domain.membership.repository.MembershipRepository; If you want this repository to be a Redis repository, consider annotating your entities with one of these annotations: org.springframework.data.redis.core.RedisHash (preferred), or consider extending one of the following types with your repository: org.springframework.data.keyvalue.repository.KeyValueRepository
2025-04-25T10:39:14.189+09:00  INFO 5343 --- [portforu] [main] .RepositoryConfigurationExtensionSupport : Spring Data Redis - Could not safely identify store assignment for repository candidate interface org.pinggu.portforu.domain.payment.repository.PaymentRepository; If you want this repository to be a Redis repository, consider annotating your entities with one of these annotations: org.springframework.data.redis.core.RedisHash (preferred), or consider extending one of the following types with your repository: org.springframework.data.keyvalue.repository.KeyValueRepository
2025-04-25T10:39:14.189+09:00  INFO 5343 --- [portforu] [main] .RepositoryConfigurationExtensionSupport : Spring Data Redis - Could not safely identify store assignment for repository candidate interface org.pinggu.portforu.domain.portfolio.repository.PortfolioRepository; If you want this repository to be a Redis repository, consider annotating your entities with one of these annotations: org.springframework.data.redis.core.RedisHash (preferred), or consider extending one of the following types with your repository: org.springframework.data.keyvalue.repository.KeyValueRepository
2025-04-25T10:39:14.189+09:00  INFO 5343 --- [portforu] [main] .RepositoryConfigurationExtensionSupport : Spring Data Redis - Could not safely identify store assignment for repository candidate interface org.pinggu.portforu.domain.portfolio.repository.UploadedFileRepository; If you want this repository to be a Redis repository, consider annotating your entities with one of these annotations: org.springframework.data.redis.core.RedisHash (preferred), or consider extending one of the following types with your repository: org.springframework.data.keyvalue.repository.KeyValueRepository
2025-04-25T10:39:14.189+09:00  INFO 5343 --- [portforu] [main] .RepositoryConfigurationExtensionSupport : Spring Data Redis - Could not safely identify store assignment for repository candidate interface org.pinggu.portforu.domain.scrap.repository.ScrapRepository; If you want this repository to be a Redis repository, consider annotating your entities with one of these annotations: org.springframework.data.redis.core.RedisHash (preferred), or consider extending one of the following types with your repository: org.springframework.data.keyvalue.repository.KeyValueRepository
2025-04-25T10:39:14.189+09:00  INFO 5343 --- [portforu] [main] .RepositoryConfigurationExtensionSupport : Spring Data Redis - Could not safely identify store assignment for repository candidate interface org.pinggu.portforu.domain.subscribe.repository.SubscribeRepository; If you want this repository to be a Redis repository, consider annotating your entities with one of these annotations: org.springframework.data.redis.core.RedisHash (preferred), or consider extending one of the following types with your repository: org.springframework.data.keyvalue.repository.KeyValueRepository
2025-04-25T10:39:14.189+09:00  INFO 5343 --- [portforu] [main] .s.d.r.c.RepositoryConfigurationDelegate : Finished Spring Data repository scanning in 4 ms. Found 0 Redis repository interfaces.
2025-04-25T10:39:14.585+09:00  INFO 5343 --- [portforu] [main] o.s.b.w.embedded.tomcat.TomcatWebServer  : Tomcat initialized with port 8080 (http)
2025-04-25T10:39:14.592+09:00  INFO 5343 --- [portforu] [main] o.apache.catalina.core.StandardService   : Starting service [Tomcat]
2025-04-25T10:39:14.592+09:00  INFO 5343 --- [portforu] [main] o.apache.catalina.core.StandardEngine    : Starting Servlet engine: [Apache Tomcat/10.1.39]
2025-04-25T10:39:14.615+09:00  INFO 5343 --- [portforu] [main] o.a.c.c.C.[Tomcat].[localhost].[/]       : Initializing Spring embedded WebApplicationContext
2025-04-25T10:39:14.616+09:00  INFO 5343 --- [portforu] [main] w.s.c.ServletWebServerApplicationContext : Root WebApplicationContext: initialization completed in 974 ms
2025-04-25T10:39:14.703+09:00  INFO 5343 --- [portforu] [main] o.hibernate.jpa.internal.util.LogHelper  : HHH000204: Processing PersistenceUnitInfo [name: default]
2025-04-25T10:39:14.731+09:00  INFO 5343 --- [portforu] [main] org.hibernate.Version                    : HHH000412: Hibernate ORM core version 6.6.11.Final
2025-04-25T10:39:14.746+09:00  INFO 5343 --- [portforu] [main] o.h.c.internal.RegionFactoryInitiator    : HHH000026: Second-level cache disabled
2025-04-25T10:39:14.899+09:00  INFO 5343 --- [portforu] [main] o.s.o.j.p.SpringPersistenceUnitInfo      : No LoadTimeWeaver setup: ignoring JPA class transformer
2025-04-25T10:39:14.913+09:00  INFO 5343 --- [portforu] [main] com.zaxxer.hikari.HikariDataSource       : HikariPool-1 - Starting...
2025-04-25T10:39:15.050+09:00  INFO 5343 --- [portforu] [main] com.zaxxer.hikari.pool.HikariPool        : HikariPool-1 - Added connection com.mysql.cj.jdbc.ConnectionImpl@7d43f1c9
2025-04-25T10:39:15.051+09:00  INFO 5343 --- [portforu] [main] com.zaxxer.hikari.HikariDataSource       : HikariPool-1 - Start completed.
2025-04-25T10:39:15.095+09:00  INFO 5343 --- [portforu] [main] org.hibernate.orm.connections.pooling    : HHH10001005: Database info:
	Database JDBC URL [Connecting through datasource 'HikariDataSource (HikariPool-1)']
	Database driver: undefined/unknown
	Database version: 9.2
	Autocommit mode: undefined/unknown
	Isolation level: undefined/unknown
	Minimum pool size: undefined/unknown
	Maximum pool size: undefined/unknown
2025-04-25T10:39:15.586+09:00  INFO 5343 --- [portforu] [main] o.h.e.t.j.p.i.JtaPlatformInitiator       : HHH000489: No JTA platform available (set 'hibernate.transaction.jta.platform' to enable JTA platform integration)
2025-04-25T10:39:15.679+09:00  INFO 5343 --- [portforu] [main] j.LocalContainerEntityManagerFactoryBean : Initialized JPA EntityManagerFactory for persistence unit 'default'
2025-04-25T10:39:15.868+09:00  INFO 5343 --- [portforu] [main] o.s.d.j.r.query.QueryEnhancerFactory     : Hibernate is in classpath; If applicable, HQL parser will be used.
2025-04-25T10:39:16.461+09:00  WARN 5343 --- [portforu] [main] ConfigServletWebServerApplicationContext : Exception encountered during context initialization - cancelling refresh attempt: org.springframework.beans.factory.UnsatisfiedDependencyException: Error creating bean with name 'jobPostingSearchServiceImpl' defined in file [/Users/t2023-m0111/IdeaProjects/portforu/build/classes/java/main/org/pinggu/portforu/domain/jobposting/elastic/service/JobPostingSearchServiceImpl.class]: Unsatisfied dependency expressed through constructor parameter 0: Error creating bean with name 'jobPostingSearchRepository' defined in org.pinggu.portforu.domain.jobposting.elastic.repository.JobPostingSearchRepository defined in @EnableElasticsearchRepositories declared on ElasticsearchRepositoriesRegistrar.EnableElasticsearchRepositoriesConfiguration: Could not create query for public abstract java.util.List org.pinggu.portforu.domain.jobposting.elastic.repository.JobPostingSearchRepository.findByNameContaining(java.lang.String); Reason: No property 'name' found for type 'JobPostingDocument'
2025-04-25T10:39:16.463+09:00  INFO 5343 --- [portforu] [main] j.LocalContainerEntityManagerFactoryBean : Closing JPA EntityManagerFactory for persistence unit 'default'
2025-04-25T10:39:16.464+09:00  INFO 5343 --- [portforu] [main] com.zaxxer.hikari.HikariDataSource       : HikariPool-1 - Shutdown initiated...
2025-04-25T10:39:16.467+09:00  INFO 5343 --- [portforu] [main] com.zaxxer.hikari.HikariDataSource       : HikariPool-1 - Shutdown completed.
2025-04-25T10:39:16.469+09:00  INFO 5343 --- [portforu] [main] o.apache.catalina.core.StandardService   : Stopping service [Tomcat]
2025-04-25T10:39:16.476+09:00  INFO 5343 --- [portforu] [main] .s.b.a.l.ConditionEvaluationReportLogger : 

Error starting ApplicationContext. To display the condition evaluation report re-run your application with 'debug' enabled.
2025-04-25T10:39:16.484+09:00 ERROR 5343 --- [portforu] [main] o.s.boot.SpringApplication               : Application run failed

org.springframework.beans.factory.UnsatisfiedDependencyException: Error creating bean with name 'jobPostingSearchServiceImpl' defined in file [/Users/t2023-m0111/IdeaProjects/portforu/build/classes/java/main/org/pinggu/portforu/domain/jobposting/elastic/service/JobPostingSearchServiceImpl.class]: Unsatisfied dependency expressed through constructor parameter 0: Error creating bean with name 'jobPostingSearchRepository' defined in org.pinggu.portforu.domain.jobposting.elastic.repository.JobPostingSearchRepository defined in @EnableElasticsearchRepositories declared on ElasticsearchRepositoriesRegistrar.EnableElasticsearchRepositoriesConfiguration: Could not create query for public abstract java.util.List org.pinggu.portforu.domain.jobposting.elastic.repository.JobPostingSearchRepository.findByNameContaining(java.lang.String); Reason: No property 'name' found for type 'JobPostingDocument'
	at org.springframework.beans.factory.support.ConstructorResolver.createArgumentArray(ConstructorResolver.java:804) ~[spring-beans-6.2.5.jar:6.2.5]
	at org.springframework.beans.factory.support.ConstructorResolver.autowireConstructor(ConstructorResolver.java:240) ~[spring-beans-6.2.5.jar:6.2.5]
	at org.springframework.beans.factory.support.AbstractAutowireCapableBeanFactory.autowireConstructor(AbstractAutowireCapableBeanFactory.java:1381) ~[spring-beans-6.2.5.jar:6.2.5]
	at org.springframework.beans.factory.support.AbstractAutowireCapableBeanFactory.createBeanInstance(AbstractAutowireCapableBeanFactory.java:1218) ~[spring-beans-6.2.5.jar:6.2.5]
	at org.springframework.beans.factory.support.AbstractAutowireCapableBeanFactory.doCreateBean(AbstractAutowireCapableBeanFactory.java:563) ~[spring-beans-6.2.5.jar:6.2.5]
	at org.springframework.beans.factory.support.AbstractAutowireCapableBeanFactory.createBean(AbstractAutowireCapableBeanFactory.java:523) ~[spring-beans-6.2.5.jar:6.2.5]
	at org.springframework.beans.factory.support.AbstractBeanFactory.lambda$doGetBean$0(AbstractBeanFactory.java:339) ~[spring-beans-6.2.5.jar:6.2.5]
	at org.springframework.beans.factory.support.DefaultSingletonBeanRegistry.getSingleton(DefaultSingletonBeanRegistry.java:347) ~[spring-beans-6.2.5.jar:6.2.5]
	at org.springframework.beans.factory.support.AbstractBeanFactory.doGetBean(AbstractBeanFactory.java:337) ~[spring-beans-6.2.5.jar:6.2.5]
	at org.springframework.beans.factory.support.AbstractBeanFactory.getBean(AbstractBeanFactory.java:202) ~[spring-beans-6.2.5.jar:6.2.5]
	at org.springframework.beans.factory.support.DefaultListableBeanFactory.instantiateSingleton(DefaultListableBeanFactory.java:1155) ~[spring-beans-6.2.5.jar:6.2.5]
	at org.springframework.beans.factory.support.DefaultListableBeanFactory.preInstantiateSingleton(DefaultListableBeanFactory.java:1121) ~[spring-beans-6.2.5.jar:6.2.5]
	at org.springframework.beans.factory.support.DefaultListableBeanFactory.preInstantiateSingletons(DefaultListableBeanFactory.java:1056) ~[spring-beans-6.2.5.jar:6.2.5]
	at org.springframework.context.support.AbstractApplicationContext.finishBeanFactoryInitialization(AbstractApplicationContext.java:987) ~[spring-context-6.2.5.jar:6.2.5]
	at org.springframework.context.support.AbstractApplicationContext.refresh(AbstractApplicationContext.java:627) ~[spring-context-6.2.5.jar:6.2.5]
	at org.springframework.boot.web.servlet.context.ServletWebServerApplicationContext.refresh(ServletWebServerApplicationContext.java:146) ~[spring-boot-3.4.4.jar:3.4.4]
	at org.springframework.boot.SpringApplication.refresh(SpringApplication.java:752) ~[spring-boot-3.4.4.jar:3.4.4]
	at org.springframework.boot.SpringApplication.refreshContext(SpringApplication.java:439) ~[spring-boot-3.4.4.jar:3.4.4]
	at org.springframework.boot.SpringApplication.run(SpringApplication.java:318) ~[spring-boot-3.4.4.jar:3.4.4]
	at org.springframework.boot.SpringApplication.run(SpringApplication.java:1361) ~[spring-boot-3.4.4.jar:3.4.4]
	at org.springframework.boot.SpringApplication.run(SpringApplication.java:1350) ~[spring-boot-3.4.4.jar:3.4.4]
	at org.pinggu.portforu.PortforuApplication.main(PortforuApplication.java:12) ~[main/:na]
Caused by: org.springframework.beans.factory.BeanCreationException: Error creating bean with name 'jobPostingSearchRepository' defined in org.pinggu.portforu.domain.jobposting.elastic.repository.JobPostingSearchRepository defined in @EnableElasticsearchRepositories declared on ElasticsearchRepositoriesRegistrar.EnableElasticsearchRepositoriesConfiguration: Could not create query for public abstract java.util.List org.pinggu.portforu.domain.jobposting.elastic.repository.JobPostingSearchRepository.findByNameContaining(java.lang.String); Reason: No property 'name' found for type 'JobPostingDocument'
	at org.springframework.beans.factory.support.AbstractAutowireCapableBeanFactory.initializeBean(AbstractAutowireCapableBeanFactory.java:1812) ~[spring-beans-6.2.5.jar:6.2.5]
	at org.springframework.beans.factory.support.AbstractAutowireCapableBeanFactory.doCreateBean(AbstractAutowireCapableBeanFactory.java:601) ~[spring-beans-6.2.5.jar:6.2.5]
	at org.springframework.beans.factory.support.AbstractAutowireCapableBeanFactory.createBean(AbstractAutowireCapableBeanFactory.java:523) ~[spring-beans-6.2.5.jar:6.2.5]
	at org.springframework.beans.factory.support.AbstractBeanFactory.lambda$doGetBean$0(AbstractBeanFactory.java:339) ~[spring-beans-6.2.5.jar:6.2.5]
	at org.springframework.beans.factory.support.DefaultSingletonBeanRegistry.getSingleton(DefaultSingletonBeanRegistry.java:347) ~[spring-beans-6.2.5.jar:6.2.5]
	at org.springframework.beans.factory.support.AbstractBeanFactory.doGetBean(AbstractBeanFactory.java:337) ~[spring-beans-6.2.5.jar:6.2.5]
	at org.springframework.beans.factory.support.AbstractBeanFactory.getBean(AbstractBeanFactory.java:202) ~[spring-beans-6.2.5.jar:6.2.5]
	at org.springframework.beans.factory.config.DependencyDescriptor.resolveCandidate(DependencyDescriptor.java:254) ~[spring-beans-6.2.5.jar:6.2.5]
	at org.springframework.beans.factory.support.DefaultListableBeanFactory.doResolveDependency(DefaultListableBeanFactory.java:1667) ~[spring-beans-6.2.5.jar:6.2.5]
	at org.springframework.beans.factory.support.DefaultListableBeanFactory.resolveDependency(DefaultListableBeanFactory.java:1555) ~[spring-beans-6.2.5.jar:6.2.5]
	at org.springframework.beans.factory.support.ConstructorResolver.resolveAutowiredArgument(ConstructorResolver.java:913) ~[spring-beans-6.2.5.jar:6.2.5]
	at org.springframework.beans.factory.support.ConstructorResolver.createArgumentArray(ConstructorResolver.java:791) ~[spring-beans-6.2.5.jar:6.2.5]
	... 21 common frames omitted
Caused by: org.springframework.data.repository.query.QueryCreationException: Could not create query for public abstract java.util.List org.pinggu.portforu.domain.jobposting.elastic.repository.JobPostingSearchRepository.findByNameContaining(java.lang.String); Reason: No property 'name' found for type 'JobPostingDocument'
	at org.springframework.data.repository.query.QueryCreationException.create(QueryCreationException.java:101) ~[spring-data-commons-3.4.4.jar:3.4.4]
	at org.springframework.data.repository.core.support.QueryExecutorMethodInterceptor.lookupQuery(QueryExecutorMethodInterceptor.java:120) ~[spring-data-commons-3.4.4.jar:3.4.4]
	at org.springframework.data.repository.core.support.QueryExecutorMethodInterceptor.mapMethodsToQuery(QueryExecutorMethodInterceptor.java:104) ~[spring-data-commons-3.4.4.jar:3.4.4]
	at org.springframework.data.repository.core.support.QueryExecutorMethodInterceptor.lambda$new$0(QueryExecutorMethodInterceptor.java:92) ~[spring-data-commons-3.4.4.jar:3.4.4]
	at java.base/java.util.Optional.map(Optional.java:260) ~[na:na]
	at org.springframework.data.repository.core.support.QueryExecutorMethodInterceptor.<init>(QueryExecutorMethodInterceptor.java:92) ~[spring-data-commons-3.4.4.jar:3.4.4]
	at org.springframework.data.repository.core.support.RepositoryFactorySupport.getRepository(RepositoryFactorySupport.java:431) ~[spring-data-commons-3.4.4.jar:3.4.4]
	at org.springframework.data.repository.core.support.RepositoryFactoryBeanSupport.lambda$afterPropertiesSet$4(RepositoryFactoryBeanSupport.java:350) ~[spring-data-commons-3.4.4.jar:3.4.4]
	at org.springframework.data.util.Lazy.getNullable(Lazy.java:135) ~[spring-data-commons-3.4.4.jar:3.4.4]
	at org.springframework.data.util.Lazy.get(Lazy.java:113) ~[spring-data-commons-3.4.4.jar:3.4.4]
	at org.springframework.data.repository.core.support.RepositoryFactoryBeanSupport.afterPropertiesSet(RepositoryFactoryBeanSupport.java:356) ~[spring-data-commons-3.4.4.jar:3.4.4]
	at org.springframework.data.elasticsearch.repository.support.ElasticsearchRepositoryFactoryBean.afterPropertiesSet(ElasticsearchRepositoryFactoryBean.java:69) ~[spring-data-elasticsearch-5.4.4.jar:5.4.4]
	at org.springframework.beans.factory.support.AbstractAutowireCapableBeanFactory.invokeInitMethods(AbstractAutowireCapableBeanFactory.java:1859) ~[spring-beans-6.2.5.jar:6.2.5]
	at org.springframework.beans.factory.support.AbstractAutowireCapableBeanFactory.initializeBean(AbstractAutowireCapableBeanFactory.java:1808) ~[spring-beans-6.2.5.jar:6.2.5]
	... 32 common frames omitted
Caused by: org.springframework.data.mapping.PropertyReferenceException: No property 'name' found for type 'JobPostingDocument'
	at org.springframework.data.mapping.PropertyPath.<init>(PropertyPath.java:94) ~[spring-data-commons-3.4.4.jar:3.4.4]
	at org.springframework.data.mapping.PropertyPath.create(PropertyPath.java:455) ~[spring-data-commons-3.4.4.jar:3.4.4]
	at org.springframework.data.mapping.PropertyPath.create(PropertyPath.java:431) ~[spring-data-commons-3.4.4.jar:3.4.4]
	at org.springframework.data.mapping.PropertyPath.lambda$from$0(PropertyPath.java:384) ~[spring-data-commons-3.4.4.jar:3.4.4]
	at java.base/java.util.concurrent.ConcurrentMap.computeIfAbsent(ConcurrentMap.java:330) ~[na:na]
	at org.springframework.data.mapping.PropertyPath.from(PropertyPath.java:366) ~[spring-data-commons-3.4.4.jar:3.4.4]
	at org.springframework.data.mapping.PropertyPath.from(PropertyPath.java:344) ~[spring-data-commons-3.4.4.jar:3.4.4]
	at org.springframework.data.repository.query.parser.Part.<init>(Part.java:81) ~[spring-data-commons-3.4.4.jar:3.4.4]
	at org.springframework.data.repository.query.parser.PartTree$OrPart.lambda$new$0(PartTree.java:259) ~[spring-data-commons-3.4.4.jar:3.4.4]
	at java.base/java.util.stream.ReferencePipeline$3$1.accept(ReferencePipeline.java:197) ~[na:na]
	at java.base/java.util.stream.ReferencePipeline$2$1.accept(ReferencePipeline.java:179) ~[na:na]
	at java.base/java.util.Spliterators$ArraySpliterator.forEachRemaining(Spliterators.java:992) ~[na:na]
	at java.base/java.util.stream.AbstractPipeline.copyInto(AbstractPipeline.java:509) ~[na:na]
	at java.base/java.util.stream.AbstractPipeline.wrapAndCopyInto(AbstractPipeline.java:499) ~[na:na]
	at java.base/java.util.stream.ReduceOps$ReduceOp.evaluateSequential(ReduceOps.java:921) ~[na:na]
	at java.base/java.util.stream.AbstractPipeline.evaluate(AbstractPipeline.java:234) ~[na:na]
	at java.base/java.util.stream.ReferencePipeline.collect(ReferencePipeline.java:682) ~[na:na]
	at org.springframework.data.repository.query.parser.PartTree$OrPart.<init>(PartTree.java:260) ~[spring-data-commons-3.4.4.jar:3.4.4]
	at org.springframework.data.repository.query.parser.PartTree$Predicate.lambda$new$0(PartTree.java:389) ~[spring-data-commons-3.4.4.jar:3.4.4]
	at java.base/java.util.stream.ReferencePipeline$3$1.accept(ReferencePipeline.java:197) ~[na:na]
	at java.base/java.util.stream.ReferencePipeline$2$1.accept(ReferencePipeline.java:179) ~[na:na]
	at java.base/java.util.Spliterators$ArraySpliterator.forEachRemaining(Spliterators.java:992) ~[na:na]
	at java.base/java.util.stream.AbstractPipeline.copyInto(AbstractPipeline.java:509) ~[na:na]
	at java.base/java.util.stream.AbstractPipeline.wrapAndCopyInto(AbstractPipeline.java:499) ~[na:na]
	at java.base/java.util.stream.ReduceOps$ReduceOp.evaluateSequential(ReduceOps.java:921) ~[na:na]
	at java.base/java.util.stream.AbstractPipeline.evaluate(AbstractPipeline.java:234) ~[na:na]
	at java.base/java.util.stream.ReferencePipeline.collect(ReferencePipeline.java:682) ~[na:na]
	at org.springframework.data.repository.query.parser.PartTree$Predicate.<init>(PartTree.java:390) ~[spring-data-commons-3.4.4.jar:3.4.4]
	at org.springframework.data.repository.query.parser.PartTree.<init>(PartTree.java:103) ~[spring-data-commons-3.4.4.jar:3.4.4]
	at org.springframework.data.elasticsearch.repository.query.ElasticsearchPartQuery.<init>(ElasticsearchPartQuery.java:45) ~[spring-data-elasticsearch-5.4.4.jar:5.4.4]
	at org.springframework.data.elasticsearch.repository.support.ElasticsearchRepositoryFactory$ElasticsearchQueryLookupStrategy.resolveQuery(ElasticsearchRepositoryFactory.java:131) ~[spring-data-elasticsearch-5.4.4.jar:5.4.4]
	at org.springframework.data.repository.core.support.QueryExecutorMethodInterceptor.lookupQuery(QueryExecutorMethodInterceptor.java:116) ~[spring-data-commons-3.4.4.jar:3.4.4]
	... 44 common frames omitted

2025-04-25T10:40:24.352+09:00  INFO 5404 --- [portforu] [main] o.pinggu.portforu.PortforuApplication    : Starting PortforuApplication using Java 17.0.13 with PID 5404 (/Users/t2023-m0111/IdeaProjects/portforu/build/classes/java/main started by t2023-m0111 in /Users/t2023-m0111/IdeaProjects/portforu)
2025-04-25T10:40:24.353+09:00  INFO 5404 --- [portforu] [main] o.pinggu.portforu.PortforuApplication    : The following 1 profile is active: "local"
2025-04-25T10:40:24.782+09:00  INFO 5404 --- [portforu] [main] .s.d.r.c.RepositoryConfigurationDelegate : Multiple Spring Data modules found, entering strict repository configuration mode
2025-04-25T10:40:24.783+09:00  INFO 5404 --- [portforu] [main] .s.d.r.c.RepositoryConfigurationDelegate : Bootstrapping Spring Data Elasticsearch repositories in DEFAULT mode.
2025-04-25T10:40:24.803+09:00  INFO 5404 --- [portforu] [main] .RepositoryConfigurationExtensionSupport : Spring Data Elasticsearch - Could not safely identify store assignment for repository candidate interface org.pinggu.portforu.domain.auth.repository.RefreshTokenRepository; If you want this repository to be a Elasticsearch repository, consider annotating your entities with one of these annotations: org.springframework.data.elasticsearch.annotations.Document (preferred), or consider extending one of the following types with your repository: org.springframework.data.elasticsearch.repository.ElasticsearchRepository
2025-04-25T10:40:24.804+09:00  INFO 5404 --- [portforu] [main] .RepositoryConfigurationExtensionSupport : Spring Data Elasticsearch - Could not safely identify store assignment for repository candidate interface org.pinggu.portforu.domain.comment.repository.CommentRepository; If you want this repository to be a Elasticsearch repository, consider annotating your entities with one of these annotations: org.springframework.data.elasticsearch.annotations.Document (preferred), or consider extending one of the following types with your repository: org.springframework.data.elasticsearch.repository.ElasticsearchRepository
2025-04-25T10:40:24.852+09:00  INFO 5404 --- [portforu] [main] .RepositoryConfigurationExtensionSupport : Spring Data Elasticsearch - Could not safely identify store assignment for repository candidate interface org.pinggu.portforu.domain.jobposting.repository.JobPostingRepository; If you want this repository to be a Elasticsearch repository, consider annotating your entities with one of these annotations: org.springframework.data.elasticsearch.annotations.Document (preferred), or consider extending one of the following types with your repository: org.springframework.data.elasticsearch.repository.ElasticsearchRepository
2025-04-25T10:40:24.853+09:00  INFO 5404 --- [portforu] [main] .RepositoryConfigurationExtensionSupport : Spring Data Elasticsearch - Could not safely identify store assignment for repository candidate interface org.pinggu.portforu.domain.member.repository.MemberRepository; If you want this repository to be a Elasticsearch repository, consider annotating your entities with one of these annotations: org.springframework.data.elasticsearch.annotations.Document (preferred), or consider extending one of the following types with your repository: org.springframework.data.elasticsearch.repository.ElasticsearchRepository
2025-04-25T10:40:24.853+09:00  INFO 5404 --- [portforu] [main] .RepositoryConfigurationExtensionSupport : Spring Data Elasticsearch - Could not safely identify store assignment for repository candidate interface org.pinggu.portforu.domain.membership.repository.MembershipRepository; If you want this repository to be a Elasticsearch repository, consider annotating your entities with one of these annotations: org.springframework.data.elasticsearch.annotations.Document (preferred), or consider extending one of the following types with your repository: org.springframework.data.elasticsearch.repository.ElasticsearchRepository
2025-04-25T10:40:24.853+09:00  INFO 5404 --- [portforu] [main] .RepositoryConfigurationExtensionSupport : Spring Data Elasticsearch - Could not safely identify store assignment for repository candidate interface org.pinggu.portforu.domain.payment.repository.PaymentRepository; If you want this repository to be a Elasticsearch repository, consider annotating your entities with one of these annotations: org.springframework.data.elasticsearch.annotations.Document (preferred), or consider extending one of the following types with your repository: org.springframework.data.elasticsearch.repository.ElasticsearchRepository
2025-04-25T10:40:24.854+09:00  INFO 5404 --- [portforu] [main] .RepositoryConfigurationExtensionSupport : Spring Data Elasticsearch - Could not safely identify store assignment for repository candidate interface org.pinggu.portforu.domain.portfolio.repository.PortfolioRepository; If you want this repository to be a Elasticsearch repository, consider annotating your entities with one of these annotations: org.springframework.data.elasticsearch.annotations.Document (preferred), or consider extending one of the following types with your repository: org.springframework.data.elasticsearch.repository.ElasticsearchRepository
2025-04-25T10:40:24.854+09:00  INFO 5404 --- [portforu] [main] .RepositoryConfigurationExtensionSupport : Spring Data Elasticsearch - Could not safely identify store assignment for repository candidate interface org.pinggu.portforu.domain.portfolio.repository.UploadedFileRepository; If you want this repository to be a Elasticsearch repository, consider annotating your entities with one of these annotations: org.springframework.data.elasticsearch.annotations.Document (preferred), or consider extending one of the following types with your repository: org.springframework.data.elasticsearch.repository.ElasticsearchRepository
2025-04-25T10:40:24.855+09:00  INFO 5404 --- [portforu] [main] .RepositoryConfigurationExtensionSupport : Spring Data Elasticsearch - Could not safely identify store assignment for repository candidate interface org.pinggu.portforu.domain.scrap.repository.ScrapRepository; If you want this repository to be a Elasticsearch repository, consider annotating your entities with one of these annotations: org.springframework.data.elasticsearch.annotations.Document (preferred), or consider extending one of the following types with your repository: org.springframework.data.elasticsearch.repository.ElasticsearchRepository
2025-04-25T10:40:24.855+09:00  INFO 5404 --- [portforu] [main] .RepositoryConfigurationExtensionSupport : Spring Data Elasticsearch - Could not safely identify store assignment for repository candidate interface org.pinggu.portforu.domain.subscribe.repository.SubscribeRepository; If you want this repository to be a Elasticsearch repository, consider annotating your entities with one of these annotations: org.springframework.data.elasticsearch.annotations.Document (preferred), or consider extending one of the following types with your repository: org.springframework.data.elasticsearch.repository.ElasticsearchRepository
2025-04-25T10:40:24.863+09:00  INFO 5404 --- [portforu] [main] .s.d.r.c.RepositoryConfigurationDelegate : Finished Spring Data repository scanning in 77 ms. Found 1 Elasticsearch repository interface.
2025-04-25T10:40:24.866+09:00  INFO 5404 --- [portforu] [main] .s.d.r.c.RepositoryConfigurationDelegate : Multiple Spring Data modules found, entering strict repository configuration mode
2025-04-25T10:40:24.866+09:00  INFO 5404 --- [portforu] [main] .s.d.r.c.RepositoryConfigurationDelegate : Bootstrapping Spring Data Reactive Elasticsearch repositories in DEFAULT mode.
2025-04-25T10:40:24.870+09:00  INFO 5404 --- [portforu] [main] .RepositoryConfigurationExtensionSupport : Spring Data Reactive Elasticsearch - Could not safely identify store assignment for repository candidate interface org.pinggu.portforu.domain.auth.repository.RefreshTokenRepository; If you want this repository to be a Reactive Elasticsearch repository, consider annotating your entities with one of these annotations: org.springframework.data.elasticsearch.annotations.Document (preferred), or consider extending one of the following types with your repository: org.springframework.data.elasticsearch.repository.ReactiveElasticsearchRepository
2025-04-25T10:40:24.870+09:00  INFO 5404 --- [portforu] [main] .RepositoryConfigurationExtensionSupport : Spring Data Reactive Elasticsearch - Could not safely identify store assignment for repository candidate interface org.pinggu.portforu.domain.comment.repository.CommentRepository; If you want this repository to be a Reactive Elasticsearch repository, consider annotating your entities with one of these annotations: org.springframework.data.elasticsearch.annotations.Document (preferred), or consider extending one of the following types with your repository: org.springframework.data.elasticsearch.repository.ReactiveElasticsearchRepository
2025-04-25T10:40:24.875+09:00  INFO 5404 --- [portforu] [main] .RepositoryConfigurationExtensionSupport : Spring Data Reactive Elasticsearch - Could not safely identify store assignment for repository candidate interface org.pinggu.portforu.domain.jobposting.repository.JobPostingRepository; If you want this repository to be a Reactive Elasticsearch repository, consider annotating your entities with one of these annotations: org.springframework.data.elasticsearch.annotations.Document (preferred), or consider extending one of the following types with your repository: org.springframework.data.elasticsearch.repository.ReactiveElasticsearchRepository
2025-04-25T10:40:24.875+09:00  INFO 5404 --- [portforu] [main] .RepositoryConfigurationExtensionSupport : Spring Data Reactive Elasticsearch - Could not safely identify store assignment for repository candidate interface org.pinggu.portforu.domain.member.repository.MemberRepository; If you want this repository to be a Reactive Elasticsearch repository, consider annotating your entities with one of these annotations: org.springframework.data.elasticsearch.annotations.Document (preferred), or consider extending one of the following types with your repository: org.springframework.data.elasticsearch.repository.ReactiveElasticsearchRepository
2025-04-25T10:40:24.875+09:00  INFO 5404 --- [portforu] [main] .RepositoryConfigurationExtensionSupport : Spring Data Reactive Elasticsearch - Could not safely identify store assignment for repository candidate interface org.pinggu.portforu.domain.membership.repository.MembershipRepository; If you want this repository to be a Reactive Elasticsearch repository, consider annotating your entities with one of these annotations: org.springframework.data.elasticsearch.annotations.Document (preferred), or consider extending one of the following types with your repository: org.springframework.data.elasticsearch.repository.ReactiveElasticsearchRepository
2025-04-25T10:40:24.875+09:00  INFO 5404 --- [portforu] [main] .RepositoryConfigurationExtensionSupport : Spring Data Reactive Elasticsearch - Could not safely identify store assignment for repository candidate interface org.pinggu.portforu.domain.payment.repository.PaymentRepository; If you want this repository to be a Reactive Elasticsearch repository, consider annotating your entities with one of these annotations: org.springframework.data.elasticsearch.annotations.Document (preferred), or consider extending one of the following types with your repository: org.springframework.data.elasticsearch.repository.ReactiveElasticsearchRepository
2025-04-25T10:40:24.876+09:00  INFO 5404 --- [portforu] [main] .RepositoryConfigurationExtensionSupport : Spring Data Reactive Elasticsearch - Could not safely identify store assignment for repository candidate interface org.pinggu.portforu.domain.portfolio.repository.PortfolioRepository; If you want this repository to be a Reactive Elasticsearch repository, consider annotating your entities with one of these annotations: org.springframework.data.elasticsearch.annotations.Document (preferred), or consider extending one of the following types with your repository: org.springframework.data.elasticsearch.repository.ReactiveElasticsearchRepository
2025-04-25T10:40:24.876+09:00  INFO 5404 --- [portforu] [main] .RepositoryConfigurationExtensionSupport : Spring Data Reactive Elasticsearch - Could not safely identify store assignment for repository candidate interface org.pinggu.portforu.domain.portfolio.repository.UploadedFileRepository; If you want this repository to be a Reactive Elasticsearch repository, consider annotating your entities with one of these annotations: org.springframework.data.elasticsearch.annotations.Document (preferred), or consider extending one of the following types with your repository: org.springframework.data.elasticsearch.repository.ReactiveElasticsearchRepository
2025-04-25T10:40:24.876+09:00  INFO 5404 --- [portforu] [main] .RepositoryConfigurationExtensionSupport : Spring Data Reactive Elasticsearch - Could not safely identify store assignment for repository candidate interface org.pinggu.portforu.domain.scrap.repository.ScrapRepository; If you want this repository to be a Reactive Elasticsearch repository, consider annotating your entities with one of these annotations: org.springframework.data.elasticsearch.annotations.Document (preferred), or consider extending one of the following types with your repository: org.springframework.data.elasticsearch.repository.ReactiveElasticsearchRepository
2025-04-25T10:40:24.876+09:00  INFO 5404 --- [portforu] [main] .RepositoryConfigurationExtensionSupport : Spring Data Reactive Elasticsearch - Could not safely identify store assignment for repository candidate interface org.pinggu.portforu.domain.subscribe.repository.SubscribeRepository; If you want this repository to be a Reactive Elasticsearch repository, consider annotating your entities with one of these annotations: org.springframework.data.elasticsearch.annotations.Document (preferred), or consider extending one of the following types with your repository: org.springframework.data.elasticsearch.repository.ReactiveElasticsearchRepository
2025-04-25T10:40:24.876+09:00  INFO 5404 --- [portforu] [main] .s.d.r.c.RepositoryConfigurationDelegate : Finished Spring Data repository scanning in 9 ms. Found 0 Reactive Elasticsearch repository interfaces.
2025-04-25T10:40:24.880+09:00  INFO 5404 --- [portforu] [main] .s.d.r.c.RepositoryConfigurationDelegate : Multiple Spring Data modules found, entering strict repository configuration mode
2025-04-25T10:40:24.880+09:00  INFO 5404 --- [portforu] [main] .s.d.r.c.RepositoryConfigurationDelegate : Bootstrapping Spring Data JPA repositories in DEFAULT mode.
2025-04-25T10:40:24.888+09:00  INFO 5404 --- [portforu] [main] .RepositoryConfigurationExtensionSupport : Spring Data JPA - Could not safely identify store assignment for repository candidate interface org.pinggu.portforu.domain.jobposting.elastic.repository.JobPostingSearchRepository; If you want this repository to be a JPA repository, consider annotating your entities with one of these annotations: jakarta.persistence.Entity, jakarta.persistence.MappedSuperclass (preferred), or consider extending one of the following types with your repository: org.springframework.data.jpa.repository.JpaRepository
2025-04-25T10:40:24.896+09:00  INFO 5404 --- [portforu] [main] .s.d.r.c.RepositoryConfigurationDelegate : Finished Spring Data repository scanning in 13 ms. Found 10 JPA repository interfaces.
2025-04-25T10:40:24.903+09:00  INFO 5404 --- [portforu] [main] .s.d.r.c.RepositoryConfigurationDelegate : Multiple Spring Data modules found, entering strict repository configuration mode
2025-04-25T10:40:24.904+09:00  INFO 5404 --- [portforu] [main] .s.d.r.c.RepositoryConfigurationDelegate : Bootstrapping Spring Data Redis repositories in DEFAULT mode.
2025-04-25T10:40:24.911+09:00  INFO 5404 --- [portforu] [main] .RepositoryConfigurationExtensionSupport : Spring Data Redis - Could not safely identify store assignment for repository candidate interface org.pinggu.portforu.domain.auth.repository.RefreshTokenRepository; If you want this repository to be a Redis repository, consider annotating your entities with one of these annotations: org.springframework.data.redis.core.RedisHash (preferred), or consider extending one of the following types with your repository: org.springframework.data.keyvalue.repository.KeyValueRepository
2025-04-25T10:40:24.911+09:00  INFO 5404 --- [portforu] [main] .RepositoryConfigurationExtensionSupport : Spring Data Redis - Could not safely identify store assignment for repository candidate interface org.pinggu.portforu.domain.comment.repository.CommentRepository; If you want this repository to be a Redis repository, consider annotating your entities with one of these annotations: org.springframework.data.redis.core.RedisHash (preferred), or consider extending one of the following types with your repository: org.springframework.data.keyvalue.repository.KeyValueRepository
2025-04-25T10:40:24.911+09:00  INFO 5404 --- [portforu] [main] .RepositoryConfigurationExtensionSupport : Spring Data Redis - Could not safely identify store assignment for repository candidate interface org.pinggu.portforu.domain.jobposting.elastic.repository.JobPostingSearchRepository; If you want this repository to be a Redis repository, consider annotating your entities with one of these annotations: org.springframework.data.redis.core.RedisHash (preferred), or consider extending one of the following types with your repository: org.springframework.data.keyvalue.repository.KeyValueRepository
2025-04-25T10:40:24.911+09:00  INFO 5404 --- [portforu] [main] .RepositoryConfigurationExtensionSupport : Spring Data Redis - Could not safely identify store assignment for repository candidate interface org.pinggu.portforu.domain.jobposting.repository.JobPostingRepository; If you want this repository to be a Redis repository, consider annotating your entities with one of these annotations: org.springframework.data.redis.core.RedisHash (preferred), or consider extending one of the following types with your repository: org.springframework.data.keyvalue.repository.KeyValueRepository
2025-04-25T10:40:24.911+09:00  INFO 5404 --- [portforu] [main] .RepositoryConfigurationExtensionSupport : Spring Data Redis - Could not safely identify store assignment for repository candidate interface org.pinggu.portforu.domain.member.repository.MemberRepository; If you want this repository to be a Redis repository, consider annotating your entities with one of these annotations: org.springframework.data.redis.core.RedisHash (preferred), or consider extending one of the following types with your repository: org.springframework.data.keyvalue.repository.KeyValueRepository
2025-04-25T10:40:24.911+09:00  INFO 5404 --- [portforu] [main] .RepositoryConfigurationExtensionSupport : Spring Data Redis - Could not safely identify store assignment for repository candidate interface org.pinggu.portforu.domain.membership.repository.MembershipRepository; If you want this repository to be a Redis repository, consider annotating your entities with one of these annotations: org.springframework.data.redis.core.RedisHash (preferred), or consider extending one of the following types with your repository: org.springframework.data.keyvalue.repository.KeyValueRepository
2025-04-25T10:40:24.912+09:00  INFO 5404 --- [portforu] [main] .RepositoryConfigurationExtensionSupport : Spring Data Redis - Could not safely identify store assignment for repository candidate interface org.pinggu.portforu.domain.payment.repository.PaymentRepository; If you want this repository to be a Redis repository, consider annotating your entities with one of these annotations: org.springframework.data.redis.core.RedisHash (preferred), or consider extending one of the following types with your repository: org.springframework.data.keyvalue.repository.KeyValueRepository
2025-04-25T10:40:24.912+09:00  INFO 5404 --- [portforu] [main] .RepositoryConfigurationExtensionSupport : Spring Data Redis - Could not safely identify store assignment for repository candidate interface org.pinggu.portforu.domain.portfolio.repository.PortfolioRepository; If you want this repository to be a Redis repository, consider annotating your entities with one of these annotations: org.springframework.data.redis.core.RedisHash (preferred), or consider extending one of the following types with your repository: org.springframework.data.keyvalue.repository.KeyValueRepository
2025-04-25T10:40:24.912+09:00  INFO 5404 --- [portforu] [main] .RepositoryConfigurationExtensionSupport : Spring Data Redis - Could not safely identify store assignment for repository candidate interface org.pinggu.portforu.domain.portfolio.repository.UploadedFileRepository; If you want this repository to be a Redis repository, consider annotating your entities with one of these annotations: org.springframework.data.redis.core.RedisHash (preferred), or consider extending one of the following types with your repository: org.springframework.data.keyvalue.repository.KeyValueRepository
2025-04-25T10:40:24.912+09:00  INFO 5404 --- [portforu] [main] .RepositoryConfigurationExtensionSupport : Spring Data Redis - Could not safely identify store assignment for repository candidate interface org.pinggu.portforu.domain.scrap.repository.ScrapRepository; If you want this repository to be a Redis repository, consider annotating your entities with one of these annotations: org.springframework.data.redis.core.RedisHash (preferred), or consider extending one of the following types with your repository: org.springframework.data.keyvalue.repository.KeyValueRepository
2025-04-25T10:40:24.912+09:00  INFO 5404 --- [portforu] [main] .RepositoryConfigurationExtensionSupport : Spring Data Redis - Could not safely identify store assignment for repository candidate interface org.pinggu.portforu.domain.subscribe.repository.SubscribeRepository; If you want this repository to be a Redis repository, consider annotating your entities with one of these annotations: org.springframework.data.redis.core.RedisHash (preferred), or consider extending one of the following types with your repository: org.springframework.data.keyvalue.repository.KeyValueRepository
2025-04-25T10:40:24.912+09:00  INFO 5404 --- [portforu] [main] .s.d.r.c.RepositoryConfigurationDelegate : Finished Spring Data repository scanning in 4 ms. Found 0 Redis repository interfaces.
2025-04-25T10:40:25.282+09:00  INFO 5404 --- [portforu] [main] o.s.b.w.embedded.tomcat.TomcatWebServer  : Tomcat initialized with port 8080 (http)
2025-04-25T10:40:25.289+09:00  INFO 5404 --- [portforu] [main] o.apache.catalina.core.StandardService   : Starting service [Tomcat]
2025-04-25T10:40:25.289+09:00  INFO 5404 --- [portforu] [main] o.apache.catalina.core.StandardEngine    : Starting Servlet engine: [Apache Tomcat/10.1.39]
2025-04-25T10:40:25.310+09:00  INFO 5404 --- [portforu] [main] o.a.c.c.C.[Tomcat].[localhost].[/]       : Initializing Spring embedded WebApplicationContext
2025-04-25T10:40:25.311+09:00  INFO 5404 --- [portforu] [main] w.s.c.ServletWebServerApplicationContext : Root WebApplicationContext: initialization completed in 938 ms
2025-04-25T10:40:25.396+09:00  INFO 5404 --- [portforu] [main] o.hibernate.jpa.internal.util.LogHelper  : HHH000204: Processing PersistenceUnitInfo [name: default]
2025-04-25T10:40:25.428+09:00  INFO 5404 --- [portforu] [main] org.hibernate.Version                    : HHH000412: Hibernate ORM core version 6.6.11.Final
2025-04-25T10:40:25.444+09:00  INFO 5404 --- [portforu] [main] o.h.c.internal.RegionFactoryInitiator    : HHH000026: Second-level cache disabled
2025-04-25T10:40:25.587+09:00  INFO 5404 --- [portforu] [main] o.s.o.j.p.SpringPersistenceUnitInfo      : No LoadTimeWeaver setup: ignoring JPA class transformer
2025-04-25T10:40:25.602+09:00  INFO 5404 --- [portforu] [main] com.zaxxer.hikari.HikariDataSource       : HikariPool-1 - Starting...
2025-04-25T10:40:25.723+09:00  INFO 5404 --- [portforu] [main] com.zaxxer.hikari.pool.HikariPool        : HikariPool-1 - Added connection com.mysql.cj.jdbc.ConnectionImpl@691eb389
2025-04-25T10:40:25.724+09:00  INFO 5404 --- [portforu] [main] com.zaxxer.hikari.HikariDataSource       : HikariPool-1 - Start completed.
2025-04-25T10:40:25.768+09:00  INFO 5404 --- [portforu] [main] org.hibernate.orm.connections.pooling    : HHH10001005: Database info:
	Database JDBC URL [Connecting through datasource 'HikariDataSource (HikariPool-1)']
	Database driver: undefined/unknown
	Database version: 9.2
	Autocommit mode: undefined/unknown
	Isolation level: undefined/unknown
	Minimum pool size: undefined/unknown
	Maximum pool size: undefined/unknown
2025-04-25T10:40:26.269+09:00  INFO 5404 --- [portforu] [main] o.h.e.t.j.p.i.JtaPlatformInitiator       : HHH000489: No JTA platform available (set 'hibernate.transaction.jta.platform' to enable JTA platform integration)
2025-04-25T10:40:26.364+09:00  INFO 5404 --- [portforu] [main] j.LocalContainerEntityManagerFactoryBean : Initialized JPA EntityManagerFactory for persistence unit 'default'
2025-04-25T10:40:26.582+09:00  INFO 5404 --- [portforu] [main] o.s.d.j.r.query.QueryEnhancerFactory     : Hibernate is in classpath; If applicable, HQL parser will be used.
2025-04-25T10:40:27.250+09:00  WARN 5404 --- [portforu] [main] com.amazonaws.util.VersionInfoUtils      : The AWS SDK for Java 1.x entered maintenance mode starting July 31, 2024 and will reach end of support on December 31, 2025. For more information, see https://aws.amazon.com/blogs/developer/the-aws-sdk-for-java-1-x-is-in-maintenance-mode-effective-july-31-2024/
You can print where on the file system the AWS SDK for Java 1.x core runtime is located by setting the AWS_JAVA_V1_PRINT_LOCATION environment variable or aws.java.v1.printLocation system property to 'true'.
This message can be disabled by setting the AWS_JAVA_V1_DISABLE_DEPRECATION_ANNOUNCEMENT environment variable or aws.java.v1.disableDeprecationAnnouncement system property to 'true'.
The AWS SDK for Java 1.x is being used here:
at java.base/java.lang.Thread.getStackTrace(Thread.java:1619)
at com.amazonaws.util.VersionInfoUtils.printDeprecationAnnouncement(VersionInfoUtils.java:81)
at com.amazonaws.util.VersionInfoUtils.<clinit>(VersionInfoUtils.java:59)
at com.amazonaws.internal.EC2ResourceFetcher.<clinit>(EC2ResourceFetcher.java:44)
at com.amazonaws.auth.InstanceMetadataServiceCredentialsFetcher.<init>(InstanceMetadataServiceCredentialsFetcher.java:38)
at com.amazonaws.auth.InstanceProfileCredentialsProvider.<init>(InstanceProfileCredentialsProvider.java:111)
at com.amazonaws.auth.InstanceProfileCredentialsProvider.<init>(InstanceProfileCredentialsProvider.java:91)
at com.amazonaws.auth.InstanceProfileCredentialsProvider.<init>(InstanceProfileCredentialsProvider.java:75)
at com.amazonaws.auth.InstanceProfileCredentialsProvider.<clinit>(InstanceProfileCredentialsProvider.java:58)
at com.amazonaws.auth.EC2ContainerCredentialsProviderWrapper.initializeProvider(EC2ContainerCredentialsProviderWrapper.java:66)
at com.amazonaws.auth.EC2ContainerCredentialsProviderWrapper.<init>(EC2ContainerCredentialsProviderWrapper.java:55)
at com.amazonaws.auth.DefaultAWSCredentialsProviderChain.<init>(DefaultAWSCredentialsProviderChain.java:60)
at com.amazonaws.auth.DefaultAWSCredentialsProviderChain.<clinit>(DefaultAWSCredentialsProviderChain.java:54)
at com.amazonaws.services.s3.AmazonS3ClientBuilder.standard(AmazonS3ClientBuilder.java:46)
at org.pinggu.portforu.config.S3Config.amazonS3(S3Config.java:26)
at org.pinggu.portforu.config.S3Config$$SpringCGLIB$$0.CGLIB$amazonS3$0(<generated>)
at org.pinggu.portforu.config.S3Config$$SpringCGLIB$$FastClass$$1.invoke(<generated>)
at org.springframework.cglib.proxy.MethodProxy.invokeSuper(MethodProxy.java:258)
at org.springframework.context.annotation.ConfigurationClassEnhancer$BeanMethodInterceptor.intercept(ConfigurationClassEnhancer.java:370)
at org.pinggu.portforu.config.S3Config$$SpringCGLIB$$0.amazonS3(<generated>)
at java.base/jdk.internal.reflect.NativeMethodAccessorImpl.invoke0(Native Method)
at java.base/jdk.internal.reflect.NativeMethodAccessorImpl.invoke(NativeMethodAccessorImpl.java:77)
at java.base/jdk.internal.reflect.DelegatingMethodAccessorImpl.invoke(DelegatingMethodAccessorImpl.java:43)
at java.base/java.lang.reflect.Method.invoke(Method.java:569)
at org.springframework.beans.factory.support.SimpleInstantiationStrategy.lambda$instantiate$0(SimpleInstantiationStrategy.java:171)
at org.springframework.beans.factory.support.SimpleInstantiationStrategy.instantiateWithFactoryMethod(SimpleInstantiationStrategy.java:88)
at org.springframework.beans.factory.support.SimpleInstantiationStrategy.instantiate(SimpleInstantiationStrategy.java:168)
at org.springframework.beans.factory.support.ConstructorResolver.instantiate(ConstructorResolver.java:653)
at org.springframework.beans.factory.support.ConstructorResolver.instantiateUsingFactoryMethod(ConstructorResolver.java:489)
at org.springframework.beans.factory.support.AbstractAutowireCapableBeanFactory.instantiateUsingFactoryMethod(AbstractAutowireCapableBeanFactory.java:1361)
at org.springframework.beans.factory.support.AbstractAutowireCapableBeanFactory.createBeanInstance(AbstractAutowireCapableBeanFactory.java:1191)
at org.springframework.beans.factory.support.AbstractAutowireCapableBeanFactory.doCreateBean(AbstractAutowireCapableBeanFactory.java:563)
at org.springframework.beans.factory.support.AbstractAutowireCapableBeanFactory.createBean(AbstractAutowireCapableBeanFactory.java:523)
at org.springframework.beans.factory.support.AbstractBeanFactory.lambda$doGetBean$0(AbstractBeanFactory.java:339)
at org.springframework.beans.factory.support.DefaultSingletonBeanRegistry.getSingleton(DefaultSingletonBeanRegistry.java:347)
at org.springframework.beans.factory.support.AbstractBeanFactory.doGetBean(AbstractBeanFactory.java:337)
at org.springframework.beans.factory.support.AbstractBeanFactory.getBean(AbstractBeanFactory.java:202)
at org.springframework.beans.factory.support.DefaultListableBeanFactory.doResolveDependency(DefaultListableBeanFactory.java:1609)
at org.springframework.beans.factory.support.DefaultListableBeanFactory.resolveDependency(DefaultListableBeanFactory.java:1555)
at org.springframework.beans.factory.support.ConstructorResolver.resolveAutowiredArgument(ConstructorResolver.java:913)
at org.springframework.beans.factory.support.ConstructorResolver.createArgumentArray(ConstructorResolver.java:791)
at org.springframework.beans.factory.support.ConstructorResolver.autowireConstructor(ConstructorResolver.java:240)
at org.springframework.beans.factory.support.AbstractAutowireCapableBeanFactory.autowireConstructor(AbstractAutowireCapableBeanFactory.java:1381)
at org.springframework.beans.factory.support.AbstractAutowireCapableBeanFactory.createBeanInstance(AbstractAutowireCapableBeanFactory.java:1218)
at org.springframework.beans.factory.support.AbstractAutowireCapableBeanFactory.doCreateBean(AbstractAutowireCapableBeanFactory.java:563)
at org.springframework.beans.factory.support.AbstractAutowireCapableBeanFactory.createBean(AbstractAutowireCapableBeanFactory.java:523)
at org.springframework.beans.factory.support.AbstractBeanFactory.lambda$doGetBean$0(AbstractBeanFactory.java:339)
at org.springframework.beans.factory.support.DefaultSingletonBeanRegistry.getSingleton(DefaultSingletonBeanRegistry.java:347)
at org.springframework.beans.factory.support.AbstractBeanFactory.doGetBean(AbstractBeanFactory.java:337)
at org.springframework.beans.factory.support.AbstractBeanFactory.getBean(AbstractBeanFactory.java:202)
at org.springframework.beans.factory.support.DefaultListableBeanFactory.doResolveDependency(DefaultListableBeanFactory.java:1609)
at org.springframework.beans.factory.support.DefaultListableBeanFactory.resolveDependency(DefaultListableBeanFactory.java:1555)
at org.springframework.beans.factory.support.ConstructorResolver.resolveAutowiredArgument(ConstructorResolver.java:913)
at org.springframework.beans.factory.support.ConstructorResolver.createArgumentArray(ConstructorResolver.java:791)
at org.springframework.beans.factory.support.ConstructorResolver.autowireConstructor(ConstructorResolver.java:240)
at org.springframework.beans.factory.support.AbstractAutowireCapableBeanFactory.autowireConstructor(AbstractAutowireCapableBeanFactory.java:1381)
at org.springframework.beans.factory.support.AbstractAutowireCapableBeanFactory.createBeanInstance(AbstractAutowireCapableBeanFactory.java:1218)
at org.springframework.beans.factory.support.AbstractAutowireCapableBeanFactory.doCreateBean(AbstractAutowireCapableBeanFactory.java:563)
at org.springframework.beans.factory.support.AbstractAutowireCapableBeanFactory.createBean(AbstractAutowireCapableBeanFactory.java:523)
at org.springframework.beans.factory.support.AbstractBeanFactory.lambda$doGetBean$0(AbstractBeanFactory.java:339)
at org.springframework.beans.factory.support.DefaultSingletonBeanRegistry.getSingleton(DefaultSingletonBeanRegistry.java:347)
at org.springframework.beans.factory.support.AbstractBeanFactory.doGetBean(AbstractBeanFactory.java:337)
at org.springframework.beans.factory.support.AbstractBeanFactory.getBean(AbstractBeanFactory.java:202)
at org.springframework.beans.factory.support.DefaultListableBeanFactory.doResolveDependency(DefaultListableBeanFactory.java:1609)
at org.springframework.beans.factory.support.DefaultListableBeanFactory.resolveDependency(DefaultListableBeanFactory.java:1555)
at org.springframework.beans.factory.support.ConstructorResolver.resolveAutowiredArgument(ConstructorResolver.java:913)
at org.springframework.beans.factory.support.ConstructorResolver.createArgumentArray(ConstructorResolver.java:791)
at org.springframework.beans.factory.support.ConstructorResolver.autowireConstructor(ConstructorResolver.java:240)
at org.springframework.beans.factory.support.AbstractAutowireCapableBeanFactory.autowireConstructor(AbstractAutowireCapableBeanFactory.java:1381)
at org.springframework.beans.factory.support.AbstractAutowireCapableBeanFactory.createBeanInstance(AbstractAutowireCapableBeanFactory.java:1218)
at org.springframework.beans.factory.support.AbstractAutowireCapableBeanFactory.doCreateBean(AbstractAutowireCapableBeanFactory.java:563)
at org.springframework.beans.factory.support.AbstractAutowireCapableBeanFactory.createBean(AbstractAutowireCapableBeanFactory.java:523)
at org.springframework.beans.factory.support.AbstractBeanFactory.lambda$doGetBean$0(AbstractBeanFactory.java:339)
at org.springframework.beans.factory.support.DefaultSingletonBeanRegistry.getSingleton(DefaultSingletonBeanRegistry.java:347)
at org.springframework.beans.factory.support.AbstractBeanFactory.doGetBean(AbstractBeanFactory.java:337)
at org.springframework.beans.factory.support.AbstractBeanFactory.getBean(AbstractBeanFactory.java:202)
at org.springframework.beans.factory.support.DefaultListableBeanFactory.instantiateSingleton(DefaultListableBeanFactory.java:1155)
at org.springframework.beans.factory.support.DefaultListableBeanFactory.preInstantiateSingleton(DefaultListableBeanFactory.java:1121)
at org.springframework.beans.factory.support.DefaultListableBeanFactory.preInstantiateSingletons(DefaultListableBeanFactory.java:1056)
at org.springframework.context.support.AbstractApplicationContext.finishBeanFactoryInitialization(AbstractApplicationContext.java:987)
at org.springframework.context.support.AbstractApplicationContext.refresh(AbstractApplicationContext.java:627)
at org.springframework.boot.web.servlet.context.ServletWebServerApplicationContext.refresh(ServletWebServerApplicationContext.java:146)
at org.springframework.boot.SpringApplication.refresh(SpringApplication.java:752)
at org.springframework.boot.SpringApplication.refreshContext(SpringApplication.java:439)
at org.springframework.boot.SpringApplication.run(SpringApplication.java:318)
at org.springframework.boot.SpringApplication.run(SpringApplication.java:1361)
at org.springframework.boot.SpringApplication.run(SpringApplication.java:1350)
at org.pinggu.portforu.PortforuApplication.main(PortforuApplication.java:12)
2025-04-25T10:40:27.410+09:00  WARN 5404 --- [portforu] [main] JpaBaseConfiguration$JpaWebConfiguration : spring.jpa.open-in-view is enabled by default. Therefore, database queries may be performed during view rendering. Explicitly configure spring.jpa.open-in-view to disable this warning
2025-04-25T10:40:27.448+09:00 DEBUG 5404 --- [portforu] [main] swordEncoderAuthenticationManagerBuilder : No authenticationProviders and no parentAuthenticationManager defined. Returning null.
2025-04-25T10:40:27.615+09:00 DEBUG 5404 --- [portforu] [main] o.s.s.web.DefaultSecurityFilterChain     : Will secure any request with filters: DisableEncodeUrlFilter, WebAsyncManagerIntegrationFilter, SecurityContextHolderFilter, HeaderWriterFilter, OAuth2AuthorizationRequestRedirectFilter, OAuth2LoginAuthenticationFilter, DefaultResourcesFilter, DefaultLoginPageGeneratingFilter, RequestCacheAwareFilter, JwtAuthenticationFilter, SecurityContextHolderAwareRequestFilter, AnonymousAuthenticationFilter, SessionManagementFilter, ExceptionTranslationFilter, AuthorizationFilter
2025-04-25T10:40:27.946+09:00  INFO 5404 --- [portforu] [main] o.s.b.w.embedded.tomcat.TomcatWebServer  : Tomcat started on port 8080 (http) with context path '/'
2025-04-25T10:40:27.954+09:00  INFO 5404 --- [portforu] [main] o.pinggu.portforu.PortforuApplication    : Started PortforuApplication in 3.824 seconds (process running for 4.103)
2025-04-25T11:00:00.037+09:00 DEBUG 5404 --- [portforu] [scheduling-1] org.hibernate.SQL                        : 
    update
        subscribes s1_0 
    set
        status=? 
    where
        s1_0.status=? 
        and s1_0.end_date<? 
        and s1_0.is_deleted=0 
        and (
            s1_0.is_deleted = 0
        )
2025-04-25T11:00:00.041+09:00 DEBUG 5404 --- [portforu] [scheduling-2] org.hibernate.SQL                        : 
    select
        uf1_0.id,
        uf1_0.created_at,
        uf1_0.file_url,
        uf1_0.used 
    from
        uploaded_file uf1_0 
    where
        uf1_0.used=0 
        and uf1_0.created_at<?
2025-04-25T11:00:00.045+09:00  INFO 5404 --- [portforu] [scheduling-1] o.p.p.d.s.scheduler.SubscribeScheduler   : 만료된 구독 처리 완료 (벌크 업데이트): count=0
2025-04-25T11:05:00.581+09:00  WARN 5404 --- [portforu] [HikariPool-1 housekeeper] com.zaxxer.hikari.pool.HikariPool        : HikariPool-1 - Thread starvation or clock leap detected (housekeeper delta=4m34s618ms).
2025-04-25T11:10:03.281+09:00  INFO 7285 --- [portforu] [main] o.pinggu.portforu.PortforuApplication    : Starting PortforuApplication using Java 17.0.13 with PID 7285 (/Users/t2023-m0111/IdeaProjects/portforu/build/classes/java/main started by t2023-m0111 in /Users/t2023-m0111/IdeaProjects/portforu)
2025-04-25T11:10:03.282+09:00  INFO 7285 --- [portforu] [main] o.pinggu.portforu.PortforuApplication    : The following 1 profile is active: "local"
2025-04-25T11:10:03.685+09:00  INFO 7285 --- [portforu] [main] .s.d.r.c.RepositoryConfigurationDelegate : Multiple Spring Data modules found, entering strict repository configuration mode
2025-04-25T11:10:03.686+09:00  INFO 7285 --- [portforu] [main] .s.d.r.c.RepositoryConfigurationDelegate : Bootstrapping Spring Data Elasticsearch repositories in DEFAULT mode.
2025-04-25T11:10:03.706+09:00  INFO 7285 --- [portforu] [main] .RepositoryConfigurationExtensionSupport : Spring Data Elasticsearch - Could not safely identify store assignment for repository candidate interface org.pinggu.portforu.domain.auth.repository.RefreshTokenRepository; If you want this repository to be a Elasticsearch repository, consider annotating your entities with one of these annotations: org.springframework.data.elasticsearch.annotations.Document (preferred), or consider extending one of the following types with your repository: org.springframework.data.elasticsearch.repository.ElasticsearchRepository
2025-04-25T11:10:03.708+09:00  INFO 7285 --- [portforu] [main] .RepositoryConfigurationExtensionSupport : Spring Data Elasticsearch - Could not safely identify store assignment for repository candidate interface org.pinggu.portforu.domain.comment.repository.CommentRepository; If you want this repository to be a Elasticsearch repository, consider annotating your entities with one of these annotations: org.springframework.data.elasticsearch.annotations.Document (preferred), or consider extending one of the following types with your repository: org.springframework.data.elasticsearch.repository.ElasticsearchRepository
2025-04-25T11:10:03.754+09:00  INFO 7285 --- [portforu] [main] .RepositoryConfigurationExtensionSupport : Spring Data Elasticsearch - Could not safely identify store assignment for repository candidate interface org.pinggu.portforu.domain.jobposting.repository.JobPostingRepository; If you want this repository to be a Elasticsearch repository, consider annotating your entities with one of these annotations: org.springframework.data.elasticsearch.annotations.Document (preferred), or consider extending one of the following types with your repository: org.springframework.data.elasticsearch.repository.ElasticsearchRepository
2025-04-25T11:10:03.755+09:00  INFO 7285 --- [portforu] [main] .RepositoryConfigurationExtensionSupport : Spring Data Elasticsearch - Could not safely identify store assignment for repository candidate interface org.pinggu.portforu.domain.member.repository.MemberRepository; If you want this repository to be a Elasticsearch repository, consider annotating your entities with one of these annotations: org.springframework.data.elasticsearch.annotations.Document (preferred), or consider extending one of the following types with your repository: org.springframework.data.elasticsearch.repository.ElasticsearchRepository
2025-04-25T11:10:03.755+09:00  INFO 7285 --- [portforu] [main] .RepositoryConfigurationExtensionSupport : Spring Data Elasticsearch - Could not safely identify store assignment for repository candidate interface org.pinggu.portforu.domain.membership.repository.MembershipRepository; If you want this repository to be a Elasticsearch repository, consider annotating your entities with one of these annotations: org.springframework.data.elasticsearch.annotations.Document (preferred), or consider extending one of the following types with your repository: org.springframework.data.elasticsearch.repository.ElasticsearchRepository
2025-04-25T11:10:03.755+09:00  INFO 7285 --- [portforu] [main] .RepositoryConfigurationExtensionSupport : Spring Data Elasticsearch - Could not safely identify store assignment for repository candidate interface org.pinggu.portforu.domain.payment.repository.PaymentRepository; If you want this repository to be a Elasticsearch repository, consider annotating your entities with one of these annotations: org.springframework.data.elasticsearch.annotations.Document (preferred), or consider extending one of the following types with your repository: org.springframework.data.elasticsearch.repository.ElasticsearchRepository
2025-04-25T11:10:03.756+09:00  INFO 7285 --- [portforu] [main] .RepositoryConfigurationExtensionSupport : Spring Data Elasticsearch - Could not safely identify store assignment for repository candidate interface org.pinggu.portforu.domain.portfolio.repository.PortfolioRepository; If you want this repository to be a Elasticsearch repository, consider annotating your entities with one of these annotations: org.springframework.data.elasticsearch.annotations.Document (preferred), or consider extending one of the following types with your repository: org.springframework.data.elasticsearch.repository.ElasticsearchRepository
2025-04-25T11:10:03.756+09:00  INFO 7285 --- [portforu] [main] .RepositoryConfigurationExtensionSupport : Spring Data Elasticsearch - Could not safely identify store assignment for repository candidate interface org.pinggu.portforu.domain.portfolio.repository.UploadedFileRepository; If you want this repository to be a Elasticsearch repository, consider annotating your entities with one of these annotations: org.springframework.data.elasticsearch.annotations.Document (preferred), or consider extending one of the following types with your repository: org.springframework.data.elasticsearch.repository.ElasticsearchRepository
2025-04-25T11:10:03.757+09:00  INFO 7285 --- [portforu] [main] .RepositoryConfigurationExtensionSupport : Spring Data Elasticsearch - Could not safely identify store assignment for repository candidate interface org.pinggu.portforu.domain.scrap.repository.ScrapRepository; If you want this repository to be a Elasticsearch repository, consider annotating your entities with one of these annotations: org.springframework.data.elasticsearch.annotations.Document (preferred), or consider extending one of the following types with your repository: org.springframework.data.elasticsearch.repository.ElasticsearchRepository
2025-04-25T11:10:03.757+09:00  INFO 7285 --- [portforu] [main] .RepositoryConfigurationExtensionSupport : Spring Data Elasticsearch - Could not safely identify store assignment for repository candidate interface org.pinggu.portforu.domain.subscribe.repository.SubscribeRepository; If you want this repository to be a Elasticsearch repository, consider annotating your entities with one of these annotations: org.springframework.data.elasticsearch.annotations.Document (preferred), or consider extending one of the following types with your repository: org.springframework.data.elasticsearch.repository.ElasticsearchRepository
2025-04-25T11:10:03.766+09:00  INFO 7285 --- [portforu] [main] .s.d.r.c.RepositoryConfigurationDelegate : Finished Spring Data repository scanning in 77 ms. Found 1 Elasticsearch repository interface.
2025-04-25T11:10:03.774+09:00  INFO 7285 --- [portforu] [main] .s.d.r.c.RepositoryConfigurationDelegate : Multiple Spring Data modules found, entering strict repository configuration mode
2025-04-25T11:10:03.774+09:00  INFO 7285 --- [portforu] [main] .s.d.r.c.RepositoryConfigurationDelegate : Bootstrapping Spring Data Reactive Elasticsearch repositories in DEFAULT mode.
2025-04-25T11:10:03.779+09:00  INFO 7285 --- [portforu] [main] .RepositoryConfigurationExtensionSupport : Spring Data Reactive Elasticsearch - Could not safely identify store assignment for repository candidate interface org.pinggu.portforu.domain.auth.repository.RefreshTokenRepository; If you want this repository to be a Reactive Elasticsearch repository, consider annotating your entities with one of these annotations: org.springframework.data.elasticsearch.annotations.Document (preferred), or consider extending one of the following types with your repository: org.springframework.data.elasticsearch.repository.ReactiveElasticsearchRepository
2025-04-25T11:10:03.779+09:00  INFO 7285 --- [portforu] [main] .RepositoryConfigurationExtensionSupport : Spring Data Reactive Elasticsearch - Could not safely identify store assignment for repository candidate interface org.pinggu.portforu.domain.comment.repository.CommentRepository; If you want this repository to be a Reactive Elasticsearch repository, consider annotating your entities with one of these annotations: org.springframework.data.elasticsearch.annotations.Document (preferred), or consider extending one of the following types with your repository: org.springframework.data.elasticsearch.repository.ReactiveElasticsearchRepository
2025-04-25T11:10:03.780+09:00  INFO 7285 --- [portforu] [main] .RepositoryConfigurationExtensionSupport : Spring Data Reactive Elasticsearch - Could not safely identify store assignment for repository candidate interface org.pinggu.portforu.domain.jobposting.repository.JobPostingRepository; If you want this repository to be a Reactive Elasticsearch repository, consider annotating your entities with one of these annotations: org.springframework.data.elasticsearch.annotations.Document (preferred), or consider extending one of the following types with your repository: org.springframework.data.elasticsearch.repository.ReactiveElasticsearchRepository
2025-04-25T11:10:03.780+09:00  INFO 7285 --- [portforu] [main] .RepositoryConfigurationExtensionSupport : Spring Data Reactive Elasticsearch - Could not safely identify store assignment for repository candidate interface org.pinggu.portforu.domain.member.repository.MemberRepository; If you want this repository to be a Reactive Elasticsearch repository, consider annotating your entities with one of these annotations: org.springframework.data.elasticsearch.annotations.Document (preferred), or consider extending one of the following types with your repository: org.springframework.data.elasticsearch.repository.ReactiveElasticsearchRepository
2025-04-25T11:10:03.780+09:00  INFO 7285 --- [portforu] [main] .RepositoryConfigurationExtensionSupport : Spring Data Reactive Elasticsearch - Could not safely identify store assignment for repository candidate interface org.pinggu.portforu.domain.membership.repository.MembershipRepository; If you want this repository to be a Reactive Elasticsearch repository, consider annotating your entities with one of these annotations: org.springframework.data.elasticsearch.annotations.Document (preferred), or consider extending one of the following types with your repository: org.springframework.data.elasticsearch.repository.ReactiveElasticsearchRepository
2025-04-25T11:10:03.780+09:00  INFO 7285 --- [portforu] [main] .RepositoryConfigurationExtensionSupport : Spring Data Reactive Elasticsearch - Could not safely identify store assignment for repository candidate interface org.pinggu.portforu.domain.payment.repository.PaymentRepository; If you want this repository to be a Reactive Elasticsearch repository, consider annotating your entities with one of these annotations: org.springframework.data.elasticsearch.annotations.Document (preferred), or consider extending one of the following types with your repository: org.springframework.data.elasticsearch.repository.ReactiveElasticsearchRepository
2025-04-25T11:10:03.781+09:00  INFO 7285 --- [portforu] [main] .RepositoryConfigurationExtensionSupport : Spring Data Reactive Elasticsearch - Could not safely identify store assignment for repository candidate interface org.pinggu.portforu.domain.portfolio.repository.PortfolioRepository; If you want this repository to be a Reactive Elasticsearch repository, consider annotating your entities with one of these annotations: org.springframework.data.elasticsearch.annotations.Document (preferred), or consider extending one of the following types with your repository: org.springframework.data.elasticsearch.repository.ReactiveElasticsearchRepository
2025-04-25T11:10:03.781+09:00  INFO 7285 --- [portforu] [main] .RepositoryConfigurationExtensionSupport : Spring Data Reactive Elasticsearch - Could not safely identify store assignment for repository candidate interface org.pinggu.portforu.domain.portfolio.repository.UploadedFileRepository; If you want this repository to be a Reactive Elasticsearch repository, consider annotating your entities with one of these annotations: org.springframework.data.elasticsearch.annotations.Document (preferred), or consider extending one of the following types with your repository: org.springframework.data.elasticsearch.repository.ReactiveElasticsearchRepository
2025-04-25T11:10:03.781+09:00  INFO 7285 --- [portforu] [main] .RepositoryConfigurationExtensionSupport : Spring Data Reactive Elasticsearch - Could not safely identify store assignment for repository candidate interface org.pinggu.portforu.domain.scrap.repository.ScrapRepository; If you want this repository to be a Reactive Elasticsearch repository, consider annotating your entities with one of these annotations: org.springframework.data.elasticsearch.annotations.Document (preferred), or consider extending one of the following types with your repository: org.springframework.data.elasticsearch.repository.ReactiveElasticsearchRepository
2025-04-25T11:10:03.781+09:00  INFO 7285 --- [portforu] [main] .RepositoryConfigurationExtensionSupport : Spring Data Reactive Elasticsearch - Could not safely identify store assignment for repository candidate interface org.pinggu.portforu.domain.subscribe.repository.SubscribeRepository; If you want this repository to be a Reactive Elasticsearch repository, consider annotating your entities with one of these annotations: org.springframework.data.elasticsearch.annotations.Document (preferred), or consider extending one of the following types with your repository: org.springframework.data.elasticsearch.repository.ReactiveElasticsearchRepository
2025-04-25T11:10:03.781+09:00  INFO 7285 --- [portforu] [main] .s.d.r.c.RepositoryConfigurationDelegate : Finished Spring Data repository scanning in 6 ms. Found 0 Reactive Elasticsearch repository interfaces.
2025-04-25T11:10:03.784+09:00  INFO 7285 --- [portforu] [main] .s.d.r.c.RepositoryConfigurationDelegate : Multiple Spring Data modules found, entering strict repository configuration mode
2025-04-25T11:10:03.785+09:00  INFO 7285 --- [portforu] [main] .s.d.r.c.RepositoryConfigurationDelegate : Bootstrapping Spring Data JPA repositories in DEFAULT mode.
2025-04-25T11:10:03.792+09:00  INFO 7285 --- [portforu] [main] .RepositoryConfigurationExtensionSupport : Spring Data JPA - Could not safely identify store assignment for repository candidate interface org.pinggu.portforu.domain.jobposting.elastic.repository.JobPostingSearchRepository; If you want this repository to be a JPA repository, consider annotating your entities with one of these annotations: jakarta.persistence.Entity, jakarta.persistence.MappedSuperclass (preferred), or consider extending one of the following types with your repository: org.springframework.data.jpa.repository.JpaRepository
2025-04-25T11:10:03.799+09:00  INFO 7285 --- [portforu] [main] .s.d.r.c.RepositoryConfigurationDelegate : Finished Spring Data repository scanning in 12 ms. Found 10 JPA repository interfaces.
2025-04-25T11:10:03.806+09:00  INFO 7285 --- [portforu] [main] .s.d.r.c.RepositoryConfigurationDelegate : Multiple Spring Data modules found, entering strict repository configuration mode
2025-04-25T11:10:03.806+09:00  INFO 7285 --- [portforu] [main] .s.d.r.c.RepositoryConfigurationDelegate : Bootstrapping Spring Data Redis repositories in DEFAULT mode.
2025-04-25T11:10:03.814+09:00  INFO 7285 --- [portforu] [main] .RepositoryConfigurationExtensionSupport : Spring Data Redis - Could not safely identify store assignment for repository candidate interface org.pinggu.portforu.domain.auth.repository.RefreshTokenRepository; If you want this repository to be a Redis repository, consider annotating your entities with one of these annotations: org.springframework.data.redis.core.RedisHash (preferred), or consider extending one of the following types with your repository: org.springframework.data.keyvalue.repository.KeyValueRepository
2025-04-25T11:10:03.814+09:00  INFO 7285 --- [portforu] [main] .RepositoryConfigurationExtensionSupport : Spring Data Redis - Could not safely identify store assignment for repository candidate interface org.pinggu.portforu.domain.comment.repository.CommentRepository; If you want this repository to be a Redis repository, consider annotating your entities with one of these annotations: org.springframework.data.redis.core.RedisHash (preferred), or consider extending one of the following types with your repository: org.springframework.data.keyvalue.repository.KeyValueRepository
2025-04-25T11:10:03.814+09:00  INFO 7285 --- [portforu] [main] .RepositoryConfigurationExtensionSupport : Spring Data Redis - Could not safely identify store assignment for repository candidate interface org.pinggu.portforu.domain.jobposting.elastic.repository.JobPostingSearchRepository; If you want this repository to be a Redis repository, consider annotating your entities with one of these annotations: org.springframework.data.redis.core.RedisHash (preferred), or consider extending one of the following types with your repository: org.springframework.data.keyvalue.repository.KeyValueRepository
2025-04-25T11:10:03.814+09:00  INFO 7285 --- [portforu] [main] .RepositoryConfigurationExtensionSupport : Spring Data Redis - Could not safely identify store assignment for repository candidate interface org.pinggu.portforu.domain.jobposting.repository.JobPostingRepository; If you want this repository to be a Redis repository, consider annotating your entities with one of these annotations: org.springframework.data.redis.core.RedisHash (preferred), or consider extending one of the following types with your repository: org.springframework.data.keyvalue.repository.KeyValueRepository
2025-04-25T11:10:03.814+09:00  INFO 7285 --- [portforu] [main] .RepositoryConfigurationExtensionSupport : Spring Data Redis - Could not safely identify store assignment for repository candidate interface org.pinggu.portforu.domain.member.repository.MemberRepository; If you want this repository to be a Redis repository, consider annotating your entities with one of these annotations: org.springframework.data.redis.core.RedisHash (preferred), or consider extending one of the following types with your repository: org.springframework.data.keyvalue.repository.KeyValueRepository
2025-04-25T11:10:03.814+09:00  INFO 7285 --- [portforu] [main] .RepositoryConfigurationExtensionSupport : Spring Data Redis - Could not safely identify store assignment for repository candidate interface org.pinggu.portforu.domain.membership.repository.MembershipRepository; If you want this repository to be a Redis repository, consider annotating your entities with one of these annotations: org.springframework.data.redis.core.RedisHash (preferred), or consider extending one of the following types with your repository: org.springframework.data.keyvalue.repository.KeyValueRepository
2025-04-25T11:10:03.814+09:00  INFO 7285 --- [portforu] [main] .RepositoryConfigurationExtensionSupport : Spring Data Redis - Could not safely identify store assignment for repository candidate interface org.pinggu.portforu.domain.payment.repository.PaymentRepository; If you want this repository to be a Redis repository, consider annotating your entities with one of these annotations: org.springframework.data.redis.core.RedisHash (preferred), or consider extending one of the following types with your repository: org.springframework.data.keyvalue.repository.KeyValueRepository
2025-04-25T11:10:03.814+09:00  INFO 7285 --- [portforu] [main] .RepositoryConfigurationExtensionSupport : Spring Data Redis - Could not safely identify store assignment for repository candidate interface org.pinggu.portforu.domain.portfolio.repository.PortfolioRepository; If you want this repository to be a Redis repository, consider annotating your entities with one of these annotations: org.springframework.data.redis.core.RedisHash (preferred), or consider extending one of the following types with your repository: org.springframework.data.keyvalue.repository.KeyValueRepository
2025-04-25T11:10:03.814+09:00  INFO 7285 --- [portforu] [main] .RepositoryConfigurationExtensionSupport : Spring Data Redis - Could not safely identify store assignment for repository candidate interface org.pinggu.portforu.domain.portfolio.repository.UploadedFileRepository; If you want this repository to be a Redis repository, consider annotating your entities with one of these annotations: org.springframework.data.redis.core.RedisHash (preferred), or consider extending one of the following types with your repository: org.springframework.data.keyvalue.repository.KeyValueRepository
2025-04-25T11:10:03.814+09:00  INFO 7285 --- [portforu] [main] .RepositoryConfigurationExtensionSupport : Spring Data Redis - Could not safely identify store assignment for repository candidate interface org.pinggu.portforu.domain.scrap.repository.ScrapRepository; If you want this repository to be a Redis repository, consider annotating your entities with one of these annotations: org.springframework.data.redis.core.RedisHash (preferred), or consider extending one of the following types with your repository: org.springframework.data.keyvalue.repository.KeyValueRepository
2025-04-25T11:10:03.815+09:00  INFO 7285 --- [portforu] [main] .RepositoryConfigurationExtensionSupport : Spring Data Redis - Could not safely identify store assignment for repository candidate interface org.pinggu.portforu.domain.subscribe.repository.SubscribeRepository; If you want this repository to be a Redis repository, consider annotating your entities with one of these annotations: org.springframework.data.redis.core.RedisHash (preferred), or consider extending one of the following types with your repository: org.springframework.data.keyvalue.repository.KeyValueRepository
2025-04-25T11:10:03.815+09:00  INFO 7285 --- [portforu] [main] .s.d.r.c.RepositoryConfigurationDelegate : Finished Spring Data repository scanning in 5 ms. Found 0 Redis repository interfaces.
2025-04-25T11:10:04.180+09:00  INFO 7285 --- [portforu] [main] o.s.b.w.embedded.tomcat.TomcatWebServer  : Tomcat initialized with port 8080 (http)
2025-04-25T11:10:04.187+09:00  INFO 7285 --- [portforu] [main] o.apache.catalina.core.StandardService   : Starting service [Tomcat]
2025-04-25T11:10:04.187+09:00  INFO 7285 --- [portforu] [main] o.apache.catalina.core.StandardEngine    : Starting Servlet engine: [Apache Tomcat/10.1.39]
2025-04-25T11:10:04.210+09:00  INFO 7285 --- [portforu] [main] o.a.c.c.C.[Tomcat].[localhost].[/]       : Initializing Spring embedded WebApplicationContext
2025-04-25T11:10:04.211+09:00  INFO 7285 --- [portforu] [main] w.s.c.ServletWebServerApplicationContext : Root WebApplicationContext: initialization completed in 909 ms
2025-04-25T11:10:04.295+09:00  INFO 7285 --- [portforu] [main] o.hibernate.jpa.internal.util.LogHelper  : HHH000204: Processing PersistenceUnitInfo [name: default]
2025-04-25T11:10:04.322+09:00  INFO 7285 --- [portforu] [main] org.hibernate.Version                    : HHH000412: Hibernate ORM core version 6.6.11.Final
2025-04-25T11:10:04.339+09:00  INFO 7285 --- [portforu] [main] o.h.c.internal.RegionFactoryInitiator    : HHH000026: Second-level cache disabled
2025-04-25T11:10:04.472+09:00  INFO 7285 --- [portforu] [main] o.s.o.j.p.SpringPersistenceUnitInfo      : No LoadTimeWeaver setup: ignoring JPA class transformer
2025-04-25T11:10:04.486+09:00  INFO 7285 --- [portforu] [main] com.zaxxer.hikari.HikariDataSource       : HikariPool-1 - Starting...
2025-04-25T11:10:04.611+09:00  INFO 7285 --- [portforu] [main] com.zaxxer.hikari.pool.HikariPool        : HikariPool-1 - Added connection com.mysql.cj.jdbc.ConnectionImpl@2699b656
2025-04-25T11:10:04.612+09:00  INFO 7285 --- [portforu] [main] com.zaxxer.hikari.HikariDataSource       : HikariPool-1 - Start completed.
2025-04-25T11:10:04.652+09:00  INFO 7285 --- [portforu] [main] org.hibernate.orm.connections.pooling    : HHH10001005: Database info:
	Database JDBC URL [Connecting through datasource 'HikariDataSource (HikariPool-1)']
	Database driver: undefined/unknown
	Database version: 9.2
	Autocommit mode: undefined/unknown
	Isolation level: undefined/unknown
	Minimum pool size: undefined/unknown
	Maximum pool size: undefined/unknown
2025-04-25T11:10:05.154+09:00  INFO 7285 --- [portforu] [main] o.h.e.t.j.p.i.JtaPlatformInitiator       : HHH000489: No JTA platform available (set 'hibernate.transaction.jta.platform' to enable JTA platform integration)
2025-04-25T11:10:05.251+09:00  INFO 7285 --- [portforu] [main] j.LocalContainerEntityManagerFactoryBean : Initialized JPA EntityManagerFactory for persistence unit 'default'
2025-04-25T11:10:05.453+09:00  INFO 7285 --- [portforu] [main] o.s.d.j.r.query.QueryEnhancerFactory     : Hibernate is in classpath; If applicable, HQL parser will be used.
2025-04-25T11:10:06.132+09:00  WARN 7285 --- [portforu] [main] com.amazonaws.util.VersionInfoUtils      : The AWS SDK for Java 1.x entered maintenance mode starting July 31, 2024 and will reach end of support on December 31, 2025. For more information, see https://aws.amazon.com/blogs/developer/the-aws-sdk-for-java-1-x-is-in-maintenance-mode-effective-july-31-2024/
You can print where on the file system the AWS SDK for Java 1.x core runtime is located by setting the AWS_JAVA_V1_PRINT_LOCATION environment variable or aws.java.v1.printLocation system property to 'true'.
This message can be disabled by setting the AWS_JAVA_V1_DISABLE_DEPRECATION_ANNOUNCEMENT environment variable or aws.java.v1.disableDeprecationAnnouncement system property to 'true'.
The AWS SDK for Java 1.x is being used here:
at java.base/java.lang.Thread.getStackTrace(Thread.java:1619)
at com.amazonaws.util.VersionInfoUtils.printDeprecationAnnouncement(VersionInfoUtils.java:81)
at com.amazonaws.util.VersionInfoUtils.<clinit>(VersionInfoUtils.java:59)
at com.amazonaws.internal.EC2ResourceFetcher.<clinit>(EC2ResourceFetcher.java:44)
at com.amazonaws.auth.InstanceMetadataServiceCredentialsFetcher.<init>(InstanceMetadataServiceCredentialsFetcher.java:38)
at com.amazonaws.auth.InstanceProfileCredentialsProvider.<init>(InstanceProfileCredentialsProvider.java:111)
at com.amazonaws.auth.InstanceProfileCredentialsProvider.<init>(InstanceProfileCredentialsProvider.java:91)
at com.amazonaws.auth.InstanceProfileCredentialsProvider.<init>(InstanceProfileCredentialsProvider.java:75)
at com.amazonaws.auth.InstanceProfileCredentialsProvider.<clinit>(InstanceProfileCredentialsProvider.java:58)
at com.amazonaws.auth.EC2ContainerCredentialsProviderWrapper.initializeProvider(EC2ContainerCredentialsProviderWrapper.java:66)
at com.amazonaws.auth.EC2ContainerCredentialsProviderWrapper.<init>(EC2ContainerCredentialsProviderWrapper.java:55)
at com.amazonaws.auth.DefaultAWSCredentialsProviderChain.<init>(DefaultAWSCredentialsProviderChain.java:60)
at com.amazonaws.auth.DefaultAWSCredentialsProviderChain.<clinit>(DefaultAWSCredentialsProviderChain.java:54)
at com.amazonaws.services.s3.AmazonS3ClientBuilder.standard(AmazonS3ClientBuilder.java:46)
at org.pinggu.portforu.config.S3Config.amazonS3(S3Config.java:26)
at org.pinggu.portforu.config.S3Config$$SpringCGLIB$$0.CGLIB$amazonS3$0(<generated>)
at org.pinggu.portforu.config.S3Config$$SpringCGLIB$$FastClass$$1.invoke(<generated>)
at org.springframework.cglib.proxy.MethodProxy.invokeSuper(MethodProxy.java:258)
at org.springframework.context.annotation.ConfigurationClassEnhancer$BeanMethodInterceptor.intercept(ConfigurationClassEnhancer.java:370)
at org.pinggu.portforu.config.S3Config$$SpringCGLIB$$0.amazonS3(<generated>)
at java.base/jdk.internal.reflect.NativeMethodAccessorImpl.invoke0(Native Method)
at java.base/jdk.internal.reflect.NativeMethodAccessorImpl.invoke(NativeMethodAccessorImpl.java:77)
at java.base/jdk.internal.reflect.DelegatingMethodAccessorImpl.invoke(DelegatingMethodAccessorImpl.java:43)
at java.base/java.lang.reflect.Method.invoke(Method.java:569)
at org.springframework.beans.factory.support.SimpleInstantiationStrategy.lambda$instantiate$0(SimpleInstantiationStrategy.java:171)
at org.springframework.beans.factory.support.SimpleInstantiationStrategy.instantiateWithFactoryMethod(SimpleInstantiationStrategy.java:88)
at org.springframework.beans.factory.support.SimpleInstantiationStrategy.instantiate(SimpleInstantiationStrategy.java:168)
at org.springframework.beans.factory.support.ConstructorResolver.instantiate(ConstructorResolver.java:653)
at org.springframework.beans.factory.support.ConstructorResolver.instantiateUsingFactoryMethod(ConstructorResolver.java:489)
at org.springframework.beans.factory.support.AbstractAutowireCapableBeanFactory.instantiateUsingFactoryMethod(AbstractAutowireCapableBeanFactory.java:1361)
at org.springframework.beans.factory.support.AbstractAutowireCapableBeanFactory.createBeanInstance(AbstractAutowireCapableBeanFactory.java:1191)
at org.springframework.beans.factory.support.AbstractAutowireCapableBeanFactory.doCreateBean(AbstractAutowireCapableBeanFactory.java:563)
at org.springframework.beans.factory.support.AbstractAutowireCapableBeanFactory.createBean(AbstractAutowireCapableBeanFactory.java:523)
at org.springframework.beans.factory.support.AbstractBeanFactory.lambda$doGetBean$0(AbstractBeanFactory.java:339)
at org.springframework.beans.factory.support.DefaultSingletonBeanRegistry.getSingleton(DefaultSingletonBeanRegistry.java:347)
at org.springframework.beans.factory.support.AbstractBeanFactory.doGetBean(AbstractBeanFactory.java:337)
at org.springframework.beans.factory.support.AbstractBeanFactory.getBean(AbstractBeanFactory.java:202)
at org.springframework.beans.factory.support.DefaultListableBeanFactory.doResolveDependency(DefaultListableBeanFactory.java:1609)
at org.springframework.beans.factory.support.DefaultListableBeanFactory.resolveDependency(DefaultListableBeanFactory.java:1555)
at org.springframework.beans.factory.support.ConstructorResolver.resolveAutowiredArgument(ConstructorResolver.java:913)
at org.springframework.beans.factory.support.ConstructorResolver.createArgumentArray(ConstructorResolver.java:791)
at org.springframework.beans.factory.support.ConstructorResolver.autowireConstructor(ConstructorResolver.java:240)
at org.springframework.beans.factory.support.AbstractAutowireCapableBeanFactory.autowireConstructor(AbstractAutowireCapableBeanFactory.java:1381)
at org.springframework.beans.factory.support.AbstractAutowireCapableBeanFactory.createBeanInstance(AbstractAutowireCapableBeanFactory.java:1218)
at org.springframework.beans.factory.support.AbstractAutowireCapableBeanFactory.doCreateBean(AbstractAutowireCapableBeanFactory.java:563)
at org.springframework.beans.factory.support.AbstractAutowireCapableBeanFactory.createBean(AbstractAutowireCapableBeanFactory.java:523)
at org.springframework.beans.factory.support.AbstractBeanFactory.lambda$doGetBean$0(AbstractBeanFactory.java:339)
at org.springframework.beans.factory.support.DefaultSingletonBeanRegistry.getSingleton(DefaultSingletonBeanRegistry.java:347)
at org.springframework.beans.factory.support.AbstractBeanFactory.doGetBean(AbstractBeanFactory.java:337)
at org.springframework.beans.factory.support.AbstractBeanFactory.getBean(AbstractBeanFactory.java:202)
at org.springframework.beans.factory.support.DefaultListableBeanFactory.doResolveDependency(DefaultListableBeanFactory.java:1609)
at org.springframework.beans.factory.support.DefaultListableBeanFactory.resolveDependency(DefaultListableBeanFactory.java:1555)
at org.springframework.beans.factory.support.ConstructorResolver.resolveAutowiredArgument(ConstructorResolver.java:913)
at org.springframework.beans.factory.support.ConstructorResolver.createArgumentArray(ConstructorResolver.java:791)
at org.springframework.beans.factory.support.ConstructorResolver.autowireConstructor(ConstructorResolver.java:240)
at org.springframework.beans.factory.support.AbstractAutowireCapableBeanFactory.autowireConstructor(AbstractAutowireCapableBeanFactory.java:1381)
at org.springframework.beans.factory.support.AbstractAutowireCapableBeanFactory.createBeanInstance(AbstractAutowireCapableBeanFactory.java:1218)
at org.springframework.beans.factory.support.AbstractAutowireCapableBeanFactory.doCreateBean(AbstractAutowireCapableBeanFactory.java:563)
at org.springframework.beans.factory.support.AbstractAutowireCapableBeanFactory.createBean(AbstractAutowireCapableBeanFactory.java:523)
at org.springframework.beans.factory.support.AbstractBeanFactory.lambda$doGetBean$0(AbstractBeanFactory.java:339)
at org.springframework.beans.factory.support.DefaultSingletonBeanRegistry.getSingleton(DefaultSingletonBeanRegistry.java:347)
at org.springframework.beans.factory.support.AbstractBeanFactory.doGetBean(AbstractBeanFactory.java:337)
at org.springframework.beans.factory.support.AbstractBeanFactory.getBean(AbstractBeanFactory.java:202)
at org.springframework.beans.factory.support.DefaultListableBeanFactory.doResolveDependency(DefaultListableBeanFactory.java:1609)
at org.springframework.beans.factory.support.DefaultListableBeanFactory.resolveDependency(DefaultListableBeanFactory.java:1555)
at org.springframework.beans.factory.support.ConstructorResolver.resolveAutowiredArgument(ConstructorResolver.java:913)
at org.springframework.beans.factory.support.ConstructorResolver.createArgumentArray(ConstructorResolver.java:791)
at org.springframework.beans.factory.support.ConstructorResolver.autowireConstructor(ConstructorResolver.java:240)
at org.springframework.beans.factory.support.AbstractAutowireCapableBeanFactory.autowireConstructor(AbstractAutowireCapableBeanFactory.java:1381)
at org.springframework.beans.factory.support.AbstractAutowireCapableBeanFactory.createBeanInstance(AbstractAutowireCapableBeanFactory.java:1218)
at org.springframework.beans.factory.support.AbstractAutowireCapableBeanFactory.doCreateBean(AbstractAutowireCapableBeanFactory.java:563)
at org.springframework.beans.factory.support.AbstractAutowireCapableBeanFactory.createBean(AbstractAutowireCapableBeanFactory.java:523)
at org.springframework.beans.factory.support.AbstractBeanFactory.lambda$doGetBean$0(AbstractBeanFactory.java:339)
at org.springframework.beans.factory.support.DefaultSingletonBeanRegistry.getSingleton(DefaultSingletonBeanRegistry.java:347)
at org.springframework.beans.factory.support.AbstractBeanFactory.doGetBean(AbstractBeanFactory.java:337)
at org.springframework.beans.factory.support.AbstractBeanFactory.getBean(AbstractBeanFactory.java:202)
at org.springframework.beans.factory.support.DefaultListableBeanFactory.instantiateSingleton(DefaultListableBeanFactory.java:1155)
at org.springframework.beans.factory.support.DefaultListableBeanFactory.preInstantiateSingleton(DefaultListableBeanFactory.java:1121)
at org.springframework.beans.factory.support.DefaultListableBeanFactory.preInstantiateSingletons(DefaultListableBeanFactory.java:1056)
at org.springframework.context.support.AbstractApplicationContext.finishBeanFactoryInitialization(AbstractApplicationContext.java:987)
at org.springframework.context.support.AbstractApplicationContext.refresh(AbstractApplicationContext.java:627)
at org.springframework.boot.web.servlet.context.ServletWebServerApplicationContext.refresh(ServletWebServerApplicationContext.java:146)
at org.springframework.boot.SpringApplication.refresh(SpringApplication.java:752)
at org.springframework.boot.SpringApplication.refreshContext(SpringApplication.java:439)
at org.springframework.boot.SpringApplication.run(SpringApplication.java:318)
at org.springframework.boot.SpringApplication.run(SpringApplication.java:1361)
at org.springframework.boot.SpringApplication.run(SpringApplication.java:1350)
at org.pinggu.portforu.PortforuApplication.main(PortforuApplication.java:12)
2025-04-25T11:10:06.296+09:00  WARN 7285 --- [portforu] [main] JpaBaseConfiguration$JpaWebConfiguration : spring.jpa.open-in-view is enabled by default. Therefore, database queries may be performed during view rendering. Explicitly configure spring.jpa.open-in-view to disable this warning
2025-04-25T11:10:06.335+09:00 DEBUG 7285 --- [portforu] [main] swordEncoderAuthenticationManagerBuilder : No authenticationProviders and no parentAuthenticationManager defined. Returning null.
2025-04-25T11:10:06.498+09:00 DEBUG 7285 --- [portforu] [main] o.s.s.web.DefaultSecurityFilterChain     : Will secure any request with filters: DisableEncodeUrlFilter, WebAsyncManagerIntegrationFilter, SecurityContextHolderFilter, HeaderWriterFilter, OAuth2AuthorizationRequestRedirectFilter, OAuth2LoginAuthenticationFilter, DefaultResourcesFilter, DefaultLoginPageGeneratingFilter, RequestCacheAwareFilter, JwtAuthenticationFilter, SecurityContextHolderAwareRequestFilter, AnonymousAuthenticationFilter, SessionManagementFilter, ExceptionTranslationFilter, AuthorizationFilter
2025-04-25T11:10:06.864+09:00  INFO 7285 --- [portforu] [main] o.s.b.w.embedded.tomcat.TomcatWebServer  : Tomcat started on port 8080 (http) with context path '/'
2025-04-25T11:10:06.873+09:00  INFO 7285 --- [portforu] [main] o.pinggu.portforu.PortforuApplication    : Started PortforuApplication in 3.787 seconds (process running for 4.025)
2025-04-25T11:36:25.831+09:00  INFO 7285 --- [portforu] [SpringApplicationShutdownHook] o.s.b.w.e.tomcat.GracefulShutdown        : Commencing graceful shutdown. Waiting for active requests to complete
2025-04-25T11:36:25.837+09:00  INFO 7285 --- [portforu] [tomcat-shutdown] o.s.b.w.e.tomcat.GracefulShutdown        : Graceful shutdown complete
2025-04-25T11:36:25.881+09:00  INFO 7285 --- [portforu] [SpringApplicationShutdownHook] j.LocalContainerEntityManagerFactoryBean : Closing JPA EntityManagerFactory for persistence unit 'default'
2025-04-25T11:36:25.884+09:00  INFO 7285 --- [portforu] [SpringApplicationShutdownHook] com.zaxxer.hikari.HikariDataSource       : HikariPool-1 - Shutdown initiated...
2025-04-25T11:36:25.891+09:00  INFO 7285 --- [portforu] [SpringApplicationShutdownHook] com.zaxxer.hikari.HikariDataSource       : HikariPool-1 - Shutdown completed.
2025-04-25T11:36:28.309+09:00  INFO 8385 --- [portforu] [main] o.pinggu.portforu.PortforuApplication    : Starting PortforuApplication using Java 17.0.13 with PID 8385 (/Users/t2023-m0111/IdeaProjects/portforu/build/classes/java/main started by t2023-m0111 in /Users/t2023-m0111/IdeaProjects/portforu)
2025-04-25T11:36:28.311+09:00  INFO 8385 --- [portforu] [main] o.pinggu.portforu.PortforuApplication    : The following 1 profile is active: "local"
2025-04-25T11:36:28.708+09:00  INFO 8385 --- [portforu] [main] .s.d.r.c.RepositoryConfigurationDelegate : Multiple Spring Data modules found, entering strict repository configuration mode
2025-04-25T11:36:28.709+09:00  INFO 8385 --- [portforu] [main] .s.d.r.c.RepositoryConfigurationDelegate : Bootstrapping Spring Data Elasticsearch repositories in DEFAULT mode.
2025-04-25T11:36:28.731+09:00  INFO 8385 --- [portforu] [main] .RepositoryConfigurationExtensionSupport : Spring Data Elasticsearch - Could not safely identify store assignment for repository candidate interface org.pinggu.portforu.domain.auth.repository.RefreshTokenRepository; If you want this repository to be a Elasticsearch repository, consider annotating your entities with one of these annotations: org.springframework.data.elasticsearch.annotations.Document (preferred), or consider extending one of the following types with your repository: org.springframework.data.elasticsearch.repository.ElasticsearchRepository
2025-04-25T11:36:28.732+09:00  INFO 8385 --- [portforu] [main] .RepositoryConfigurationExtensionSupport : Spring Data Elasticsearch - Could not safely identify store assignment for repository candidate interface org.pinggu.portforu.domain.comment.repository.CommentRepository; If you want this repository to be a Elasticsearch repository, consider annotating your entities with one of these annotations: org.springframework.data.elasticsearch.annotations.Document (preferred), or consider extending one of the following types with your repository: org.springframework.data.elasticsearch.repository.ElasticsearchRepository
2025-04-25T11:36:28.780+09:00  INFO 8385 --- [portforu] [main] .RepositoryConfigurationExtensionSupport : Spring Data Elasticsearch - Could not safely identify store assignment for repository candidate interface org.pinggu.portforu.domain.jobposting.repository.JobPostingRepository; If you want this repository to be a Elasticsearch repository, consider annotating your entities with one of these annotations: org.springframework.data.elasticsearch.annotations.Document (preferred), or consider extending one of the following types with your repository: org.springframework.data.elasticsearch.repository.ElasticsearchRepository
2025-04-25T11:36:28.780+09:00  INFO 8385 --- [portforu] [main] .RepositoryConfigurationExtensionSupport : Spring Data Elasticsearch - Could not safely identify store assignment for repository candidate interface org.pinggu.portforu.domain.member.repository.MemberRepository; If you want this repository to be a Elasticsearch repository, consider annotating your entities with one of these annotations: org.springframework.data.elasticsearch.annotations.Document (preferred), or consider extending one of the following types with your repository: org.springframework.data.elasticsearch.repository.ElasticsearchRepository
2025-04-25T11:36:28.781+09:00  INFO 8385 --- [portforu] [main] .RepositoryConfigurationExtensionSupport : Spring Data Elasticsearch - Could not safely identify store assignment for repository candidate interface org.pinggu.portforu.domain.membership.repository.MembershipRepository; If you want this repository to be a Elasticsearch repository, consider annotating your entities with one of these annotations: org.springframework.data.elasticsearch.annotations.Document (preferred), or consider extending one of the following types with your repository: org.springframework.data.elasticsearch.repository.ElasticsearchRepository
2025-04-25T11:36:28.781+09:00  INFO 8385 --- [portforu] [main] .RepositoryConfigurationExtensionSupport : Spring Data Elasticsearch - Could not safely identify store assignment for repository candidate interface org.pinggu.portforu.domain.payment.repository.PaymentRepository; If you want this repository to be a Elasticsearch repository, consider annotating your entities with one of these annotations: org.springframework.data.elasticsearch.annotations.Document (preferred), or consider extending one of the following types with your repository: org.springframework.data.elasticsearch.repository.ElasticsearchRepository
2025-04-25T11:36:28.781+09:00  INFO 8385 --- [portforu] [main] .RepositoryConfigurationExtensionSupport : Spring Data Elasticsearch - Could not safely identify store assignment for repository candidate interface org.pinggu.portforu.domain.portfolio.repository.PortfolioRepository; If you want this repository to be a Elasticsearch repository, consider annotating your entities with one of these annotations: org.springframework.data.elasticsearch.annotations.Document (preferred), or consider extending one of the following types with your repository: org.springframework.data.elasticsearch.repository.ElasticsearchRepository
2025-04-25T11:36:28.782+09:00  INFO 8385 --- [portforu] [main] .RepositoryConfigurationExtensionSupport : Spring Data Elasticsearch - Could not safely identify store assignment for repository candidate interface org.pinggu.portforu.domain.portfolio.repository.UploadedFileRepository; If you want this repository to be a Elasticsearch repository, consider annotating your entities with one of these annotations: org.springframework.data.elasticsearch.annotations.Document (preferred), or consider extending one of the following types with your repository: org.springframework.data.elasticsearch.repository.ElasticsearchRepository
2025-04-25T11:36:28.782+09:00  INFO 8385 --- [portforu] [main] .RepositoryConfigurationExtensionSupport : Spring Data Elasticsearch - Could not safely identify store assignment for repository candidate interface org.pinggu.portforu.domain.scrap.repository.ScrapRepository; If you want this repository to be a Elasticsearch repository, consider annotating your entities with one of these annotations: org.springframework.data.elasticsearch.annotations.Document (preferred), or consider extending one of the following types with your repository: org.springframework.data.elasticsearch.repository.ElasticsearchRepository
2025-04-25T11:36:28.783+09:00  INFO 8385 --- [portforu] [main] .RepositoryConfigurationExtensionSupport : Spring Data Elasticsearch - Could not safely identify store assignment for repository candidate interface org.pinggu.portforu.domain.subscribe.repository.SubscribeRepository; If you want this repository to be a Elasticsearch repository, consider annotating your entities with one of these annotations: org.springframework.data.elasticsearch.annotations.Document (preferred), or consider extending one of the following types with your repository: org.springframework.data.elasticsearch.repository.ElasticsearchRepository
2025-04-25T11:36:28.790+09:00  INFO 8385 --- [portforu] [main] .s.d.r.c.RepositoryConfigurationDelegate : Finished Spring Data repository scanning in 77 ms. Found 1 Elasticsearch repository interface.
2025-04-25T11:36:28.793+09:00  INFO 8385 --- [portforu] [main] .s.d.r.c.RepositoryConfigurationDelegate : Multiple Spring Data modules found, entering strict repository configuration mode
2025-04-25T11:36:28.793+09:00  INFO 8385 --- [portforu] [main] .s.d.r.c.RepositoryConfigurationDelegate : Bootstrapping Spring Data Reactive Elasticsearch repositories in DEFAULT mode.
2025-04-25T11:36:28.797+09:00  INFO 8385 --- [portforu] [main] .RepositoryConfigurationExtensionSupport : Spring Data Reactive Elasticsearch - Could not safely identify store assignment for repository candidate interface org.pinggu.portforu.domain.auth.repository.RefreshTokenRepository; If you want this repository to be a Reactive Elasticsearch repository, consider annotating your entities with one of these annotations: org.springframework.data.elasticsearch.annotations.Document (preferred), or consider extending one of the following types with your repository: org.springframework.data.elasticsearch.repository.ReactiveElasticsearchRepository
2025-04-25T11:36:28.797+09:00  INFO 8385 --- [portforu] [main] .RepositoryConfigurationExtensionSupport : Spring Data Reactive Elasticsearch - Could not safely identify store assignment for repository candidate interface org.pinggu.portforu.domain.comment.repository.CommentRepository; If you want this repository to be a Reactive Elasticsearch repository, consider annotating your entities with one of these annotations: org.springframework.data.elasticsearch.annotations.Document (preferred), or consider extending one of the following types with your repository: org.springframework.data.elasticsearch.repository.ReactiveElasticsearchRepository
2025-04-25T11:36:28.799+09:00  INFO 8385 --- [portforu] [main] .RepositoryConfigurationExtensionSupport : Spring Data Reactive Elasticsearch - Could not safely identify store assignment for repository candidate interface org.pinggu.portforu.domain.jobposting.repository.JobPostingRepository; If you want this repository to be a Reactive Elasticsearch repository, consider annotating your entities with one of these annotations: org.springframework.data.elasticsearch.annotations.Document (preferred), or consider extending one of the following types with your repository: org.springframework.data.elasticsearch.repository.ReactiveElasticsearchRepository
2025-04-25T11:36:28.799+09:00  INFO 8385 --- [portforu] [main] .RepositoryConfigurationExtensionSupport : Spring Data Reactive Elasticsearch - Could not safely identify store assignment for repository candidate interface org.pinggu.portforu.domain.member.repository.MemberRepository; If you want this repository to be a Reactive Elasticsearch repository, consider annotating your entities with one of these annotations: org.springframework.data.elasticsearch.annotations.Document (preferred), or consider extending one of the following types with your repository: org.springframework.data.elasticsearch.repository.ReactiveElasticsearchRepository
2025-04-25T11:36:28.799+09:00  INFO 8385 --- [portforu] [main] .RepositoryConfigurationExtensionSupport : Spring Data Reactive Elasticsearch - Could not safely identify store assignment for repository candidate interface org.pinggu.portforu.domain.membership.repository.MembershipRepository; If you want this repository to be a Reactive Elasticsearch repository, consider annotating your entities with one of these annotations: org.springframework.data.elasticsearch.annotations.Document (preferred), or consider extending one of the following types with your repository: org.springframework.data.elasticsearch.repository.ReactiveElasticsearchRepository
2025-04-25T11:36:28.799+09:00  INFO 8385 --- [portforu] [main] .RepositoryConfigurationExtensionSupport : Spring Data Reactive Elasticsearch - Could not safely identify store assignment for repository candidate interface org.pinggu.portforu.domain.payment.repository.PaymentRepository; If you want this repository to be a Reactive Elasticsearch repository, consider annotating your entities with one of these annotations: org.springframework.data.elasticsearch.annotations.Document (preferred), or consider extending one of the following types with your repository: org.springframework.data.elasticsearch.repository.ReactiveElasticsearchRepository
2025-04-25T11:36:28.799+09:00  INFO 8385 --- [portforu] [main] .RepositoryConfigurationExtensionSupport : Spring Data Reactive Elasticsearch - Could not safely identify store assignment for repository candidate interface org.pinggu.portforu.domain.portfolio.repository.PortfolioRepository; If you want this repository to be a Reactive Elasticsearch repository, consider annotating your entities with one of these annotations: org.springframework.data.elasticsearch.annotations.Document (preferred), or consider extending one of the following types with your repository: org.springframework.data.elasticsearch.repository.ReactiveElasticsearchRepository
2025-04-25T11:36:28.799+09:00  INFO 8385 --- [portforu] [main] .RepositoryConfigurationExtensionSupport : Spring Data Reactive Elasticsearch - Could not safely identify store assignment for repository candidate interface org.pinggu.portforu.domain.portfolio.repository.UploadedFileRepository; If you want this repository to be a Reactive Elasticsearch repository, consider annotating your entities with one of these annotations: org.springframework.data.elasticsearch.annotations.Document (preferred), or consider extending one of the following types with your repository: org.springframework.data.elasticsearch.repository.ReactiveElasticsearchRepository
2025-04-25T11:36:28.799+09:00  INFO 8385 --- [portforu] [main] .RepositoryConfigurationExtensionSupport : Spring Data Reactive Elasticsearch - Could not safely identify store assignment for repository candidate interface org.pinggu.portforu.domain.scrap.repository.ScrapRepository; If you want this repository to be a Reactive Elasticsearch repository, consider annotating your entities with one of these annotations: org.springframework.data.elasticsearch.annotations.Document (preferred), or consider extending one of the following types with your repository: org.springframework.data.elasticsearch.repository.ReactiveElasticsearchRepository
2025-04-25T11:36:28.799+09:00  INFO 8385 --- [portforu] [main] .RepositoryConfigurationExtensionSupport : Spring Data Reactive Elasticsearch - Could not safely identify store assignment for repository candidate interface org.pinggu.portforu.domain.subscribe.repository.SubscribeRepository; If you want this repository to be a Reactive Elasticsearch repository, consider annotating your entities with one of these annotations: org.springframework.data.elasticsearch.annotations.Document (preferred), or consider extending one of the following types with your repository: org.springframework.data.elasticsearch.repository.ReactiveElasticsearchRepository
2025-04-25T11:36:28.799+09:00  INFO 8385 --- [portforu] [main] .s.d.r.c.RepositoryConfigurationDelegate : Finished Spring Data repository scanning in 5 ms. Found 0 Reactive Elasticsearch repository interfaces.
2025-04-25T11:36:28.802+09:00  INFO 8385 --- [portforu] [main] .s.d.r.c.RepositoryConfigurationDelegate : Multiple Spring Data modules found, entering strict repository configuration mode
2025-04-25T11:36:28.803+09:00  INFO 8385 --- [portforu] [main] .s.d.r.c.RepositoryConfigurationDelegate : Bootstrapping Spring Data JPA repositories in DEFAULT mode.
2025-04-25T11:36:28.810+09:00  INFO 8385 --- [portforu] [main] .RepositoryConfigurationExtensionSupport : Spring Data JPA - Could not safely identify store assignment for repository candidate interface org.pinggu.portforu.domain.jobposting.elastic.repository.JobPostingSearchRepository; If you want this repository to be a JPA repository, consider annotating your entities with one of these annotations: jakarta.persistence.Entity, jakarta.persistence.MappedSuperclass (preferred), or consider extending one of the following types with your repository: org.springframework.data.jpa.repository.JpaRepository
2025-04-25T11:36:28.818+09:00  INFO 8385 --- [portforu] [main] .s.d.r.c.RepositoryConfigurationDelegate : Finished Spring Data repository scanning in 12 ms. Found 10 JPA repository interfaces.
2025-04-25T11:36:28.824+09:00  INFO 8385 --- [portforu] [main] .s.d.r.c.RepositoryConfigurationDelegate : Multiple Spring Data modules found, entering strict repository configuration mode
2025-04-25T11:36:28.825+09:00  INFO 8385 --- [portforu] [main] .s.d.r.c.RepositoryConfigurationDelegate : Bootstrapping Spring Data Redis repositories in DEFAULT mode.
2025-04-25T11:36:28.833+09:00  INFO 8385 --- [portforu] [main] .RepositoryConfigurationExtensionSupport : Spring Data Redis - Could not safely identify store assignment for repository candidate interface org.pinggu.portforu.domain.auth.repository.RefreshTokenRepository; If you want this repository to be a Redis repository, consider annotating your entities with one of these annotations: org.springframework.data.redis.core.RedisHash (preferred), or consider extending one of the following types with your repository: org.springframework.data.keyvalue.repository.KeyValueRepository
2025-04-25T11:36:28.833+09:00  INFO 8385 --- [portforu] [main] .RepositoryConfigurationExtensionSupport : Spring Data Redis - Could not safely identify store assignment for repository candidate interface org.pinggu.portforu.domain.comment.repository.CommentRepository; If you want this repository to be a Redis repository, consider annotating your entities with one of these annotations: org.springframework.data.redis.core.RedisHash (preferred), or consider extending one of the following types with your repository: org.springframework.data.keyvalue.repository.KeyValueRepository
2025-04-25T11:36:28.833+09:00  INFO 8385 --- [portforu] [main] .RepositoryConfigurationExtensionSupport : Spring Data Redis - Could not safely identify store assignment for repository candidate interface org.pinggu.portforu.domain.jobposting.elastic.repository.JobPostingSearchRepository; If you want this repository to be a Redis repository, consider annotating your entities with one of these annotations: org.springframework.data.redis.core.RedisHash (preferred), or consider extending one of the following types with your repository: org.springframework.data.keyvalue.repository.KeyValueRepository
2025-04-25T11:36:28.833+09:00  INFO 8385 --- [portforu] [main] .RepositoryConfigurationExtensionSupport : Spring Data Redis - Could not safely identify store assignment for repository candidate interface org.pinggu.portforu.domain.jobposting.repository.JobPostingRepository; If you want this repository to be a Redis repository, consider annotating your entities with one of these annotations: org.springframework.data.redis.core.RedisHash (preferred), or consider extending one of the following types with your repository: org.springframework.data.keyvalue.repository.KeyValueRepository
2025-04-25T11:36:28.833+09:00  INFO 8385 --- [portforu] [main] .RepositoryConfigurationExtensionSupport : Spring Data Redis - Could not safely identify store assignment for repository candidate interface org.pinggu.portforu.domain.member.repository.MemberRepository; If you want this repository to be a Redis repository, consider annotating your entities with one of these annotations: org.springframework.data.redis.core.RedisHash (preferred), or consider extending one of the following types with your repository: org.springframework.data.keyvalue.repository.KeyValueRepository
2025-04-25T11:36:28.833+09:00  INFO 8385 --- [portforu] [main] .RepositoryConfigurationExtensionSupport : Spring Data Redis - Could not safely identify store assignment for repository candidate interface org.pinggu.portforu.domain.membership.repository.MembershipRepository; If you want this repository to be a Redis repository, consider annotating your entities with one of these annotations: org.springframework.data.redis.core.RedisHash (preferred), or consider extending one of the following types with your repository: org.springframework.data.keyvalue.repository.KeyValueRepository
2025-04-25T11:36:28.833+09:00  INFO 8385 --- [portforu] [main] .RepositoryConfigurationExtensionSupport : Spring Data Redis - Could not safely identify store assignment for repository candidate interface org.pinggu.portforu.domain.payment.repository.PaymentRepository; If you want this repository to be a Redis repository, consider annotating your entities with one of these annotations: org.springframework.data.redis.core.RedisHash (preferred), or consider extending one of the following types with your repository: org.springframework.data.keyvalue.repository.KeyValueRepository
2025-04-25T11:36:28.833+09:00  INFO 8385 --- [portforu] [main] .RepositoryConfigurationExtensionSupport : Spring Data Redis - Could not safely identify store assignment for repository candidate interface org.pinggu.portforu.domain.portfolio.repository.PortfolioRepository; If you want this repository to be a Redis repository, consider annotating your entities with one of these annotations: org.springframework.data.redis.core.RedisHash (preferred), or consider extending one of the following types with your repository: org.springframework.data.keyvalue.repository.KeyValueRepository
2025-04-25T11:36:28.833+09:00  INFO 8385 --- [portforu] [main] .RepositoryConfigurationExtensionSupport : Spring Data Redis - Could not safely identify store assignment for repository candidate interface org.pinggu.portforu.domain.portfolio.repository.UploadedFileRepository; If you want this repository to be a Redis repository, consider annotating your entities with one of these annotations: org.springframework.data.redis.core.RedisHash (preferred), or consider extending one of the following types with your repository: org.springframework.data.keyvalue.repository.KeyValueRepository
2025-04-25T11:36:28.833+09:00  INFO 8385 --- [portforu] [main] .RepositoryConfigurationExtensionSupport : Spring Data Redis - Could not safely identify store assignment for repository candidate interface org.pinggu.portforu.domain.scrap.repository.ScrapRepository; If you want this repository to be a Redis repository, consider annotating your entities with one of these annotations: org.springframework.data.redis.core.RedisHash (preferred), or consider extending one of the following types with your repository: org.springframework.data.keyvalue.repository.KeyValueRepository
2025-04-25T11:36:28.833+09:00  INFO 8385 --- [portforu] [main] .RepositoryConfigurationExtensionSupport : Spring Data Redis - Could not safely identify store assignment for repository candidate interface org.pinggu.portforu.domain.subscribe.repository.SubscribeRepository; If you want this repository to be a Redis repository, consider annotating your entities with one of these annotations: org.springframework.data.redis.core.RedisHash (preferred), or consider extending one of the following types with your repository: org.springframework.data.keyvalue.repository.KeyValueRepository
2025-04-25T11:36:28.833+09:00  INFO 8385 --- [portforu] [main] .s.d.r.c.RepositoryConfigurationDelegate : Finished Spring Data repository scanning in 4 ms. Found 0 Redis repository interfaces.
2025-04-25T11:36:29.194+09:00  INFO 8385 --- [portforu] [main] o.s.b.w.embedded.tomcat.TomcatWebServer  : Tomcat initialized with port 8080 (http)
2025-04-25T11:36:29.201+09:00  INFO 8385 --- [portforu] [main] o.apache.catalina.core.StandardService   : Starting service [Tomcat]
2025-04-25T11:36:29.201+09:00  INFO 8385 --- [portforu] [main] o.apache.catalina.core.StandardEngine    : Starting Servlet engine: [Apache Tomcat/10.1.39]
2025-04-25T11:36:29.223+09:00  INFO 8385 --- [portforu] [main] o.a.c.c.C.[Tomcat].[localhost].[/]       : Initializing Spring embedded WebApplicationContext
2025-04-25T11:36:29.223+09:00  INFO 8385 --- [portforu] [main] w.s.c.ServletWebServerApplicationContext : Root WebApplicationContext: initialization completed in 894 ms
2025-04-25T11:36:29.314+09:00  INFO 8385 --- [portforu] [main] o.hibernate.jpa.internal.util.LogHelper  : HHH000204: Processing PersistenceUnitInfo [name: default]
2025-04-25T11:36:29.347+09:00  INFO 8385 --- [portforu] [main] org.hibernate.Version                    : HHH000412: Hibernate ORM core version 6.6.11.Final
2025-04-25T11:36:29.363+09:00  INFO 8385 --- [portforu] [main] o.h.c.internal.RegionFactoryInitiator    : HHH000026: Second-level cache disabled
2025-04-25T11:36:29.497+09:00  INFO 8385 --- [portforu] [main] o.s.o.j.p.SpringPersistenceUnitInfo      : No LoadTimeWeaver setup: ignoring JPA class transformer
2025-04-25T11:36:29.510+09:00  INFO 8385 --- [portforu] [main] com.zaxxer.hikari.HikariDataSource       : HikariPool-1 - Starting...
2025-04-25T11:36:29.630+09:00  INFO 8385 --- [portforu] [main] com.zaxxer.hikari.pool.HikariPool        : HikariPool-1 - Added connection com.mysql.cj.jdbc.ConnectionImpl@7d43f1c9
2025-04-25T11:36:29.631+09:00  INFO 8385 --- [portforu] [main] com.zaxxer.hikari.HikariDataSource       : HikariPool-1 - Start completed.
2025-04-25T11:36:29.672+09:00  INFO 8385 --- [portforu] [main] org.hibernate.orm.connections.pooling    : HHH10001005: Database info:
	Database JDBC URL [Connecting through datasource 'HikariDataSource (HikariPool-1)']
	Database driver: undefined/unknown
	Database version: 9.2
	Autocommit mode: undefined/unknown
	Isolation level: undefined/unknown
	Minimum pool size: undefined/unknown
	Maximum pool size: undefined/unknown
2025-04-25T11:36:30.156+09:00  INFO 8385 --- [portforu] [main] o.h.e.t.j.p.i.JtaPlatformInitiator       : HHH000489: No JTA platform available (set 'hibernate.transaction.jta.platform' to enable JTA platform integration)
2025-04-25T11:36:30.256+09:00  INFO 8385 --- [portforu] [main] j.LocalContainerEntityManagerFactoryBean : Initialized JPA EntityManagerFactory for persistence unit 'default'
2025-04-25T11:36:30.450+09:00  INFO 8385 --- [portforu] [main] o.s.d.j.r.query.QueryEnhancerFactory     : Hibernate is in classpath; If applicable, HQL parser will be used.
2025-04-25T11:36:31.371+09:00  WARN 8385 --- [portforu] [main] com.amazonaws.util.VersionInfoUtils      : The AWS SDK for Java 1.x entered maintenance mode starting July 31, 2024 and will reach end of support on December 31, 2025. For more information, see https://aws.amazon.com/blogs/developer/the-aws-sdk-for-java-1-x-is-in-maintenance-mode-effective-july-31-2024/
You can print where on the file system the AWS SDK for Java 1.x core runtime is located by setting the AWS_JAVA_V1_PRINT_LOCATION environment variable or aws.java.v1.printLocation system property to 'true'.
This message can be disabled by setting the AWS_JAVA_V1_DISABLE_DEPRECATION_ANNOUNCEMENT environment variable or aws.java.v1.disableDeprecationAnnouncement system property to 'true'.
The AWS SDK for Java 1.x is being used here:
at java.base/java.lang.Thread.getStackTrace(Thread.java:1619)
at com.amazonaws.util.VersionInfoUtils.printDeprecationAnnouncement(VersionInfoUtils.java:81)
at com.amazonaws.util.VersionInfoUtils.<clinit>(VersionInfoUtils.java:59)
at com.amazonaws.internal.EC2ResourceFetcher.<clinit>(EC2ResourceFetcher.java:44)
at com.amazonaws.auth.InstanceMetadataServiceCredentialsFetcher.<init>(InstanceMetadataServiceCredentialsFetcher.java:38)
at com.amazonaws.auth.InstanceProfileCredentialsProvider.<init>(InstanceProfileCredentialsProvider.java:111)
at com.amazonaws.auth.InstanceProfileCredentialsProvider.<init>(InstanceProfileCredentialsProvider.java:91)
at com.amazonaws.auth.InstanceProfileCredentialsProvider.<init>(InstanceProfileCredentialsProvider.java:75)
at com.amazonaws.auth.InstanceProfileCredentialsProvider.<clinit>(InstanceProfileCredentialsProvider.java:58)
at com.amazonaws.auth.EC2ContainerCredentialsProviderWrapper.initializeProvider(EC2ContainerCredentialsProviderWrapper.java:66)
at com.amazonaws.auth.EC2ContainerCredentialsProviderWrapper.<init>(EC2ContainerCredentialsProviderWrapper.java:55)
at com.amazonaws.auth.DefaultAWSCredentialsProviderChain.<init>(DefaultAWSCredentialsProviderChain.java:60)
at com.amazonaws.auth.DefaultAWSCredentialsProviderChain.<clinit>(DefaultAWSCredentialsProviderChain.java:54)
at com.amazonaws.services.s3.AmazonS3ClientBuilder.standard(AmazonS3ClientBuilder.java:46)
at org.pinggu.portforu.config.S3Config.amazonS3(S3Config.java:26)
at org.pinggu.portforu.config.S3Config$$SpringCGLIB$$0.CGLIB$amazonS3$0(<generated>)
at org.pinggu.portforu.config.S3Config$$SpringCGLIB$$FastClass$$1.invoke(<generated>)
at org.springframework.cglib.proxy.MethodProxy.invokeSuper(MethodProxy.java:258)
at org.springframework.context.annotation.ConfigurationClassEnhancer$BeanMethodInterceptor.intercept(ConfigurationClassEnhancer.java:370)
at org.pinggu.portforu.config.S3Config$$SpringCGLIB$$0.amazonS3(<generated>)
at java.base/jdk.internal.reflect.NativeMethodAccessorImpl.invoke0(Native Method)
at java.base/jdk.internal.reflect.NativeMethodAccessorImpl.invoke(NativeMethodAccessorImpl.java:77)
at java.base/jdk.internal.reflect.DelegatingMethodAccessorImpl.invoke(DelegatingMethodAccessorImpl.java:43)
at java.base/java.lang.reflect.Method.invoke(Method.java:569)
at org.springframework.beans.factory.support.SimpleInstantiationStrategy.lambda$instantiate$0(SimpleInstantiationStrategy.java:171)
at org.springframework.beans.factory.support.SimpleInstantiationStrategy.instantiateWithFactoryMethod(SimpleInstantiationStrategy.java:88)
at org.springframework.beans.factory.support.SimpleInstantiationStrategy.instantiate(SimpleInstantiationStrategy.java:168)
at org.springframework.beans.factory.support.ConstructorResolver.instantiate(ConstructorResolver.java:653)
at org.springframework.beans.factory.support.ConstructorResolver.instantiateUsingFactoryMethod(ConstructorResolver.java:489)
at org.springframework.beans.factory.support.AbstractAutowireCapableBeanFactory.instantiateUsingFactoryMethod(AbstractAutowireCapableBeanFactory.java:1361)
at org.springframework.beans.factory.support.AbstractAutowireCapableBeanFactory.createBeanInstance(AbstractAutowireCapableBeanFactory.java:1191)
at org.springframework.beans.factory.support.AbstractAutowireCapableBeanFactory.doCreateBean(AbstractAutowireCapableBeanFactory.java:563)
at org.springframework.beans.factory.support.AbstractAutowireCapableBeanFactory.createBean(AbstractAutowireCapableBeanFactory.java:523)
at org.springframework.beans.factory.support.AbstractBeanFactory.lambda$doGetBean$0(AbstractBeanFactory.java:339)
at org.springframework.beans.factory.support.DefaultSingletonBeanRegistry.getSingleton(DefaultSingletonBeanRegistry.java:347)
at org.springframework.beans.factory.support.AbstractBeanFactory.doGetBean(AbstractBeanFactory.java:337)
at org.springframework.beans.factory.support.AbstractBeanFactory.getBean(AbstractBeanFactory.java:202)
at org.springframework.beans.factory.support.DefaultListableBeanFactory.doResolveDependency(DefaultListableBeanFactory.java:1609)
at org.springframework.beans.factory.support.DefaultListableBeanFactory.resolveDependency(DefaultListableBeanFactory.java:1555)
at org.springframework.beans.factory.support.ConstructorResolver.resolveAutowiredArgument(ConstructorResolver.java:913)
at org.springframework.beans.factory.support.ConstructorResolver.createArgumentArray(ConstructorResolver.java:791)
at org.springframework.beans.factory.support.ConstructorResolver.autowireConstructor(ConstructorResolver.java:240)
at org.springframework.beans.factory.support.AbstractAutowireCapableBeanFactory.autowireConstructor(AbstractAutowireCapableBeanFactory.java:1381)
at org.springframework.beans.factory.support.AbstractAutowireCapableBeanFactory.createBeanInstance(AbstractAutowireCapableBeanFactory.java:1218)
at org.springframework.beans.factory.support.AbstractAutowireCapableBeanFactory.doCreateBean(AbstractAutowireCapableBeanFactory.java:563)
at org.springframework.beans.factory.support.AbstractAutowireCapableBeanFactory.createBean(AbstractAutowireCapableBeanFactory.java:523)
at org.springframework.beans.factory.support.AbstractBeanFactory.lambda$doGetBean$0(AbstractBeanFactory.java:339)
at org.springframework.beans.factory.support.DefaultSingletonBeanRegistry.getSingleton(DefaultSingletonBeanRegistry.java:347)
at org.springframework.beans.factory.support.AbstractBeanFactory.doGetBean(AbstractBeanFactory.java:337)
at org.springframework.beans.factory.support.AbstractBeanFactory.getBean(AbstractBeanFactory.java:202)
at org.springframework.beans.factory.support.DefaultListableBeanFactory.doResolveDependency(DefaultListableBeanFactory.java:1609)
at org.springframework.beans.factory.support.DefaultListableBeanFactory.resolveDependency(DefaultListableBeanFactory.java:1555)
at org.springframework.beans.factory.support.ConstructorResolver.resolveAutowiredArgument(ConstructorResolver.java:913)
at org.springframework.beans.factory.support.ConstructorResolver.createArgumentArray(ConstructorResolver.java:791)
at org.springframework.beans.factory.support.ConstructorResolver.autowireConstructor(ConstructorResolver.java:240)
at org.springframework.beans.factory.support.AbstractAutowireCapableBeanFactory.autowireConstructor(AbstractAutowireCapableBeanFactory.java:1381)
at org.springframework.beans.factory.support.AbstractAutowireCapableBeanFactory.createBeanInstance(AbstractAutowireCapableBeanFactory.java:1218)
at org.springframework.beans.factory.support.AbstractAutowireCapableBeanFactory.doCreateBean(AbstractAutowireCapableBeanFactory.java:563)
at org.springframework.beans.factory.support.AbstractAutowireCapableBeanFactory.createBean(AbstractAutowireCapableBeanFactory.java:523)
at org.springframework.beans.factory.support.AbstractBeanFactory.lambda$doGetBean$0(AbstractBeanFactory.java:339)
at org.springframework.beans.factory.support.DefaultSingletonBeanRegistry.getSingleton(DefaultSingletonBeanRegistry.java:347)
at org.springframework.beans.factory.support.AbstractBeanFactory.doGetBean(AbstractBeanFactory.java:337)
at org.springframework.beans.factory.support.AbstractBeanFactory.getBean(AbstractBeanFactory.java:202)
at org.springframework.beans.factory.support.DefaultListableBeanFactory.doResolveDependency(DefaultListableBeanFactory.java:1609)
at org.springframework.beans.factory.support.DefaultListableBeanFactory.resolveDependency(DefaultListableBeanFactory.java:1555)
at org.springframework.beans.factory.support.ConstructorResolver.resolveAutowiredArgument(ConstructorResolver.java:913)
at org.springframework.beans.factory.support.ConstructorResolver.createArgumentArray(ConstructorResolver.java:791)
at org.springframework.beans.factory.support.ConstructorResolver.autowireConstructor(ConstructorResolver.java:240)
at org.springframework.beans.factory.support.AbstractAutowireCapableBeanFactory.autowireConstructor(AbstractAutowireCapableBeanFactory.java:1381)
at org.springframework.beans.factory.support.AbstractAutowireCapableBeanFactory.createBeanInstance(AbstractAutowireCapableBeanFactory.java:1218)
at org.springframework.beans.factory.support.AbstractAutowireCapableBeanFactory.doCreateBean(AbstractAutowireCapableBeanFactory.java:563)
at org.springframework.beans.factory.support.AbstractAutowireCapableBeanFactory.createBean(AbstractAutowireCapableBeanFactory.java:523)
at org.springframework.beans.factory.support.AbstractBeanFactory.lambda$doGetBean$0(AbstractBeanFactory.java:339)
at org.springframework.beans.factory.support.DefaultSingletonBeanRegistry.getSingleton(DefaultSingletonBeanRegistry.java:347)
at org.springframework.beans.factory.support.AbstractBeanFactory.doGetBean(AbstractBeanFactory.java:337)
at org.springframework.beans.factory.support.AbstractBeanFactory.getBean(AbstractBeanFactory.java:202)
at org.springframework.beans.factory.support.DefaultListableBeanFactory.instantiateSingleton(DefaultListableBeanFactory.java:1155)
at org.springframework.beans.factory.support.DefaultListableBeanFactory.preInstantiateSingleton(DefaultListableBeanFactory.java:1121)
at org.springframework.beans.factory.support.DefaultListableBeanFactory.preInstantiateSingletons(DefaultListableBeanFactory.java:1056)
at org.springframework.context.support.AbstractApplicationContext.finishBeanFactoryInitialization(AbstractApplicationContext.java:987)
at org.springframework.context.support.AbstractApplicationContext.refresh(AbstractApplicationContext.java:627)
at org.springframework.boot.web.servlet.context.ServletWebServerApplicationContext.refresh(ServletWebServerApplicationContext.java:146)
at org.springframework.boot.SpringApplication.refresh(SpringApplication.java:752)
at org.springframework.boot.SpringApplication.refreshContext(SpringApplication.java:439)
at org.springframework.boot.SpringApplication.run(SpringApplication.java:318)
at org.springframework.boot.SpringApplication.run(SpringApplication.java:1361)
at org.springframework.boot.SpringApplication.run(SpringApplication.java:1350)
at org.pinggu.portforu.PortforuApplication.main(PortforuApplication.java:12)
2025-04-25T11:36:31.526+09:00  WARN 8385 --- [portforu] [main] JpaBaseConfiguration$JpaWebConfiguration : spring.jpa.open-in-view is enabled by default. Therefore, database queries may be performed during view rendering. Explicitly configure spring.jpa.open-in-view to disable this warning
2025-04-25T11:36:31.568+09:00 DEBUG 8385 --- [portforu] [main] swordEncoderAuthenticationManagerBuilder : No authenticationProviders and no parentAuthenticationManager defined. Returning null.
2025-04-25T11:36:31.729+09:00 DEBUG 8385 --- [portforu] [main] o.s.s.web.DefaultSecurityFilterChain     : Will secure any request with filters: DisableEncodeUrlFilter, WebAsyncManagerIntegrationFilter, SecurityContextHolderFilter, HeaderWriterFilter, OAuth2AuthorizationRequestRedirectFilter, OAuth2LoginAuthenticationFilter, DefaultResourcesFilter, DefaultLoginPageGeneratingFilter, RequestCacheAwareFilter, JwtAuthenticationFilter, SecurityContextHolderAwareRequestFilter, AnonymousAuthenticationFilter, SessionManagementFilter, ExceptionTranslationFilter, AuthorizationFilter
2025-04-25T11:36:32.052+09:00  INFO 8385 --- [portforu] [main] o.s.b.w.embedded.tomcat.TomcatWebServer  : Tomcat started on port 8080 (http) with context path '/'
2025-04-25T11:36:32.060+09:00  INFO 8385 --- [portforu] [main] o.pinggu.portforu.PortforuApplication    : Started PortforuApplication in 3.943 seconds (process running for 4.246)
2025-04-25T11:36:44.171+09:00  INFO 8385 --- [portforu] [SpringApplicationShutdownHook] o.s.b.w.e.tomcat.GracefulShutdown        : Commencing graceful shutdown. Waiting for active requests to complete
2025-04-25T11:36:44.175+09:00  INFO 8385 --- [portforu] [tomcat-shutdown] o.s.b.w.e.tomcat.GracefulShutdown        : Graceful shutdown complete
2025-04-25T11:36:44.214+09:00  INFO 8385 --- [portforu] [SpringApplicationShutdownHook] j.LocalContainerEntityManagerFactoryBean : Closing JPA EntityManagerFactory for persistence unit 'default'
2025-04-25T11:36:44.215+09:00  INFO 8385 --- [portforu] [SpringApplicationShutdownHook] com.zaxxer.hikari.HikariDataSource       : HikariPool-1 - Shutdown initiated...
2025-04-25T11:36:44.218+09:00  INFO 8385 --- [portforu] [SpringApplicationShutdownHook] com.zaxxer.hikari.HikariDataSource       : HikariPool-1 - Shutdown completed.
2025-04-25T11:36:46.110+09:00  INFO 8403 --- [portforu] [main] o.pinggu.portforu.PortforuApplication    : Starting PortforuApplication using Java 17.0.13 with PID 8403 (/Users/t2023-m0111/IdeaProjects/portforu/build/classes/java/main started by t2023-m0111 in /Users/t2023-m0111/IdeaProjects/portforu)
2025-04-25T11:36:46.111+09:00  INFO 8403 --- [portforu] [main] o.pinggu.portforu.PortforuApplication    : The following 1 profile is active: "local"
2025-04-25T11:36:46.498+09:00  INFO 8403 --- [portforu] [main] .s.d.r.c.RepositoryConfigurationDelegate : Multiple Spring Data modules found, entering strict repository configuration mode
2025-04-25T11:36:46.499+09:00  INFO 8403 --- [portforu] [main] .s.d.r.c.RepositoryConfigurationDelegate : Bootstrapping Spring Data Elasticsearch repositories in DEFAULT mode.
2025-04-25T11:36:46.520+09:00  INFO 8403 --- [portforu] [main] .RepositoryConfigurationExtensionSupport : Spring Data Elasticsearch - Could not safely identify store assignment for repository candidate interface org.pinggu.portforu.domain.auth.repository.RefreshTokenRepository; If you want this repository to be a Elasticsearch repository, consider annotating your entities with one of these annotations: org.springframework.data.elasticsearch.annotations.Document (preferred), or consider extending one of the following types with your repository: org.springframework.data.elasticsearch.repository.ElasticsearchRepository
2025-04-25T11:36:46.521+09:00  INFO 8403 --- [portforu] [main] .RepositoryConfigurationExtensionSupport : Spring Data Elasticsearch - Could not safely identify store assignment for repository candidate interface org.pinggu.portforu.domain.comment.repository.CommentRepository; If you want this repository to be a Elasticsearch repository, consider annotating your entities with one of these annotations: org.springframework.data.elasticsearch.annotations.Document (preferred), or consider extending one of the following types with your repository: org.springframework.data.elasticsearch.repository.ElasticsearchRepository
2025-04-25T11:36:46.569+09:00  INFO 8403 --- [portforu] [main] .RepositoryConfigurationExtensionSupport : Spring Data Elasticsearch - Could not safely identify store assignment for repository candidate interface org.pinggu.portforu.domain.jobposting.repository.JobPostingRepository; If you want this repository to be a Elasticsearch repository, consider annotating your entities with one of these annotations: org.springframework.data.elasticsearch.annotations.Document (preferred), or consider extending one of the following types with your repository: org.springframework.data.elasticsearch.repository.ElasticsearchRepository
2025-04-25T11:36:46.570+09:00  INFO 8403 --- [portforu] [main] .RepositoryConfigurationExtensionSupport : Spring Data Elasticsearch - Could not safely identify store assignment for repository candidate interface org.pinggu.portforu.domain.member.repository.MemberRepository; If you want this repository to be a Elasticsearch repository, consider annotating your entities with one of these annotations: org.springframework.data.elasticsearch.annotations.Document (preferred), or consider extending one of the following types with your repository: org.springframework.data.elasticsearch.repository.ElasticsearchRepository
2025-04-25T11:36:46.570+09:00  INFO 8403 --- [portforu] [main] .RepositoryConfigurationExtensionSupport : Spring Data Elasticsearch - Could not safely identify store assignment for repository candidate interface org.pinggu.portforu.domain.membership.repository.MembershipRepository; If you want this repository to be a Elasticsearch repository, consider annotating your entities with one of these annotations: org.springframework.data.elasticsearch.annotations.Document (preferred), or consider extending one of the following types with your repository: org.springframework.data.elasticsearch.repository.ElasticsearchRepository
2025-04-25T11:36:46.571+09:00  INFO 8403 --- [portforu] [main] .RepositoryConfigurationExtensionSupport : Spring Data Elasticsearch - Could not safely identify store assignment for repository candidate interface org.pinggu.portforu.domain.payment.repository.PaymentRepository; If you want this repository to be a Elasticsearch repository, consider annotating your entities with one of these annotations: org.springframework.data.elasticsearch.annotations.Document (preferred), or consider extending one of the following types with your repository: org.springframework.data.elasticsearch.repository.ElasticsearchRepository
2025-04-25T11:36:46.571+09:00  INFO 8403 --- [portforu] [main] .RepositoryConfigurationExtensionSupport : Spring Data Elasticsearch - Could not safely identify store assignment for repository candidate interface org.pinggu.portforu.domain.portfolio.repository.PortfolioRepository; If you want this repository to be a Elasticsearch repository, consider annotating your entities with one of these annotations: org.springframework.data.elasticsearch.annotations.Document (preferred), or consider extending one of the following types with your repository: org.springframework.data.elasticsearch.repository.ElasticsearchRepository
2025-04-25T11:36:46.572+09:00  INFO 8403 --- [portforu] [main] .RepositoryConfigurationExtensionSupport : Spring Data Elasticsearch - Could not safely identify store assignment for repository candidate interface org.pinggu.portforu.domain.portfolio.repository.UploadedFileRepository; If you want this repository to be a Elasticsearch repository, consider annotating your entities with one of these annotations: org.springframework.data.elasticsearch.annotations.Document (preferred), or consider extending one of the following types with your repository: org.springframework.data.elasticsearch.repository.ElasticsearchRepository
2025-04-25T11:36:46.572+09:00  INFO 8403 --- [portforu] [main] .RepositoryConfigurationExtensionSupport : Spring Data Elasticsearch - Could not safely identify store assignment for repository candidate interface org.pinggu.portforu.domain.scrap.repository.ScrapRepository; If you want this repository to be a Elasticsearch repository, consider annotating your entities with one of these annotations: org.springframework.data.elasticsearch.annotations.Document (preferred), or consider extending one of the following types with your repository: org.springframework.data.elasticsearch.repository.ElasticsearchRepository
2025-04-25T11:36:46.573+09:00  INFO 8403 --- [portforu] [main] .RepositoryConfigurationExtensionSupport : Spring Data Elasticsearch - Could not safely identify store assignment for repository candidate interface org.pinggu.portforu.domain.subscribe.repository.SubscribeRepository; If you want this repository to be a Elasticsearch repository, consider annotating your entities with one of these annotations: org.springframework.data.elasticsearch.annotations.Document (preferred), or consider extending one of the following types with your repository: org.springframework.data.elasticsearch.repository.ElasticsearchRepository
2025-04-25T11:36:46.581+09:00  INFO 8403 --- [portforu] [main] .s.d.r.c.RepositoryConfigurationDelegate : Finished Spring Data repository scanning in 78 ms. Found 1 Elasticsearch repository interface.
2025-04-25T11:36:46.584+09:00  INFO 8403 --- [portforu] [main] .s.d.r.c.RepositoryConfigurationDelegate : Multiple Spring Data modules found, entering strict repository configuration mode
2025-04-25T11:36:46.584+09:00  INFO 8403 --- [portforu] [main] .s.d.r.c.RepositoryConfigurationDelegate : Bootstrapping Spring Data Reactive Elasticsearch repositories in DEFAULT mode.
2025-04-25T11:36:46.588+09:00  INFO 8403 --- [portforu] [main] .RepositoryConfigurationExtensionSupport : Spring Data Reactive Elasticsearch - Could not safely identify store assignment for repository candidate interface org.pinggu.portforu.domain.auth.repository.RefreshTokenRepository; If you want this repository to be a Reactive Elasticsearch repository, consider annotating your entities with one of these annotations: org.springframework.data.elasticsearch.annotations.Document (preferred), or consider extending one of the following types with your repository: org.springframework.data.elasticsearch.repository.ReactiveElasticsearchRepository
2025-04-25T11:36:46.588+09:00  INFO 8403 --- [portforu] [main] .RepositoryConfigurationExtensionSupport : Spring Data Reactive Elasticsearch - Could not safely identify store assignment for repository candidate interface org.pinggu.portforu.domain.comment.repository.CommentRepository; If you want this repository to be a Reactive Elasticsearch repository, consider annotating your entities with one of these annotations: org.springframework.data.elasticsearch.annotations.Document (preferred), or consider extending one of the following types with your repository: org.springframework.data.elasticsearch.repository.ReactiveElasticsearchRepository
2025-04-25T11:36:46.590+09:00  INFO 8403 --- [portforu] [main] .RepositoryConfigurationExtensionSupport : Spring Data Reactive Elasticsearch - Could not safely identify store assignment for repository candidate interface org.pinggu.portforu.domain.jobposting.repository.JobPostingRepository; If you want this repository to be a Reactive Elasticsearch repository, consider annotating your entities with one of these annotations: org.springframework.data.elasticsearch.annotations.Document (preferred), or consider extending one of the following types with your repository: org.springframework.data.elasticsearch.repository.ReactiveElasticsearchRepository
2025-04-25T11:36:46.590+09:00  INFO 8403 --- [portforu] [main] .RepositoryConfigurationExtensionSupport : Spring Data Reactive Elasticsearch - Could not safely identify store assignment for repository candidate interface org.pinggu.portforu.domain.member.repository.MemberRepository; If you want this repository to be a Reactive Elasticsearch repository, consider annotating your entities with one of these annotations: org.springframework.data.elasticsearch.annotations.Document (preferred), or consider extending one of the following types with your repository: org.springframework.data.elasticsearch.repository.ReactiveElasticsearchRepository
2025-04-25T11:36:46.590+09:00  INFO 8403 --- [portforu] [main] .RepositoryConfigurationExtensionSupport : Spring Data Reactive Elasticsearch - Could not safely identify store assignment for repository candidate interface org.pinggu.portforu.domain.membership.repository.MembershipRepository; If you want this repository to be a Reactive Elasticsearch repository, consider annotating your entities with one of these annotations: org.springframework.data.elasticsearch.annotations.Document (preferred), or consider extending one of the following types with your repository: org.springframework.data.elasticsearch.repository.ReactiveElasticsearchRepository
2025-04-25T11:36:46.590+09:00  INFO 8403 --- [portforu] [main] .RepositoryConfigurationExtensionSupport : Spring Data Reactive Elasticsearch - Could not safely identify store assignment for repository candidate interface org.pinggu.portforu.domain.payment.repository.PaymentRepository; If you want this repository to be a Reactive Elasticsearch repository, consider annotating your entities with one of these annotations: org.springframework.data.elasticsearch.annotations.Document (preferred), or consider extending one of the following types with your repository: org.springframework.data.elasticsearch.repository.ReactiveElasticsearchRepository
2025-04-25T11:36:46.590+09:00  INFO 8403 --- [portforu] [main] .RepositoryConfigurationExtensionSupport : Spring Data Reactive Elasticsearch - Could not safely identify store assignment for repository candidate interface org.pinggu.portforu.domain.portfolio.repository.PortfolioRepository; If you want this repository to be a Reactive Elasticsearch repository, consider annotating your entities with one of these annotations: org.springframework.data.elasticsearch.annotations.Document (preferred), or consider extending one of the following types with your repository: org.springframework.data.elasticsearch.repository.ReactiveElasticsearchRepository
2025-04-25T11:36:46.590+09:00  INFO 8403 --- [portforu] [main] .RepositoryConfigurationExtensionSupport : Spring Data Reactive Elasticsearch - Could not safely identify store assignment for repository candidate interface org.pinggu.portforu.domain.portfolio.repository.UploadedFileRepository; If you want this repository to be a Reactive Elasticsearch repository, consider annotating your entities with one of these annotations: org.springframework.data.elasticsearch.annotations.Document (preferred), or consider extending one of the following types with your repository: org.springframework.data.elasticsearch.repository.ReactiveElasticsearchRepository
2025-04-25T11:36:46.590+09:00  INFO 8403 --- [portforu] [main] .RepositoryConfigurationExtensionSupport : Spring Data Reactive Elasticsearch - Could not safely identify store assignment for repository candidate interface org.pinggu.portforu.domain.scrap.repository.ScrapRepository; If you want this repository to be a Reactive Elasticsearch repository, consider annotating your entities with one of these annotations: org.springframework.data.elasticsearch.annotations.Document (preferred), or consider extending one of the following types with your repository: org.springframework.data.elasticsearch.repository.ReactiveElasticsearchRepository
2025-04-25T11:36:46.590+09:00  INFO 8403 --- [portforu] [main] .RepositoryConfigurationExtensionSupport : Spring Data Reactive Elasticsearch - Could not safely identify store assignment for repository candidate interface org.pinggu.portforu.domain.subscribe.repository.SubscribeRepository; If you want this repository to be a Reactive Elasticsearch repository, consider annotating your entities with one of these annotations: org.springframework.data.elasticsearch.annotations.Document (preferred), or consider extending one of the following types with your repository: org.springframework.data.elasticsearch.repository.ReactiveElasticsearchRepository
2025-04-25T11:36:46.590+09:00  INFO 8403 --- [portforu] [main] .s.d.r.c.RepositoryConfigurationDelegate : Finished Spring Data repository scanning in 5 ms. Found 0 Reactive Elasticsearch repository interfaces.
2025-04-25T11:36:46.593+09:00  INFO 8403 --- [portforu] [main] .s.d.r.c.RepositoryConfigurationDelegate : Multiple Spring Data modules found, entering strict repository configuration mode
2025-04-25T11:36:46.594+09:00  INFO 8403 --- [portforu] [main] .s.d.r.c.RepositoryConfigurationDelegate : Bootstrapping Spring Data JPA repositories in DEFAULT mode.
2025-04-25T11:36:46.601+09:00  INFO 8403 --- [portforu] [main] .RepositoryConfigurationExtensionSupport : Spring Data JPA - Could not safely identify store assignment for repository candidate interface org.pinggu.portforu.domain.jobposting.elastic.repository.JobPostingSearchRepository; If you want this repository to be a JPA repository, consider annotating your entities with one of these annotations: jakarta.persistence.Entity, jakarta.persistence.MappedSuperclass (preferred), or consider extending one of the following types with your repository: org.springframework.data.jpa.repository.JpaRepository
2025-04-25T11:36:46.609+09:00  INFO 8403 --- [portforu] [main] .s.d.r.c.RepositoryConfigurationDelegate : Finished Spring Data repository scanning in 12 ms. Found 10 JPA repository interfaces.
2025-04-25T11:36:46.615+09:00  INFO 8403 --- [portforu] [main] .s.d.r.c.RepositoryConfigurationDelegate : Multiple Spring Data modules found, entering strict repository configuration mode
2025-04-25T11:36:46.616+09:00  INFO 8403 --- [portforu] [main] .s.d.r.c.RepositoryConfigurationDelegate : Bootstrapping Spring Data Redis repositories in DEFAULT mode.
2025-04-25T11:36:46.623+09:00  INFO 8403 --- [portforu] [main] .RepositoryConfigurationExtensionSupport : Spring Data Redis - Could not safely identify store assignment for repository candidate interface org.pinggu.portforu.domain.auth.repository.RefreshTokenRepository; If you want this repository to be a Redis repository, consider annotating your entities with one of these annotations: org.springframework.data.redis.core.RedisHash (preferred), or consider extending one of the following types with your repository: org.springframework.data.keyvalue.repository.KeyValueRepository
2025-04-25T11:36:46.623+09:00  INFO 8403 --- [portforu] [main] .RepositoryConfigurationExtensionSupport : Spring Data Redis - Could not safely identify store assignment for repository candidate interface org.pinggu.portforu.domain.comment.repository.CommentRepository; If you want this repository to be a Redis repository, consider annotating your entities with one of these annotations: org.springframework.data.redis.core.RedisHash (preferred), or consider extending one of the following types with your repository: org.springframework.data.keyvalue.repository.KeyValueRepository
2025-04-25T11:36:46.623+09:00  INFO 8403 --- [portforu] [main] .RepositoryConfigurationExtensionSupport : Spring Data Redis - Could not safely identify store assignment for repository candidate interface org.pinggu.portforu.domain.jobposting.elastic.repository.JobPostingSearchRepository; If you want this repository to be a Redis repository, consider annotating your entities with one of these annotations: org.springframework.data.redis.core.RedisHash (preferred), or consider extending one of the following types with your repository: org.springframework.data.keyvalue.repository.KeyValueRepository
2025-04-25T11:36:46.623+09:00  INFO 8403 --- [portforu] [main] .RepositoryConfigurationExtensionSupport : Spring Data Redis - Could not safely identify store assignment for repository candidate interface org.pinggu.portforu.domain.jobposting.repository.JobPostingRepository; If you want this repository to be a Redis repository, consider annotating your entities with one of these annotations: org.springframework.data.redis.core.RedisHash (preferred), or consider extending one of the following types with your repository: org.springframework.data.keyvalue.repository.KeyValueRepository
2025-04-25T11:36:46.623+09:00  INFO 8403 --- [portforu] [main] .RepositoryConfigurationExtensionSupport : Spring Data Redis - Could not safely identify store assignment for repository candidate interface org.pinggu.portforu.domain.member.repository.MemberRepository; If you want this repository to be a Redis repository, consider annotating your entities with one of these annotations: org.springframework.data.redis.core.RedisHash (preferred), or consider extending one of the following types with your repository: org.springframework.data.keyvalue.repository.KeyValueRepository
2025-04-25T11:36:46.623+09:00  INFO 8403 --- [portforu] [main] .RepositoryConfigurationExtensionSupport : Spring Data Redis - Could not safely identify store assignment for repository candidate interface org.pinggu.portforu.domain.membership.repository.MembershipRepository; If you want this repository to be a Redis repository, consider annotating your entities with one of these annotations: org.springframework.data.redis.core.RedisHash (preferred), or consider extending one of the following types with your repository: org.springframework.data.keyvalue.repository.KeyValueRepository
2025-04-25T11:36:46.623+09:00  INFO 8403 --- [portforu] [main] .RepositoryConfigurationExtensionSupport : Spring Data Redis - Could not safely identify store assignment for repository candidate interface org.pinggu.portforu.domain.payment.repository.PaymentRepository; If you want this repository to be a Redis repository, consider annotating your entities with one of these annotations: org.springframework.data.redis.core.RedisHash (preferred), or consider extending one of the following types with your repository: org.springframework.data.keyvalue.repository.KeyValueRepository
2025-04-25T11:36:46.624+09:00  INFO 8403 --- [portforu] [main] .RepositoryConfigurationExtensionSupport : Spring Data Redis - Could not safely identify store assignment for repository candidate interface org.pinggu.portforu.domain.portfolio.repository.PortfolioRepository; If you want this repository to be a Redis repository, consider annotating your entities with one of these annotations: org.springframework.data.redis.core.RedisHash (preferred), or consider extending one of the following types with your repository: org.springframework.data.keyvalue.repository.KeyValueRepository
2025-04-25T11:36:46.624+09:00  INFO 8403 --- [portforu] [main] .RepositoryConfigurationExtensionSupport : Spring Data Redis - Could not safely identify store assignment for repository candidate interface org.pinggu.portforu.domain.portfolio.repository.UploadedFileRepository; If you want this repository to be a Redis repository, consider annotating your entities with one of these annotations: org.springframework.data.redis.core.RedisHash (preferred), or consider extending one of the following types with your repository: org.springframework.data.keyvalue.repository.KeyValueRepository
2025-04-25T11:36:46.624+09:00  INFO 8403 --- [portforu] [main] .RepositoryConfigurationExtensionSupport : Spring Data Redis - Could not safely identify store assignment for repository candidate interface org.pinggu.portforu.domain.scrap.repository.ScrapRepository; If you want this repository to be a Redis repository, consider annotating your entities with one of these annotations: org.springframework.data.redis.core.RedisHash (preferred), or consider extending one of the following types with your repository: org.springframework.data.keyvalue.repository.KeyValueRepository
2025-04-25T11:36:46.624+09:00  INFO 8403 --- [portforu] [main] .RepositoryConfigurationExtensionSupport : Spring Data Redis - Could not safely identify store assignment for repository candidate interface org.pinggu.portforu.domain.subscribe.repository.SubscribeRepository; If you want this repository to be a Redis repository, consider annotating your entities with one of these annotations: org.springframework.data.redis.core.RedisHash (preferred), or consider extending one of the following types with your repository: org.springframework.data.keyvalue.repository.KeyValueRepository
2025-04-25T11:36:46.624+09:00  INFO 8403 --- [portforu] [main] .s.d.r.c.RepositoryConfigurationDelegate : Finished Spring Data repository scanning in 4 ms. Found 0 Redis repository interfaces.
2025-04-25T11:36:46.988+09:00  INFO 8403 --- [portforu] [main] o.s.b.w.embedded.tomcat.TomcatWebServer  : Tomcat initialized with port 8080 (http)
2025-04-25T11:36:46.995+09:00  INFO 8403 --- [portforu] [main] o.apache.catalina.core.StandardService   : Starting service [Tomcat]
2025-04-25T11:36:46.995+09:00  INFO 8403 --- [portforu] [main] o.apache.catalina.core.StandardEngine    : Starting Servlet engine: [Apache Tomcat/10.1.39]
2025-04-25T11:36:47.019+09:00  INFO 8403 --- [portforu] [main] o.a.c.c.C.[Tomcat].[localhost].[/]       : Initializing Spring embedded WebApplicationContext
2025-04-25T11:36:47.019+09:00  INFO 8403 --- [portforu] [main] w.s.c.ServletWebServerApplicationContext : Root WebApplicationContext: initialization completed in 892 ms
2025-04-25T11:36:47.104+09:00  INFO 8403 --- [portforu] [main] o.hibernate.jpa.internal.util.LogHelper  : HHH000204: Processing PersistenceUnitInfo [name: default]
2025-04-25T11:36:47.131+09:00  INFO 8403 --- [portforu] [main] org.hibernate.Version                    : HHH000412: Hibernate ORM core version 6.6.11.Final
2025-04-25T11:36:47.145+09:00  INFO 8403 --- [portforu] [main] o.h.c.internal.RegionFactoryInitiator    : HHH000026: Second-level cache disabled
2025-04-25T11:36:47.278+09:00  INFO 8403 --- [portforu] [main] o.s.o.j.p.SpringPersistenceUnitInfo      : No LoadTimeWeaver setup: ignoring JPA class transformer
2025-04-25T11:36:47.291+09:00  INFO 8403 --- [portforu] [main] com.zaxxer.hikari.HikariDataSource       : HikariPool-1 - Starting...
2025-04-25T11:36:47.408+09:00  INFO 8403 --- [portforu] [main] com.zaxxer.hikari.pool.HikariPool        : HikariPool-1 - Added connection com.mysql.cj.jdbc.ConnectionImpl@372f7bc
2025-04-25T11:36:47.413+09:00  INFO 8403 --- [portforu] [main] com.zaxxer.hikari.HikariDataSource       : HikariPool-1 - Start completed.
2025-04-25T11:36:47.451+09:00  INFO 8403 --- [portforu] [main] org.hibernate.orm.connections.pooling    : HHH10001005: Database info:
	Database JDBC URL [Connecting through datasource 'HikariDataSource (HikariPool-1)']
	Database driver: undefined/unknown
	Database version: 9.2
	Autocommit mode: undefined/unknown
	Isolation level: undefined/unknown
	Minimum pool size: undefined/unknown
	Maximum pool size: undefined/unknown
2025-04-25T11:36:47.946+09:00  INFO 8403 --- [portforu] [main] o.h.e.t.j.p.i.JtaPlatformInitiator       : HHH000489: No JTA platform available (set 'hibernate.transaction.jta.platform' to enable JTA platform integration)
2025-04-25T11:36:47.969+09:00 DEBUG 8403 --- [portforu] [main] org.hibernate.SQL                        : 
    create table comments (
        id bigint not null auto_increment,
        created_at datetime(6),
        is_deleted bit not null,
        updated_at datetime(6),
        content varchar(255) not null,
        member_id bigint not null,
        portfolio_id bigint not null,
        primary key (id)
    ) engine=InnoDB
2025-04-25T11:36:47.979+09:00 DEBUG 8403 --- [portforu] [main] org.hibernate.SQL                        : 
    create table job_postings (
        id bigint not null auto_increment,
        created_at datetime(6),
        is_deleted bit not null,
        updated_at datetime(6),
        company varchar(255) not null,
        duty varchar(255) not null,
        education_level varchar(255) not null,
        employment_type varchar(255) not null,
        experience_years varchar(255) not null,
        hiring_end_at datetime(6),
        hiring_start_at datetime(6),
        key_abilities varchar(255) not null,
        link varchar(255) not null,
        location varchar(255) not null,
        max_experience_years integer,
        min_experience_years integer,
        salary varchar(255) not null,
        skills varchar(255),
        title varchar(255) not null,
        primary key (id)
    ) engine=InnoDB
2025-04-25T11:36:47.987+09:00 DEBUG 8403 --- [portforu] [main] org.hibernate.SQL                        : 
    create table members (
        id bigint not null auto_increment,
        created_at datetime(6),
        is_deleted bit not null,
        updated_at datetime(6),
        address varchar(255) not null,
        email varchar(100) not null,
        name varchar(50) not null,
        password varchar(60) not null,
        phone_number varchar(30) not null,
        provider varchar(255),
        user_role enum ('ROLE_ADMIN','ROLE_USER') not null,
        view_count integer not null,
        primary key (id)
    ) engine=InnoDB
2025-04-25T11:36:47.993+09:00 DEBUG 8403 --- [portforu] [main] org.hibernate.SQL                        : 
    create table memberships (
        id bigint not null auto_increment,
        created_at datetime(6),
        is_deleted bit not null,
        updated_at datetime(6),
        name varchar(50) not null,
        price integer not null,
        quantity integer not null,
        year integer not null,
        primary key (id)
    ) engine=InnoDB
2025-04-25T11:36:47.997+09:00 DEBUG 8403 --- [portforu] [main] org.hibernate.SQL                        : 
    create table payments (
        id bigint not null auto_increment,
        created_at datetime(6),
        is_deleted bit not null,
        updated_at datetime(6),
        payment_key varchar(255),
        payment_method enum ('ACCOUNT_TRANSFER','BOOK_GIFT','CARD','CULTURE_GIFT','GAME_GIFT','MOBILE_PHONE','TOSS_PAY','UNKNOWN','VIRTUAL_ACCOUNT'),
        status enum ('CANCELED','COMPLETED','EXPIRED','FAILED','PENDING'),
        subscribe_id bigint not null,
        primary key (id)
    ) engine=InnoDB
2025-04-25T11:36:48.001+09:00 DEBUG 8403 --- [portforu] [main] org.hibernate.SQL                        : 
    create table portfolios (
        id bigint not null auto_increment,
        created_at datetime(6),
        is_deleted bit not null,
        updated_at datetime(6),
        description TEXT not null,
        file_url varchar(500),
        title varchar(50) not null,
        views integer not null,
        member_id bigint not null,
        primary key (id)
    ) engine=InnoDB
2025-04-25T11:36:48.005+09:00 DEBUG 8403 --- [portforu] [main] org.hibernate.SQL                        : 
    create table refresh_token (
        member_id bigint not null,
        token varchar(512) not null,
        primary key (member_id)
    ) engine=InnoDB
2025-04-25T11:36:48.007+09:00 DEBUG 8403 --- [portforu] [main] org.hibernate.SQL                        : 
    create table scraps (
        id bigint not null auto_increment,
        created_at datetime(6),
        is_deleted bit not null,
        updated_at datetime(6),
        job_posting_id bigint not null,
        member_id bigint not null,
        primary key (id)
    ) engine=InnoDB
2025-04-25T11:36:48.010+09:00 DEBUG 8403 --- [portforu] [main] org.hibernate.SQL                        : 
    create table subscribes (
        id bigint not null auto_increment,
        created_at datetime(6),
        is_deleted bit not null,
        updated_at datetime(6),
        end_date datetime(6) not null,
        start_date datetime(6) not null,
        status enum ('ACTIVE','CANCELED','EXPIRED','FAILED','PENDING') not null,
        member_id bigint not null,
        membership_id bigint not null,
        primary key (id)
    ) engine=InnoDB
2025-04-25T11:36:48.013+09:00 DEBUG 8403 --- [portforu] [main] org.hibernate.SQL                        : 
    create table uploaded_file (
        id bigint not null auto_increment,
        created_at datetime(6),
        file_url varchar(255),
        used bit not null,
        primary key (id)
    ) engine=InnoDB
2025-04-25T11:36:48.016+09:00 DEBUG 8403 --- [portforu] [main] org.hibernate.SQL                        : 
    alter table job_postings 
       drop index UKrctqiu9lyyeym768nw1b25ic7
2025-04-25T11:36:48.022+09:00 DEBUG 8403 --- [portforu] [main] org.hibernate.SQL                        : 
    alter table job_postings 
       add constraint UKrctqiu9lyyeym768nw1b25ic7 unique (link)
2025-04-25T11:36:48.030+09:00 DEBUG 8403 --- [portforu] [main] org.hibernate.SQL                        : 
    alter table members 
       drop index UK9d30a9u1qpg8eou0otgkwrp5d
2025-04-25T11:36:48.031+09:00 DEBUG 8403 --- [portforu] [main] org.hibernate.SQL                        : 
    alter table members 
       add constraint UK9d30a9u1qpg8eou0otgkwrp5d unique (email)
2025-04-25T11:36:48.035+09:00 DEBUG 8403 --- [portforu] [main] org.hibernate.SQL                        : 
    alter table payments 
       drop index UKt2i4hg2yv378mnognr5r20ukw
2025-04-25T11:36:48.036+09:00 DEBUG 8403 --- [portforu] [main] org.hibernate.SQL                        : 
    alter table payments 
       add constraint UKt2i4hg2yv378mnognr5r20ukw unique (subscribe_id)
2025-04-25T11:36:48.039+09:00 DEBUG 8403 --- [portforu] [main] org.hibernate.SQL                        : 
    alter table comments 
       add constraint FKkv22t54g17a6hvj7hbn6byh5s 
       foreign key (member_id) 
       references members (id)
2025-04-25T11:36:48.048+09:00 DEBUG 8403 --- [portforu] [main] org.hibernate.SQL                        : 
    alter table comments 
       add constraint FK5cwxj0hna6dqmgdwwh8jsncln 
       foreign key (portfolio_id) 
       references portfolios (id)
2025-04-25T11:36:48.058+09:00 DEBUG 8403 --- [portforu] [main] org.hibernate.SQL                        : 
    alter table payments 
       add constraint FKb1214sjecn8nd2f1b0shp3lpo 
       foreign key (subscribe_id) 
       references subscribes (id)
2025-04-25T11:36:48.066+09:00 DEBUG 8403 --- [portforu] [main] org.hibernate.SQL                        : 
    alter table portfolios 
       add constraint FKonyc71oyvfe6f7u5ut93hwfbf 
       foreign key (member_id) 
       references members (id)
2025-04-25T11:36:48.074+09:00 DEBUG 8403 --- [portforu] [main] org.hibernate.SQL                        : 
    alter table scraps 
       add constraint FKmqtt9v6pl7qy7jglcin8bcmkm 
       foreign key (job_posting_id) 
       references job_postings (id)
2025-04-25T11:36:48.080+09:00 DEBUG 8403 --- [portforu] [main] org.hibernate.SQL                        : 
    alter table scraps 
       add constraint FKhe5gvk4bvdo4b68mtxueq0wot 
       foreign key (member_id) 
       references members (id)
2025-04-25T11:36:48.086+09:00 DEBUG 8403 --- [portforu] [main] org.hibernate.SQL                        : 
    alter table subscribes 
       add constraint FK1ll7f1tjs7lt3xiqfcbrfmdum 
       foreign key (member_id) 
       references members (id)
2025-04-25T11:36:48.102+09:00 DEBUG 8403 --- [portforu] [main] org.hibernate.SQL                        : 
    alter table subscribes 
       add constraint FKhnsopwrnsd8c21915rj71d2jx 
       foreign key (membership_id) 
       references memberships (id)
2025-04-25T11:36:48.115+09:00  INFO 8403 --- [portforu] [main] j.LocalContainerEntityManagerFactoryBean : Initialized JPA EntityManagerFactory for persistence unit 'default'
2025-04-25T11:36:48.324+09:00  INFO 8403 --- [portforu] [main] o.s.d.j.r.query.QueryEnhancerFactory     : Hibernate is in classpath; If applicable, HQL parser will be used.
2025-04-25T11:36:48.992+09:00  WARN 8403 --- [portforu] [main] com.amazonaws.util.VersionInfoUtils      : The AWS SDK for Java 1.x entered maintenance mode starting July 31, 2024 and will reach end of support on December 31, 2025. For more information, see https://aws.amazon.com/blogs/developer/the-aws-sdk-for-java-1-x-is-in-maintenance-mode-effective-july-31-2024/
You can print where on the file system the AWS SDK for Java 1.x core runtime is located by setting the AWS_JAVA_V1_PRINT_LOCATION environment variable or aws.java.v1.printLocation system property to 'true'.
This message can be disabled by setting the AWS_JAVA_V1_DISABLE_DEPRECATION_ANNOUNCEMENT environment variable or aws.java.v1.disableDeprecationAnnouncement system property to 'true'.
The AWS SDK for Java 1.x is being used here:
at java.base/java.lang.Thread.getStackTrace(Thread.java:1619)
at com.amazonaws.util.VersionInfoUtils.printDeprecationAnnouncement(VersionInfoUtils.java:81)
at com.amazonaws.util.VersionInfoUtils.<clinit>(VersionInfoUtils.java:59)
at com.amazonaws.internal.EC2ResourceFetcher.<clinit>(EC2ResourceFetcher.java:44)
at com.amazonaws.auth.InstanceMetadataServiceCredentialsFetcher.<init>(InstanceMetadataServiceCredentialsFetcher.java:38)
at com.amazonaws.auth.InstanceProfileCredentialsProvider.<init>(InstanceProfileCredentialsProvider.java:111)
at com.amazonaws.auth.InstanceProfileCredentialsProvider.<init>(InstanceProfileCredentialsProvider.java:91)
at com.amazonaws.auth.InstanceProfileCredentialsProvider.<init>(InstanceProfileCredentialsProvider.java:75)
at com.amazonaws.auth.InstanceProfileCredentialsProvider.<clinit>(InstanceProfileCredentialsProvider.java:58)
at com.amazonaws.auth.EC2ContainerCredentialsProviderWrapper.initializeProvider(EC2ContainerCredentialsProviderWrapper.java:66)
at com.amazonaws.auth.EC2ContainerCredentialsProviderWrapper.<init>(EC2ContainerCredentialsProviderWrapper.java:55)
at com.amazonaws.auth.DefaultAWSCredentialsProviderChain.<init>(DefaultAWSCredentialsProviderChain.java:60)
at com.amazonaws.auth.DefaultAWSCredentialsProviderChain.<clinit>(DefaultAWSCredentialsProviderChain.java:54)
at com.amazonaws.services.s3.AmazonS3ClientBuilder.standard(AmazonS3ClientBuilder.java:46)
at org.pinggu.portforu.config.S3Config.amazonS3(S3Config.java:26)
at org.pinggu.portforu.config.S3Config$$SpringCGLIB$$0.CGLIB$amazonS3$0(<generated>)
at org.pinggu.portforu.config.S3Config$$SpringCGLIB$$FastClass$$1.invoke(<generated>)
at org.springframework.cglib.proxy.MethodProxy.invokeSuper(MethodProxy.java:258)
at org.springframework.context.annotation.ConfigurationClassEnhancer$BeanMethodInterceptor.intercept(ConfigurationClassEnhancer.java:370)
at org.pinggu.portforu.config.S3Config$$SpringCGLIB$$0.amazonS3(<generated>)
at java.base/jdk.internal.reflect.NativeMethodAccessorImpl.invoke0(Native Method)
at java.base/jdk.internal.reflect.NativeMethodAccessorImpl.invoke(NativeMethodAccessorImpl.java:77)
at java.base/jdk.internal.reflect.DelegatingMethodAccessorImpl.invoke(DelegatingMethodAccessorImpl.java:43)
at java.base/java.lang.reflect.Method.invoke(Method.java:569)
at org.springframework.beans.factory.support.SimpleInstantiationStrategy.lambda$instantiate$0(SimpleInstantiationStrategy.java:171)
at org.springframework.beans.factory.support.SimpleInstantiationStrategy.instantiateWithFactoryMethod(SimpleInstantiationStrategy.java:88)
at org.springframework.beans.factory.support.SimpleInstantiationStrategy.instantiate(SimpleInstantiationStrategy.java:168)
at org.springframework.beans.factory.support.ConstructorResolver.instantiate(ConstructorResolver.java:653)
at org.springframework.beans.factory.support.ConstructorResolver.instantiateUsingFactoryMethod(ConstructorResolver.java:489)
at org.springframework.beans.factory.support.AbstractAutowireCapableBeanFactory.instantiateUsingFactoryMethod(AbstractAutowireCapableBeanFactory.java:1361)
at org.springframework.beans.factory.support.AbstractAutowireCapableBeanFactory.createBeanInstance(AbstractAutowireCapableBeanFactory.java:1191)
at org.springframework.beans.factory.support.AbstractAutowireCapableBeanFactory.doCreateBean(AbstractAutowireCapableBeanFactory.java:563)
at org.springframework.beans.factory.support.AbstractAutowireCapableBeanFactory.createBean(AbstractAutowireCapableBeanFactory.java:523)
at org.springframework.beans.factory.support.AbstractBeanFactory.lambda$doGetBean$0(AbstractBeanFactory.java:339)
at org.springframework.beans.factory.support.DefaultSingletonBeanRegistry.getSingleton(DefaultSingletonBeanRegistry.java:347)
at org.springframework.beans.factory.support.AbstractBeanFactory.doGetBean(AbstractBeanFactory.java:337)
at org.springframework.beans.factory.support.AbstractBeanFactory.getBean(AbstractBeanFactory.java:202)
at org.springframework.beans.factory.support.DefaultListableBeanFactory.doResolveDependency(DefaultListableBeanFactory.java:1609)
at org.springframework.beans.factory.support.DefaultListableBeanFactory.resolveDependency(DefaultListableBeanFactory.java:1555)
at org.springframework.beans.factory.support.ConstructorResolver.resolveAutowiredArgument(ConstructorResolver.java:913)
at org.springframework.beans.factory.support.ConstructorResolver.createArgumentArray(ConstructorResolver.java:791)
at org.springframework.beans.factory.support.ConstructorResolver.autowireConstructor(ConstructorResolver.java:240)
at org.springframework.beans.factory.support.AbstractAutowireCapableBeanFactory.autowireConstructor(AbstractAutowireCapableBeanFactory.java:1381)
at org.springframework.beans.factory.support.AbstractAutowireCapableBeanFactory.createBeanInstance(AbstractAutowireCapableBeanFactory.java:1218)
at org.springframework.beans.factory.support.AbstractAutowireCapableBeanFactory.doCreateBean(AbstractAutowireCapableBeanFactory.java:563)
at org.springframework.beans.factory.support.AbstractAutowireCapableBeanFactory.createBean(AbstractAutowireCapableBeanFactory.java:523)
at org.springframework.beans.factory.support.AbstractBeanFactory.lambda$doGetBean$0(AbstractBeanFactory.java:339)
at org.springframework.beans.factory.support.DefaultSingletonBeanRegistry.getSingleton(DefaultSingletonBeanRegistry.java:347)
at org.springframework.beans.factory.support.AbstractBeanFactory.doGetBean(AbstractBeanFactory.java:337)
at org.springframework.beans.factory.support.AbstractBeanFactory.getBean(AbstractBeanFactory.java:202)
at org.springframework.beans.factory.support.DefaultListableBeanFactory.doResolveDependency(DefaultListableBeanFactory.java:1609)
at org.springframework.beans.factory.support.DefaultListableBeanFactory.resolveDependency(DefaultListableBeanFactory.java:1555)
at org.springframework.beans.factory.support.ConstructorResolver.resolveAutowiredArgument(ConstructorResolver.java:913)
at org.springframework.beans.factory.support.ConstructorResolver.createArgumentArray(ConstructorResolver.java:791)
at org.springframework.beans.factory.support.ConstructorResolver.autowireConstructor(ConstructorResolver.java:240)
at org.springframework.beans.factory.support.AbstractAutowireCapableBeanFactory.autowireConstructor(AbstractAutowireCapableBeanFactory.java:1381)
at org.springframework.beans.factory.support.AbstractAutowireCapableBeanFactory.createBeanInstance(AbstractAutowireCapableBeanFactory.java:1218)
at org.springframework.beans.factory.support.AbstractAutowireCapableBeanFactory.doCreateBean(AbstractAutowireCapableBeanFactory.java:563)
at org.springframework.beans.factory.support.AbstractAutowireCapableBeanFactory.createBean(AbstractAutowireCapableBeanFactory.java:523)
at org.springframework.beans.factory.support.AbstractBeanFactory.lambda$doGetBean$0(AbstractBeanFactory.java:339)
at org.springframework.beans.factory.support.DefaultSingletonBeanRegistry.getSingleton(DefaultSingletonBeanRegistry.java:347)
at org.springframework.beans.factory.support.AbstractBeanFactory.doGetBean(AbstractBeanFactory.java:337)
at org.springframework.beans.factory.support.AbstractBeanFactory.getBean(AbstractBeanFactory.java:202)
at org.springframework.beans.factory.support.DefaultListableBeanFactory.doResolveDependency(DefaultListableBeanFactory.java:1609)
at org.springframework.beans.factory.support.DefaultListableBeanFactory.resolveDependency(DefaultListableBeanFactory.java:1555)
at org.springframework.beans.factory.support.ConstructorResolver.resolveAutowiredArgument(ConstructorResolver.java:913)
at org.springframework.beans.factory.support.ConstructorResolver.createArgumentArray(ConstructorResolver.java:791)
at org.springframework.beans.factory.support.ConstructorResolver.autowireConstructor(ConstructorResolver.java:240)
at org.springframework.beans.factory.support.AbstractAutowireCapableBeanFactory.autowireConstructor(AbstractAutowireCapableBeanFactory.java:1381)
at org.springframework.beans.factory.support.AbstractAutowireCapableBeanFactory.createBeanInstance(AbstractAutowireCapableBeanFactory.java:1218)
at org.springframework.beans.factory.support.AbstractAutowireCapableBeanFactory.doCreateBean(AbstractAutowireCapableBeanFactory.java:563)
at org.springframework.beans.factory.support.AbstractAutowireCapableBeanFactory.createBean(AbstractAutowireCapableBeanFactory.java:523)
at org.springframework.beans.factory.support.AbstractBeanFactory.lambda$doGetBean$0(AbstractBeanFactory.java:339)
at org.springframework.beans.factory.support.DefaultSingletonBeanRegistry.getSingleton(DefaultSingletonBeanRegistry.java:347)
at org.springframework.beans.factory.support.AbstractBeanFactory.doGetBean(AbstractBeanFactory.java:337)
at org.springframework.beans.factory.support.AbstractBeanFactory.getBean(AbstractBeanFactory.java:202)
at org.springframework.beans.factory.support.DefaultListableBeanFactory.instantiateSingleton(DefaultListableBeanFactory.java:1155)
at org.springframework.beans.factory.support.DefaultListableBeanFactory.preInstantiateSingleton(DefaultListableBeanFactory.java:1121)
at org.springframework.beans.factory.support.DefaultListableBeanFactory.preInstantiateSingletons(DefaultListableBeanFactory.java:1056)
at org.springframework.context.support.AbstractApplicationContext.finishBeanFactoryInitialization(AbstractApplicationContext.java:987)
at org.springframework.context.support.AbstractApplicationContext.refresh(AbstractApplicationContext.java:627)
at org.springframework.boot.web.servlet.context.ServletWebServerApplicationContext.refresh(ServletWebServerApplicationContext.java:146)
at org.springframework.boot.SpringApplication.refresh(SpringApplication.java:752)
at org.springframework.boot.SpringApplication.refreshContext(SpringApplication.java:439)
at org.springframework.boot.SpringApplication.run(SpringApplication.java:318)
at org.springframework.boot.SpringApplication.run(SpringApplication.java:1361)
at org.springframework.boot.SpringApplication.run(SpringApplication.java:1350)
at org.pinggu.portforu.PortforuApplication.main(PortforuApplication.java:12)
2025-04-25T11:36:49.153+09:00  WARN 8403 --- [portforu] [main] JpaBaseConfiguration$JpaWebConfiguration : spring.jpa.open-in-view is enabled by default. Therefore, database queries may be performed during view rendering. Explicitly configure spring.jpa.open-in-view to disable this warning
2025-04-25T11:36:49.192+09:00 DEBUG 8403 --- [portforu] [main] swordEncoderAuthenticationManagerBuilder : No authenticationProviders and no parentAuthenticationManager defined. Returning null.
2025-04-25T11:36:49.345+09:00 DEBUG 8403 --- [portforu] [main] o.s.s.web.DefaultSecurityFilterChain     : Will secure any request with filters: DisableEncodeUrlFilter, WebAsyncManagerIntegrationFilter, SecurityContextHolderFilter, HeaderWriterFilter, OAuth2AuthorizationRequestRedirectFilter, OAuth2LoginAuthenticationFilter, DefaultResourcesFilter, DefaultLoginPageGeneratingFilter, RequestCacheAwareFilter, JwtAuthenticationFilter, SecurityContextHolderAwareRequestFilter, AnonymousAuthenticationFilter, SessionManagementFilter, ExceptionTranslationFilter, AuthorizationFilter
2025-04-25T11:36:49.675+09:00  INFO 8403 --- [portforu] [main] o.s.b.w.embedded.tomcat.TomcatWebServer  : Tomcat started on port 8080 (http) with context path '/'
2025-04-25T11:36:49.683+09:00  INFO 8403 --- [portforu] [main] o.pinggu.portforu.PortforuApplication    : Started PortforuApplication in 3.761 seconds (process running for 4.005)
2025-04-25T11:48:50.988+09:00  INFO 8403 --- [portforu] [SpringApplicationShutdownHook] o.s.b.w.e.tomcat.GracefulShutdown        : Commencing graceful shutdown. Waiting for active requests to complete
2025-04-25T11:48:50.996+09:00  INFO 8403 --- [portforu] [tomcat-shutdown] o.s.b.w.e.tomcat.GracefulShutdown        : Graceful shutdown complete
2025-04-25T11:48:51.040+09:00  INFO 8403 --- [portforu] [SpringApplicationShutdownHook] j.LocalContainerEntityManagerFactoryBean : Closing JPA EntityManagerFactory for persistence unit 'default'
2025-04-25T11:48:51.041+09:00  INFO 8403 --- [portforu] [SpringApplicationShutdownHook] com.zaxxer.hikari.HikariDataSource       : HikariPool-1 - Shutdown initiated...
2025-04-25T11:48:51.049+09:00  INFO 8403 --- [portforu] [SpringApplicationShutdownHook] com.zaxxer.hikari.HikariDataSource       : HikariPool-1 - Shutdown completed.
2025-04-25T11:49:03.855+09:00  INFO 9051 --- [portforu] [main] o.pinggu.portforu.PortforuApplication    : Starting PortforuApplication using Java 17.0.13 with PID 9051 (/Users/t2023-m0111/IdeaProjects/portforu/build/classes/java/main started by t2023-m0111 in /Users/t2023-m0111/IdeaProjects/portforu)
2025-04-25T11:49:03.856+09:00  INFO 9051 --- [portforu] [main] o.pinggu.portforu.PortforuApplication    : The following 1 profile is active: "local"
2025-04-25T11:49:04.274+09:00  INFO 9051 --- [portforu] [main] .s.d.r.c.RepositoryConfigurationDelegate : Multiple Spring Data modules found, entering strict repository configuration mode
2025-04-25T11:49:04.276+09:00  INFO 9051 --- [portforu] [main] .s.d.r.c.RepositoryConfigurationDelegate : Bootstrapping Spring Data Elasticsearch repositories in DEFAULT mode.
2025-04-25T11:49:04.296+09:00  INFO 9051 --- [portforu] [main] .RepositoryConfigurationExtensionSupport : Spring Data Elasticsearch - Could not safely identify store assignment for repository candidate interface org.pinggu.portforu.domain.auth.repository.RefreshTokenRepository; If you want this repository to be a Elasticsearch repository, consider annotating your entities with one of these annotations: org.springframework.data.elasticsearch.annotations.Document (preferred), or consider extending one of the following types with your repository: org.springframework.data.elasticsearch.repository.ElasticsearchRepository
2025-04-25T11:49:04.298+09:00  INFO 9051 --- [portforu] [main] .RepositoryConfigurationExtensionSupport : Spring Data Elasticsearch - Could not safely identify store assignment for repository candidate interface org.pinggu.portforu.domain.comment.repository.CommentRepository; If you want this repository to be a Elasticsearch repository, consider annotating your entities with one of these annotations: org.springframework.data.elasticsearch.annotations.Document (preferred), or consider extending one of the following types with your repository: org.springframework.data.elasticsearch.repository.ElasticsearchRepository
2025-04-25T11:49:04.346+09:00  INFO 9051 --- [portforu] [main] .RepositoryConfigurationExtensionSupport : Spring Data Elasticsearch - Could not safely identify store assignment for repository candidate interface org.pinggu.portforu.domain.jobposting.repository.JobPostingRepository; If you want this repository to be a Elasticsearch repository, consider annotating your entities with one of these annotations: org.springframework.data.elasticsearch.annotations.Document (preferred), or consider extending one of the following types with your repository: org.springframework.data.elasticsearch.repository.ElasticsearchRepository
2025-04-25T11:49:04.346+09:00  INFO 9051 --- [portforu] [main] .RepositoryConfigurationExtensionSupport : Spring Data Elasticsearch - Could not safely identify store assignment for repository candidate interface org.pinggu.portforu.domain.member.repository.MemberRepository; If you want this repository to be a Elasticsearch repository, consider annotating your entities with one of these annotations: org.springframework.data.elasticsearch.annotations.Document (preferred), or consider extending one of the following types with your repository: org.springframework.data.elasticsearch.repository.ElasticsearchRepository
2025-04-25T11:49:04.347+09:00  INFO 9051 --- [portforu] [main] .RepositoryConfigurationExtensionSupport : Spring Data Elasticsearch - Could not safely identify store assignment for repository candidate interface org.pinggu.portforu.domain.membership.repository.MembershipRepository; If you want this repository to be a Elasticsearch repository, consider annotating your entities with one of these annotations: org.springframework.data.elasticsearch.annotations.Document (preferred), or consider extending one of the following types with your repository: org.springframework.data.elasticsearch.repository.ElasticsearchRepository
2025-04-25T11:49:04.347+09:00  INFO 9051 --- [portforu] [main] .RepositoryConfigurationExtensionSupport : Spring Data Elasticsearch - Could not safely identify store assignment for repository candidate interface org.pinggu.portforu.domain.payment.repository.PaymentRepository; If you want this repository to be a Elasticsearch repository, consider annotating your entities with one of these annotations: org.springframework.data.elasticsearch.annotations.Document (preferred), or consider extending one of the following types with your repository: org.springframework.data.elasticsearch.repository.ElasticsearchRepository
2025-04-25T11:49:04.347+09:00  INFO 9051 --- [portforu] [main] .RepositoryConfigurationExtensionSupport : Spring Data Elasticsearch - Could not safely identify store assignment for repository candidate interface org.pinggu.portforu.domain.portfolio.repository.PortfolioRepository; If you want this repository to be a Elasticsearch repository, consider annotating your entities with one of these annotations: org.springframework.data.elasticsearch.annotations.Document (preferred), or consider extending one of the following types with your repository: org.springframework.data.elasticsearch.repository.ElasticsearchRepository
2025-04-25T11:49:04.348+09:00  INFO 9051 --- [portforu] [main] .RepositoryConfigurationExtensionSupport : Spring Data Elasticsearch - Could not safely identify store assignment for repository candidate interface org.pinggu.portforu.domain.portfolio.repository.UploadedFileRepository; If you want this repository to be a Elasticsearch repository, consider annotating your entities with one of these annotations: org.springframework.data.elasticsearch.annotations.Document (preferred), or consider extending one of the following types with your repository: org.springframework.data.elasticsearch.repository.ElasticsearchRepository
2025-04-25T11:49:04.348+09:00  INFO 9051 --- [portforu] [main] .RepositoryConfigurationExtensionSupport : Spring Data Elasticsearch - Could not safely identify store assignment for repository candidate interface org.pinggu.portforu.domain.scrap.repository.ScrapRepository; If you want this repository to be a Elasticsearch repository, consider annotating your entities with one of these annotations: org.springframework.data.elasticsearch.annotations.Document (preferred), or consider extending one of the following types with your repository: org.springframework.data.elasticsearch.repository.ElasticsearchRepository
2025-04-25T11:49:04.349+09:00  INFO 9051 --- [portforu] [main] .RepositoryConfigurationExtensionSupport : Spring Data Elasticsearch - Could not safely identify store assignment for repository candidate interface org.pinggu.portforu.domain.subscribe.repository.SubscribeRepository; If you want this repository to be a Elasticsearch repository, consider annotating your entities with one of these annotations: org.springframework.data.elasticsearch.annotations.Document (preferred), or consider extending one of the following types with your repository: org.springframework.data.elasticsearch.repository.ElasticsearchRepository
2025-04-25T11:49:04.357+09:00  INFO 9051 --- [portforu] [main] .s.d.r.c.RepositoryConfigurationDelegate : Finished Spring Data repository scanning in 77 ms. Found 1 Elasticsearch repository interface.
2025-04-25T11:49:04.359+09:00  INFO 9051 --- [portforu] [main] .s.d.r.c.RepositoryConfigurationDelegate : Multiple Spring Data modules found, entering strict repository configuration mode
2025-04-25T11:49:04.359+09:00  INFO 9051 --- [portforu] [main] .s.d.r.c.RepositoryConfigurationDelegate : Bootstrapping Spring Data Reactive Elasticsearch repositories in DEFAULT mode.
2025-04-25T11:49:04.364+09:00  INFO 9051 --- [portforu] [main] .RepositoryConfigurationExtensionSupport : Spring Data Reactive Elasticsearch - Could not safely identify store assignment for repository candidate interface org.pinggu.portforu.domain.auth.repository.RefreshTokenRepository; If you want this repository to be a Reactive Elasticsearch repository, consider annotating your entities with one of these annotations: org.springframework.data.elasticsearch.annotations.Document (preferred), or consider extending one of the following types with your repository: org.springframework.data.elasticsearch.repository.ReactiveElasticsearchRepository
2025-04-25T11:49:04.364+09:00  INFO 9051 --- [portforu] [main] .RepositoryConfigurationExtensionSupport : Spring Data Reactive Elasticsearch - Could not safely identify store assignment for repository candidate interface org.pinggu.portforu.domain.comment.repository.CommentRepository; If you want this repository to be a Reactive Elasticsearch repository, consider annotating your entities with one of these annotations: org.springframework.data.elasticsearch.annotations.Document (preferred), or consider extending one of the following types with your repository: org.springframework.data.elasticsearch.repository.ReactiveElasticsearchRepository
2025-04-25T11:49:04.365+09:00  INFO 9051 --- [portforu] [main] .RepositoryConfigurationExtensionSupport : Spring Data Reactive Elasticsearch - Could not safely identify store assignment for repository candidate interface org.pinggu.portforu.domain.jobposting.repository.JobPostingRepository; If you want this repository to be a Reactive Elasticsearch repository, consider annotating your entities with one of these annotations: org.springframework.data.elasticsearch.annotations.Document (preferred), or consider extending one of the following types with your repository: org.springframework.data.elasticsearch.repository.ReactiveElasticsearchRepository
2025-04-25T11:49:04.365+09:00  INFO 9051 --- [portforu] [main] .RepositoryConfigurationExtensionSupport : Spring Data Reactive Elasticsearch - Could not safely identify store assignment for repository candidate interface org.pinggu.portforu.domain.member.repository.MemberRepository; If you want this repository to be a Reactive Elasticsearch repository, consider annotating your entities with one of these annotations: org.springframework.data.elasticsearch.annotations.Document (preferred), or consider extending one of the following types with your repository: org.springframework.data.elasticsearch.repository.ReactiveElasticsearchRepository
2025-04-25T11:49:04.365+09:00  INFO 9051 --- [portforu] [main] .RepositoryConfigurationExtensionSupport : Spring Data Reactive Elasticsearch - Could not safely identify store assignment for repository candidate interface org.pinggu.portforu.domain.membership.repository.MembershipRepository; If you want this repository to be a Reactive Elasticsearch repository, consider annotating your entities with one of these annotations: org.springframework.data.elasticsearch.annotations.Document (preferred), or consider extending one of the following types with your repository: org.springframework.data.elasticsearch.repository.ReactiveElasticsearchRepository
2025-04-25T11:49:04.365+09:00  INFO 9051 --- [portforu] [main] .RepositoryConfigurationExtensionSupport : Spring Data Reactive Elasticsearch - Could not safely identify store assignment for repository candidate interface org.pinggu.portforu.domain.payment.repository.PaymentRepository; If you want this repository to be a Reactive Elasticsearch repository, consider annotating your entities with one of these annotations: org.springframework.data.elasticsearch.annotations.Document (preferred), or consider extending one of the following types with your repository: org.springframework.data.elasticsearch.repository.ReactiveElasticsearchRepository
2025-04-25T11:49:04.365+09:00  INFO 9051 --- [portforu] [main] .RepositoryConfigurationExtensionSupport : Spring Data Reactive Elasticsearch - Could not safely identify store assignment for repository candidate interface org.pinggu.portforu.domain.portfolio.repository.PortfolioRepository; If you want this repository to be a Reactive Elasticsearch repository, consider annotating your entities with one of these annotations: org.springframework.data.elasticsearch.annotations.Document (preferred), or consider extending one of the following types with your repository: org.springframework.data.elasticsearch.repository.ReactiveElasticsearchRepository
2025-04-25T11:49:04.365+09:00  INFO 9051 --- [portforu] [main] .RepositoryConfigurationExtensionSupport : Spring Data Reactive Elasticsearch - Could not safely identify store assignment for repository candidate interface org.pinggu.portforu.domain.portfolio.repository.UploadedFileRepository; If you want this repository to be a Reactive Elasticsearch repository, consider annotating your entities with one of these annotations: org.springframework.data.elasticsearch.annotations.Document (preferred), or consider extending one of the following types with your repository: org.springframework.data.elasticsearch.repository.ReactiveElasticsearchRepository
2025-04-25T11:49:04.365+09:00  INFO 9051 --- [portforu] [main] .RepositoryConfigurationExtensionSupport : Spring Data Reactive Elasticsearch - Could not safely identify store assignment for repository candidate interface org.pinggu.portforu.domain.scrap.repository.ScrapRepository; If you want this repository to be a Reactive Elasticsearch repository, consider annotating your entities with one of these annotations: org.springframework.data.elasticsearch.annotations.Document (preferred), or consider extending one of the following types with your repository: org.springframework.data.elasticsearch.repository.ReactiveElasticsearchRepository
2025-04-25T11:49:04.365+09:00  INFO 9051 --- [portforu] [main] .RepositoryConfigurationExtensionSupport : Spring Data Reactive Elasticsearch - Could not safely identify store assignment for repository candidate interface org.pinggu.portforu.domain.subscribe.repository.SubscribeRepository; If you want this repository to be a Reactive Elasticsearch repository, consider annotating your entities with one of these annotations: org.springframework.data.elasticsearch.annotations.Document (preferred), or consider extending one of the following types with your repository: org.springframework.data.elasticsearch.repository.ReactiveElasticsearchRepository
2025-04-25T11:49:04.365+09:00  INFO 9051 --- [portforu] [main] .s.d.r.c.RepositoryConfigurationDelegate : Finished Spring Data repository scanning in 5 ms. Found 0 Reactive Elasticsearch repository interfaces.
2025-04-25T11:49:04.369+09:00  INFO 9051 --- [portforu] [main] .s.d.r.c.RepositoryConfigurationDelegate : Multiple Spring Data modules found, entering strict repository configuration mode
2025-04-25T11:49:04.369+09:00  INFO 9051 --- [portforu] [main] .s.d.r.c.RepositoryConfigurationDelegate : Bootstrapping Spring Data JPA repositories in DEFAULT mode.
2025-04-25T11:49:04.376+09:00  INFO 9051 --- [portforu] [main] .RepositoryConfigurationExtensionSupport : Spring Data JPA - Could not safely identify store assignment for repository candidate interface org.pinggu.portforu.domain.jobposting.elastic.repository.JobPostingSearchRepository; If you want this repository to be a JPA repository, consider annotating your entities with one of these annotations: jakarta.persistence.Entity, jakarta.persistence.MappedSuperclass (preferred), or consider extending one of the following types with your repository: org.springframework.data.jpa.repository.JpaRepository
2025-04-25T11:49:04.384+09:00  INFO 9051 --- [portforu] [main] .s.d.r.c.RepositoryConfigurationDelegate : Finished Spring Data repository scanning in 12 ms. Found 10 JPA repository interfaces.
2025-04-25T11:49:04.390+09:00  INFO 9051 --- [portforu] [main] .s.d.r.c.RepositoryConfigurationDelegate : Multiple Spring Data modules found, entering strict repository configuration mode
2025-04-25T11:49:04.391+09:00  INFO 9051 --- [portforu] [main] .s.d.r.c.RepositoryConfigurationDelegate : Bootstrapping Spring Data Redis repositories in DEFAULT mode.
2025-04-25T11:49:04.398+09:00  INFO 9051 --- [portforu] [main] .RepositoryConfigurationExtensionSupport : Spring Data Redis - Could not safely identify store assignment for repository candidate interface org.pinggu.portforu.domain.auth.repository.RefreshTokenRepository; If you want this repository to be a Redis repository, consider annotating your entities with one of these annotations: org.springframework.data.redis.core.RedisHash (preferred), or consider extending one of the following types with your repository: org.springframework.data.keyvalue.repository.KeyValueRepository
2025-04-25T11:49:04.399+09:00  INFO 9051 --- [portforu] [main] .RepositoryConfigurationExtensionSupport : Spring Data Redis - Could not safely identify store assignment for repository candidate interface org.pinggu.portforu.domain.comment.repository.CommentRepository; If you want this repository to be a Redis repository, consider annotating your entities with one of these annotations: org.springframework.data.redis.core.RedisHash (preferred), or consider extending one of the following types with your repository: org.springframework.data.keyvalue.repository.KeyValueRepository
2025-04-25T11:49:04.399+09:00  INFO 9051 --- [portforu] [main] .RepositoryConfigurationExtensionSupport : Spring Data Redis - Could not safely identify store assignment for repository candidate interface org.pinggu.portforu.domain.jobposting.elastic.repository.JobPostingSearchRepository; If you want this repository to be a Redis repository, consider annotating your entities with one of these annotations: org.springframework.data.redis.core.RedisHash (preferred), or consider extending one of the following types with your repository: org.springframework.data.keyvalue.repository.KeyValueRepository
2025-04-25T11:49:04.399+09:00  INFO 9051 --- [portforu] [main] .RepositoryConfigurationExtensionSupport : Spring Data Redis - Could not safely identify store assignment for repository candidate interface org.pinggu.portforu.domain.jobposting.repository.JobPostingRepository; If you want this repository to be a Redis repository, consider annotating your entities with one of these annotations: org.springframework.data.redis.core.RedisHash (preferred), or consider extending one of the following types with your repository: org.springframework.data.keyvalue.repository.KeyValueRepository
2025-04-25T11:49:04.399+09:00  INFO 9051 --- [portforu] [main] .RepositoryConfigurationExtensionSupport : Spring Data Redis - Could not safely identify store assignment for repository candidate interface org.pinggu.portforu.domain.member.repository.MemberRepository; If you want this repository to be a Redis repository, consider annotating your entities with one of these annotations: org.springframework.data.redis.core.RedisHash (preferred), or consider extending one of the following types with your repository: org.springframework.data.keyvalue.repository.KeyValueRepository
2025-04-25T11:49:04.399+09:00  INFO 9051 --- [portforu] [main] .RepositoryConfigurationExtensionSupport : Spring Data Redis - Could not safely identify store assignment for repository candidate interface org.pinggu.portforu.domain.membership.repository.MembershipRepository; If you want this repository to be a Redis repository, consider annotating your entities with one of these annotations: org.springframework.data.redis.core.RedisHash (preferred), or consider extending one of the following types with your repository: org.springframework.data.keyvalue.repository.KeyValueRepository
2025-04-25T11:49:04.399+09:00  INFO 9051 --- [portforu] [main] .RepositoryConfigurationExtensionSupport : Spring Data Redis - Could not safely identify store assignment for repository candidate interface org.pinggu.portforu.domain.payment.repository.PaymentRepository; If you want this repository to be a Redis repository, consider annotating your entities with one of these annotations: org.springframework.data.redis.core.RedisHash (preferred), or consider extending one of the following types with your repository: org.springframework.data.keyvalue.repository.KeyValueRepository
2025-04-25T11:49:04.399+09:00  INFO 9051 --- [portforu] [main] .RepositoryConfigurationExtensionSupport : Spring Data Redis - Could not safely identify store assignment for repository candidate interface org.pinggu.portforu.domain.portfolio.repository.PortfolioRepository; If you want this repository to be a Redis repository, consider annotating your entities with one of these annotations: org.springframework.data.redis.core.RedisHash (preferred), or consider extending one of the following types with your repository: org.springframework.data.keyvalue.repository.KeyValueRepository
2025-04-25T11:49:04.399+09:00  INFO 9051 --- [portforu] [main] .RepositoryConfigurationExtensionSupport : Spring Data Redis - Could not safely identify store assignment for repository candidate interface org.pinggu.portforu.domain.portfolio.repository.UploadedFileRepository; If you want this repository to be a Redis repository, consider annotating your entities with one of these annotations: org.springframework.data.redis.core.RedisHash (preferred), or consider extending one of the following types with your repository: org.springframework.data.keyvalue.repository.KeyValueRepository
2025-04-25T11:49:04.399+09:00  INFO 9051 --- [portforu] [main] .RepositoryConfigurationExtensionSupport : Spring Data Redis - Could not safely identify store assignment for repository candidate interface org.pinggu.portforu.domain.scrap.repository.ScrapRepository; If you want this repository to be a Redis repository, consider annotating your entities with one of these annotations: org.springframework.data.redis.core.RedisHash (preferred), or consider extending one of the following types with your repository: org.springframework.data.keyvalue.repository.KeyValueRepository
2025-04-25T11:49:04.399+09:00  INFO 9051 --- [portforu] [main] .RepositoryConfigurationExtensionSupport : Spring Data Redis - Could not safely identify store assignment for repository candidate interface org.pinggu.portforu.domain.subscribe.repository.SubscribeRepository; If you want this repository to be a Redis repository, consider annotating your entities with one of these annotations: org.springframework.data.redis.core.RedisHash (preferred), or consider extending one of the following types with your repository: org.springframework.data.keyvalue.repository.KeyValueRepository
2025-04-25T11:49:04.399+09:00  INFO 9051 --- [portforu] [main] .s.d.r.c.RepositoryConfigurationDelegate : Finished Spring Data repository scanning in 4 ms. Found 0 Redis repository interfaces.
2025-04-25T11:49:04.752+09:00  INFO 9051 --- [portforu] [main] o.s.b.w.embedded.tomcat.TomcatWebServer  : Tomcat initialized with port 8080 (http)
2025-04-25T11:49:04.759+09:00  INFO 9051 --- [portforu] [main] o.apache.catalina.core.StandardService   : Starting service [Tomcat]
2025-04-25T11:49:04.759+09:00  INFO 9051 --- [portforu] [main] o.apache.catalina.core.StandardEngine    : Starting Servlet engine: [Apache Tomcat/10.1.39]
2025-04-25T11:49:04.781+09:00  INFO 9051 --- [portforu] [main] o.a.c.c.C.[Tomcat].[localhost].[/]       : Initializing Spring embedded WebApplicationContext
2025-04-25T11:49:04.781+09:00  INFO 9051 --- [portforu] [main] w.s.c.ServletWebServerApplicationContext : Root WebApplicationContext: initialization completed in 908 ms
2025-04-25T11:49:04.861+09:00  INFO 9051 --- [portforu] [main] o.hibernate.jpa.internal.util.LogHelper  : HHH000204: Processing PersistenceUnitInfo [name: default]
2025-04-25T11:49:04.888+09:00  INFO 9051 --- [portforu] [main] org.hibernate.Version                    : HHH000412: Hibernate ORM core version 6.6.11.Final
2025-04-25T11:49:04.901+09:00  INFO 9051 --- [portforu] [main] o.h.c.internal.RegionFactoryInitiator    : HHH000026: Second-level cache disabled
2025-04-25T11:49:05.031+09:00  INFO 9051 --- [portforu] [main] o.s.o.j.p.SpringPersistenceUnitInfo      : No LoadTimeWeaver setup: ignoring JPA class transformer
2025-04-25T11:49:05.045+09:00  INFO 9051 --- [portforu] [main] com.zaxxer.hikari.HikariDataSource       : HikariPool-1 - Starting...
2025-04-25T11:49:05.174+09:00  INFO 9051 --- [portforu] [main] com.zaxxer.hikari.pool.HikariPool        : HikariPool-1 - Added connection com.mysql.cj.jdbc.ConnectionImpl@6b92a0d1
2025-04-25T11:49:05.178+09:00  INFO 9051 --- [portforu] [main] com.zaxxer.hikari.HikariDataSource       : HikariPool-1 - Start completed.
2025-04-25T11:49:05.218+09:00  INFO 9051 --- [portforu] [main] org.hibernate.orm.connections.pooling    : HHH10001005: Database info:
	Database JDBC URL [Connecting through datasource 'HikariDataSource (HikariPool-1)']
	Database driver: undefined/unknown
	Database version: 9.2
	Autocommit mode: undefined/unknown
	Isolation level: undefined/unknown
	Minimum pool size: undefined/unknown
	Maximum pool size: undefined/unknown
2025-04-25T11:49:05.686+09:00  INFO 9051 --- [portforu] [main] o.h.e.t.j.p.i.JtaPlatformInitiator       : HHH000489: No JTA platform available (set 'hibernate.transaction.jta.platform' to enable JTA platform integration)
2025-04-25T11:49:05.778+09:00  INFO 9051 --- [portforu] [main] j.LocalContainerEntityManagerFactoryBean : Initialized JPA EntityManagerFactory for persistence unit 'default'
2025-04-25T11:49:05.983+09:00  INFO 9051 --- [portforu] [main] o.s.d.j.r.query.QueryEnhancerFactory     : Hibernate is in classpath; If applicable, HQL parser will be used.
2025-04-25T11:49:06.670+09:00  WARN 9051 --- [portforu] [main] com.amazonaws.util.VersionInfoUtils      : The AWS SDK for Java 1.x entered maintenance mode starting July 31, 2024 and will reach end of support on December 31, 2025. For more information, see https://aws.amazon.com/blogs/developer/the-aws-sdk-for-java-1-x-is-in-maintenance-mode-effective-july-31-2024/
You can print where on the file system the AWS SDK for Java 1.x core runtime is located by setting the AWS_JAVA_V1_PRINT_LOCATION environment variable or aws.java.v1.printLocation system property to 'true'.
This message can be disabled by setting the AWS_JAVA_V1_DISABLE_DEPRECATION_ANNOUNCEMENT environment variable or aws.java.v1.disableDeprecationAnnouncement system property to 'true'.
The AWS SDK for Java 1.x is being used here:
at java.base/java.lang.Thread.getStackTrace(Thread.java:1619)
at com.amazonaws.util.VersionInfoUtils.printDeprecationAnnouncement(VersionInfoUtils.java:81)
at com.amazonaws.util.VersionInfoUtils.<clinit>(VersionInfoUtils.java:59)
at com.amazonaws.internal.EC2ResourceFetcher.<clinit>(EC2ResourceFetcher.java:44)
at com.amazonaws.auth.InstanceMetadataServiceCredentialsFetcher.<init>(InstanceMetadataServiceCredentialsFetcher.java:38)
at com.amazonaws.auth.InstanceProfileCredentialsProvider.<init>(InstanceProfileCredentialsProvider.java:111)
at com.amazonaws.auth.InstanceProfileCredentialsProvider.<init>(InstanceProfileCredentialsProvider.java:91)
at com.amazonaws.auth.InstanceProfileCredentialsProvider.<init>(InstanceProfileCredentialsProvider.java:75)
at com.amazonaws.auth.InstanceProfileCredentialsProvider.<clinit>(InstanceProfileCredentialsProvider.java:58)
at com.amazonaws.auth.EC2ContainerCredentialsProviderWrapper.initializeProvider(EC2ContainerCredentialsProviderWrapper.java:66)
at com.amazonaws.auth.EC2ContainerCredentialsProviderWrapper.<init>(EC2ContainerCredentialsProviderWrapper.java:55)
at com.amazonaws.auth.DefaultAWSCredentialsProviderChain.<init>(DefaultAWSCredentialsProviderChain.java:60)
at com.amazonaws.auth.DefaultAWSCredentialsProviderChain.<clinit>(DefaultAWSCredentialsProviderChain.java:54)
at com.amazonaws.services.s3.AmazonS3ClientBuilder.standard(AmazonS3ClientBuilder.java:46)
at org.pinggu.portforu.config.S3Config.amazonS3(S3Config.java:26)
at org.pinggu.portforu.config.S3Config$$SpringCGLIB$$0.CGLIB$amazonS3$0(<generated>)
at org.pinggu.portforu.config.S3Config$$SpringCGLIB$$FastClass$$1.invoke(<generated>)
at org.springframework.cglib.proxy.MethodProxy.invokeSuper(MethodProxy.java:258)
at org.springframework.context.annotation.ConfigurationClassEnhancer$BeanMethodInterceptor.intercept(ConfigurationClassEnhancer.java:370)
at org.pinggu.portforu.config.S3Config$$SpringCGLIB$$0.amazonS3(<generated>)
at java.base/jdk.internal.reflect.NativeMethodAccessorImpl.invoke0(Native Method)
at java.base/jdk.internal.reflect.NativeMethodAccessorImpl.invoke(NativeMethodAccessorImpl.java:77)
at java.base/jdk.internal.reflect.DelegatingMethodAccessorImpl.invoke(DelegatingMethodAccessorImpl.java:43)
at java.base/java.lang.reflect.Method.invoke(Method.java:569)
at org.springframework.beans.factory.support.SimpleInstantiationStrategy.lambda$instantiate$0(SimpleInstantiationStrategy.java:171)
at org.springframework.beans.factory.support.SimpleInstantiationStrategy.instantiateWithFactoryMethod(SimpleInstantiationStrategy.java:88)
at org.springframework.beans.factory.support.SimpleInstantiationStrategy.instantiate(SimpleInstantiationStrategy.java:168)
at org.springframework.beans.factory.support.ConstructorResolver.instantiate(ConstructorResolver.java:653)
at org.springframework.beans.factory.support.ConstructorResolver.instantiateUsingFactoryMethod(ConstructorResolver.java:489)
at org.springframework.beans.factory.support.AbstractAutowireCapableBeanFactory.instantiateUsingFactoryMethod(AbstractAutowireCapableBeanFactory.java:1361)
at org.springframework.beans.factory.support.AbstractAutowireCapableBeanFactory.createBeanInstance(AbstractAutowireCapableBeanFactory.java:1191)
at org.springframework.beans.factory.support.AbstractAutowireCapableBeanFactory.doCreateBean(AbstractAutowireCapableBeanFactory.java:563)
at org.springframework.beans.factory.support.AbstractAutowireCapableBeanFactory.createBean(AbstractAutowireCapableBeanFactory.java:523)
at org.springframework.beans.factory.support.AbstractBeanFactory.lambda$doGetBean$0(AbstractBeanFactory.java:339)
at org.springframework.beans.factory.support.DefaultSingletonBeanRegistry.getSingleton(DefaultSingletonBeanRegistry.java:347)
at org.springframework.beans.factory.support.AbstractBeanFactory.doGetBean(AbstractBeanFactory.java:337)
at org.springframework.beans.factory.support.AbstractBeanFactory.getBean(AbstractBeanFactory.java:202)
at org.springframework.beans.factory.support.DefaultListableBeanFactory.doResolveDependency(DefaultListableBeanFactory.java:1609)
at org.springframework.beans.factory.support.DefaultListableBeanFactory.resolveDependency(DefaultListableBeanFactory.java:1555)
at org.springframework.beans.factory.support.ConstructorResolver.resolveAutowiredArgument(ConstructorResolver.java:913)
at org.springframework.beans.factory.support.ConstructorResolver.createArgumentArray(ConstructorResolver.java:791)
at org.springframework.beans.factory.support.ConstructorResolver.autowireConstructor(ConstructorResolver.java:240)
at org.springframework.beans.factory.support.AbstractAutowireCapableBeanFactory.autowireConstructor(AbstractAutowireCapableBeanFactory.java:1381)
at org.springframework.beans.factory.support.AbstractAutowireCapableBeanFactory.createBeanInstance(AbstractAutowireCapableBeanFactory.java:1218)
at org.springframework.beans.factory.support.AbstractAutowireCapableBeanFactory.doCreateBean(AbstractAutowireCapableBeanFactory.java:563)
at org.springframework.beans.factory.support.AbstractAutowireCapableBeanFactory.createBean(AbstractAutowireCapableBeanFactory.java:523)
at org.springframework.beans.factory.support.AbstractBeanFactory.lambda$doGetBean$0(AbstractBeanFactory.java:339)
at org.springframework.beans.factory.support.DefaultSingletonBeanRegistry.getSingleton(DefaultSingletonBeanRegistry.java:347)
at org.springframework.beans.factory.support.AbstractBeanFactory.doGetBean(AbstractBeanFactory.java:337)
at org.springframework.beans.factory.support.AbstractBeanFactory.getBean(AbstractBeanFactory.java:202)
at org.springframework.beans.factory.support.DefaultListableBeanFactory.doResolveDependency(DefaultListableBeanFactory.java:1609)
at org.springframework.beans.factory.support.DefaultListableBeanFactory.resolveDependency(DefaultListableBeanFactory.java:1555)
at org.springframework.beans.factory.support.ConstructorResolver.resolveAutowiredArgument(ConstructorResolver.java:913)
at org.springframework.beans.factory.support.ConstructorResolver.createArgumentArray(ConstructorResolver.java:791)
at org.springframework.beans.factory.support.ConstructorResolver.autowireConstructor(ConstructorResolver.java:240)
at org.springframework.beans.factory.support.AbstractAutowireCapableBeanFactory.autowireConstructor(AbstractAutowireCapableBeanFactory.java:1381)
at org.springframework.beans.factory.support.AbstractAutowireCapableBeanFactory.createBeanInstance(AbstractAutowireCapableBeanFactory.java:1218)
at org.springframework.beans.factory.support.AbstractAutowireCapableBeanFactory.doCreateBean(AbstractAutowireCapableBeanFactory.java:563)
at org.springframework.beans.factory.support.AbstractAutowireCapableBeanFactory.createBean(AbstractAutowireCapableBeanFactory.java:523)
at org.springframework.beans.factory.support.AbstractBeanFactory.lambda$doGetBean$0(AbstractBeanFactory.java:339)
at org.springframework.beans.factory.support.DefaultSingletonBeanRegistry.getSingleton(DefaultSingletonBeanRegistry.java:347)
at org.springframework.beans.factory.support.AbstractBeanFactory.doGetBean(AbstractBeanFactory.java:337)
at org.springframework.beans.factory.support.AbstractBeanFactory.getBean(AbstractBeanFactory.java:202)
at org.springframework.beans.factory.support.DefaultListableBeanFactory.doResolveDependency(DefaultListableBeanFactory.java:1609)
at org.springframework.beans.factory.support.DefaultListableBeanFactory.resolveDependency(DefaultListableBeanFactory.java:1555)
at org.springframework.beans.factory.support.ConstructorResolver.resolveAutowiredArgument(ConstructorResolver.java:913)
at org.springframework.beans.factory.support.ConstructorResolver.createArgumentArray(ConstructorResolver.java:791)
at org.springframework.beans.factory.support.ConstructorResolver.autowireConstructor(ConstructorResolver.java:240)
at org.springframework.beans.factory.support.AbstractAutowireCapableBeanFactory.autowireConstructor(AbstractAutowireCapableBeanFactory.java:1381)
at org.springframework.beans.factory.support.AbstractAutowireCapableBeanFactory.createBeanInstance(AbstractAutowireCapableBeanFactory.java:1218)
at org.springframework.beans.factory.support.AbstractAutowireCapableBeanFactory.doCreateBean(AbstractAutowireCapableBeanFactory.java:563)
at org.springframework.beans.factory.support.AbstractAutowireCapableBeanFactory.createBean(AbstractAutowireCapableBeanFactory.java:523)
at org.springframework.beans.factory.support.AbstractBeanFactory.lambda$doGetBean$0(AbstractBeanFactory.java:339)
at org.springframework.beans.factory.support.DefaultSingletonBeanRegistry.getSingleton(DefaultSingletonBeanRegistry.java:347)
at org.springframework.beans.factory.support.AbstractBeanFactory.doGetBean(AbstractBeanFactory.java:337)
at org.springframework.beans.factory.support.AbstractBeanFactory.getBean(AbstractBeanFactory.java:202)
at org.springframework.beans.factory.support.DefaultListableBeanFactory.instantiateSingleton(DefaultListableBeanFactory.java:1155)
at org.springframework.beans.factory.support.DefaultListableBeanFactory.preInstantiateSingleton(DefaultListableBeanFactory.java:1121)
at org.springframework.beans.factory.support.DefaultListableBeanFactory.preInstantiateSingletons(DefaultListableBeanFactory.java:1056)
at org.springframework.context.support.AbstractApplicationContext.finishBeanFactoryInitialization(AbstractApplicationContext.java:987)
at org.springframework.context.support.AbstractApplicationContext.refresh(AbstractApplicationContext.java:627)
at org.springframework.boot.web.servlet.context.ServletWebServerApplicationContext.refresh(ServletWebServerApplicationContext.java:146)
at org.springframework.boot.SpringApplication.refresh(SpringApplication.java:752)
at org.springframework.boot.SpringApplication.refreshContext(SpringApplication.java:439)
at org.springframework.boot.SpringApplication.run(SpringApplication.java:318)
at org.springframework.boot.SpringApplication.run(SpringApplication.java:1361)
at org.springframework.boot.SpringApplication.run(SpringApplication.java:1350)
at org.pinggu.portforu.PortforuApplication.main(PortforuApplication.java:12)
2025-04-25T11:49:06.833+09:00  WARN 9051 --- [portforu] [main] JpaBaseConfiguration$JpaWebConfiguration : spring.jpa.open-in-view is enabled by default. Therefore, database queries may be performed during view rendering. Explicitly configure spring.jpa.open-in-view to disable this warning
2025-04-25T11:49:06.870+09:00 DEBUG 9051 --- [portforu] [main] swordEncoderAuthenticationManagerBuilder : No authenticationProviders and no parentAuthenticationManager defined. Returning null.
2025-04-25T11:49:07.026+09:00 DEBUG 9051 --- [portforu] [main] o.s.s.web.DefaultSecurityFilterChain     : Will secure any request with filters: DisableEncodeUrlFilter, WebAsyncManagerIntegrationFilter, SecurityContextHolderFilter, HeaderWriterFilter, OAuth2AuthorizationRequestRedirectFilter, OAuth2LoginAuthenticationFilter, DefaultResourcesFilter, DefaultLoginPageGeneratingFilter, RequestCacheAwareFilter, JwtAuthenticationFilter, SecurityContextHolderAwareRequestFilter, AnonymousAuthenticationFilter, SessionManagementFilter, ExceptionTranslationFilter, AuthorizationFilter
2025-04-25T11:49:07.356+09:00  INFO 9051 --- [portforu] [main] o.s.b.w.embedded.tomcat.TomcatWebServer  : Tomcat started on port 8080 (http) with context path '/'
2025-04-25T11:49:07.365+09:00  INFO 9051 --- [portforu] [main] o.pinggu.portforu.PortforuApplication    : Started PortforuApplication in 3.699 seconds (process running for 3.977)
2025-04-25T12:00:00.061+09:00 DEBUG 9051 --- [portforu] [scheduling-1] org.hibernate.SQL                        : 
    update
        subscribes s1_0 
    set
        status=? 
    where
        s1_0.status=? 
        and s1_0.end_date<? 
        and s1_0.is_deleted=0 
        and (
            s1_0.is_deleted = 0
        )
2025-04-25T12:00:00.065+09:00 DEBUG 9051 --- [portforu] [scheduling-2] org.hibernate.SQL                        : 
    select
        uf1_0.id,
        uf1_0.created_at,
        uf1_0.file_url,
        uf1_0.used 
    from
        uploaded_file uf1_0 
    where
        uf1_0.used=0 
        and uf1_0.created_at<?
2025-04-25T12:00:00.070+09:00  INFO 9051 --- [portforu] [scheduling-1] o.p.p.d.s.scheduler.SubscribeScheduler   : 만료된 구독 처리 완료 (벌크 업데이트): count=0
2025-04-25T12:11:35.262+09:00  WARN 9051 --- [portforu] [HikariPool-1 housekeeper] com.zaxxer.hikari.pool.HikariPool        : HikariPool-1 - Retrograde clock change detected (housekeeper delta=29s856ms), soft-evicting connections from pool.
2025-04-25T12:34:42.748+09:00  WARN 9051 --- [portforu] [HikariPool-1 housekeeper] com.zaxxer.hikari.pool.HikariPool        : HikariPool-1 - Thread starvation or clock leap detected (housekeeper delta=15m37s405ms).
2025-04-25T12:53:04.797+09:00  WARN 9051 --- [portforu] [HikariPool-1 housekeeper] com.zaxxer.hikari.pool.HikariPool        : HikariPool-1 - Thread starvation or clock leap detected (housekeeper delta=17m52s35ms).
2025-04-25T12:59:28.229+09:00  WARN 9051 --- [portforu] [HikariPool-1 housekeeper] com.zaxxer.hikari.pool.HikariPool        : HikariPool-1 - Thread starvation or clock leap detected (housekeeper delta=5m53s427ms).
2025-04-25T13:15:40.779+09:00  WARN 9051 --- [portforu] [HikariPool-1 housekeeper] com.zaxxer.hikari.pool.HikariPool        : HikariPool-1 - Thread starvation or clock leap detected (housekeeper delta=15m42s547ms).
2025-04-25T13:32:02.315+09:00  WARN 9051 --- [portforu] [HikariPool-1 housekeeper] com.zaxxer.hikari.pool.HikariPool        : HikariPool-1 - Thread starvation or clock leap detected (housekeeper delta=15m51s535ms).
2025-04-25T13:48:42.686+09:00  WARN 9051 --- [portforu] [HikariPool-1 housekeeper] com.zaxxer.hikari.pool.HikariPool        : HikariPool-1 - Thread starvation or clock leap detected (housekeeper delta=16m10s368ms).
2025-04-25T14:04:21.423+09:00  WARN 9051 --- [portforu] [HikariPool-1 housekeeper] com.zaxxer.hikari.pool.HikariPool        : HikariPool-1 - Thread starvation or clock leap detected (housekeeper delta=15m38s737ms).
2025-04-25T14:14:53.223+09:00  WARN 9051 --- [portforu] [HikariPool-1 housekeeper] com.zaxxer.hikari.pool.HikariPool        : HikariPool-1 - Thread starvation or clock leap detected (housekeeper delta=10m1s778ms).
2025-04-25T14:16:22.995+09:00  WARN 9051 --- [portforu] [HikariPool-1 housekeeper] com.zaxxer.hikari.pool.HikariPool        : HikariPool-1 - Thread starvation or clock leap detected (housekeeper delta=1m29s772ms).
2025-04-25T14:18:45.012+09:00  WARN 9051 --- [portforu] [HikariPool-1 housekeeper] com.zaxxer.hikari.pool.HikariPool        : HikariPool-1 - Thread starvation or clock leap detected (housekeeper delta=1m52s12ms).
2025-04-25T14:36:57.871+09:00  INFO 9051 --- [portforu] [SpringApplicationShutdownHook] o.s.b.w.e.tomcat.GracefulShutdown        : Commencing graceful shutdown. Waiting for active requests to complete
2025-04-25T14:36:57.876+09:00  INFO 9051 --- [portforu] [tomcat-shutdown] o.s.b.w.e.tomcat.GracefulShutdown        : Graceful shutdown complete
2025-04-25T14:36:57.921+09:00  INFO 9051 --- [portforu] [SpringApplicationShutdownHook] j.LocalContainerEntityManagerFactoryBean : Closing JPA EntityManagerFactory for persistence unit 'default'
2025-04-25T14:36:57.923+09:00  INFO 9051 --- [portforu] [SpringApplicationShutdownHook] com.zaxxer.hikari.HikariDataSource       : HikariPool-1 - Shutdown initiated...
2025-04-25T14:36:57.927+09:00  INFO 9051 --- [portforu] [SpringApplicationShutdownHook] com.zaxxer.hikari.HikariDataSource       : HikariPool-1 - Shutdown completed.
2025-04-25T14:37:00.763+09:00  INFO 12125 --- [portforu] [main] o.pinggu.portforu.PortforuApplication    : Starting PortforuApplication using Java 17.0.13 with PID 12125 (/Users/t2023-m0111/IdeaProjects/portforu/build/classes/java/main started by t2023-m0111 in /Users/t2023-m0111/IdeaProjects/portforu)
2025-04-25T14:37:00.765+09:00  INFO 12125 --- [portforu] [main] o.pinggu.portforu.PortforuApplication    : The following 1 profile is active: "local"
2025-04-25T14:37:01.202+09:00  INFO 12125 --- [portforu] [main] .s.d.r.c.RepositoryConfigurationDelegate : Multiple Spring Data modules found, entering strict repository configuration mode
2025-04-25T14:37:01.203+09:00  INFO 12125 --- [portforu] [main] .s.d.r.c.RepositoryConfigurationDelegate : Bootstrapping Spring Data Elasticsearch repositories in DEFAULT mode.
2025-04-25T14:37:01.223+09:00  INFO 12125 --- [portforu] [main] .RepositoryConfigurationExtensionSupport : Spring Data Elasticsearch - Could not safely identify store assignment for repository candidate interface org.pinggu.portforu.domain.auth.repository.RefreshTokenRepository; If you want this repository to be a Elasticsearch repository, consider annotating your entities with one of these annotations: org.springframework.data.elasticsearch.annotations.Document (preferred), or consider extending one of the following types with your repository: org.springframework.data.elasticsearch.repository.ElasticsearchRepository
2025-04-25T14:37:01.225+09:00  INFO 12125 --- [portforu] [main] .RepositoryConfigurationExtensionSupport : Spring Data Elasticsearch - Could not safely identify store assignment for repository candidate interface org.pinggu.portforu.domain.comment.repository.CommentRepository; If you want this repository to be a Elasticsearch repository, consider annotating your entities with one of these annotations: org.springframework.data.elasticsearch.annotations.Document (preferred), or consider extending one of the following types with your repository: org.springframework.data.elasticsearch.repository.ElasticsearchRepository
2025-04-25T14:37:01.275+09:00  INFO 12125 --- [portforu] [main] .RepositoryConfigurationExtensionSupport : Spring Data Elasticsearch - Could not safely identify store assignment for repository candidate interface org.pinggu.portforu.domain.jobposting.repository.JobPostingRepository; If you want this repository to be a Elasticsearch repository, consider annotating your entities with one of these annotations: org.springframework.data.elasticsearch.annotations.Document (preferred), or consider extending one of the following types with your repository: org.springframework.data.elasticsearch.repository.ElasticsearchRepository
2025-04-25T14:37:01.282+09:00  INFO 12125 --- [portforu] [main] .RepositoryConfigurationExtensionSupport : Spring Data Elasticsearch - Could not safely identify store assignment for repository candidate interface org.pinggu.portforu.domain.member.repository.MemberRepository; If you want this repository to be a Elasticsearch repository, consider annotating your entities with one of these annotations: org.springframework.data.elasticsearch.annotations.Document (preferred), or consider extending one of the following types with your repository: org.springframework.data.elasticsearch.repository.ElasticsearchRepository
2025-04-25T14:37:01.282+09:00  INFO 12125 --- [portforu] [main] .RepositoryConfigurationExtensionSupport : Spring Data Elasticsearch - Could not safely identify store assignment for repository candidate interface org.pinggu.portforu.domain.membership.repository.MembershipRepository; If you want this repository to be a Elasticsearch repository, consider annotating your entities with one of these annotations: org.springframework.data.elasticsearch.annotations.Document (preferred), or consider extending one of the following types with your repository: org.springframework.data.elasticsearch.repository.ElasticsearchRepository
2025-04-25T14:37:01.283+09:00  INFO 12125 --- [portforu] [main] .RepositoryConfigurationExtensionSupport : Spring Data Elasticsearch - Could not safely identify store assignment for repository candidate interface org.pinggu.portforu.domain.payment.repository.PaymentRepository; If you want this repository to be a Elasticsearch repository, consider annotating your entities with one of these annotations: org.springframework.data.elasticsearch.annotations.Document (preferred), or consider extending one of the following types with your repository: org.springframework.data.elasticsearch.repository.ElasticsearchRepository
2025-04-25T14:37:01.283+09:00  INFO 12125 --- [portforu] [main] .RepositoryConfigurationExtensionSupport : Spring Data Elasticsearch - Could not safely identify store assignment for repository candidate interface org.pinggu.portforu.domain.portfolio.repository.PortfolioRepository; If you want this repository to be a Elasticsearch repository, consider annotating your entities with one of these annotations: org.springframework.data.elasticsearch.annotations.Document (preferred), or consider extending one of the following types with your repository: org.springframework.data.elasticsearch.repository.ElasticsearchRepository
2025-04-25T14:37:01.283+09:00  INFO 12125 --- [portforu] [main] .RepositoryConfigurationExtensionSupport : Spring Data Elasticsearch - Could not safely identify store assignment for repository candidate interface org.pinggu.portforu.domain.portfolio.repository.UploadedFileRepository; If you want this repository to be a Elasticsearch repository, consider annotating your entities with one of these annotations: org.springframework.data.elasticsearch.annotations.Document (preferred), or consider extending one of the following types with your repository: org.springframework.data.elasticsearch.repository.ElasticsearchRepository
2025-04-25T14:37:01.284+09:00  INFO 12125 --- [portforu] [main] .RepositoryConfigurationExtensionSupport : Spring Data Elasticsearch - Could not safely identify store assignment for repository candidate interface org.pinggu.portforu.domain.scrap.repository.ScrapRepository; If you want this repository to be a Elasticsearch repository, consider annotating your entities with one of these annotations: org.springframework.data.elasticsearch.annotations.Document (preferred), or consider extending one of the following types with your repository: org.springframework.data.elasticsearch.repository.ElasticsearchRepository
2025-04-25T14:37:01.285+09:00  INFO 12125 --- [portforu] [main] .RepositoryConfigurationExtensionSupport : Spring Data Elasticsearch - Could not safely identify store assignment for repository candidate interface org.pinggu.portforu.domain.subscribe.repository.SubscribeRepository; If you want this repository to be a Elasticsearch repository, consider annotating your entities with one of these annotations: org.springframework.data.elasticsearch.annotations.Document (preferred), or consider extending one of the following types with your repository: org.springframework.data.elasticsearch.repository.ElasticsearchRepository
2025-04-25T14:37:01.294+09:00  INFO 12125 --- [portforu] [main] .s.d.r.c.RepositoryConfigurationDelegate : Finished Spring Data repository scanning in 88 ms. Found 1 Elasticsearch repository interface.
2025-04-25T14:37:01.297+09:00  INFO 12125 --- [portforu] [main] .s.d.r.c.RepositoryConfigurationDelegate : Multiple Spring Data modules found, entering strict repository configuration mode
2025-04-25T14:37:01.297+09:00  INFO 12125 --- [portforu] [main] .s.d.r.c.RepositoryConfigurationDelegate : Bootstrapping Spring Data Reactive Elasticsearch repositories in DEFAULT mode.
2025-04-25T14:37:01.302+09:00  INFO 12125 --- [portforu] [main] .RepositoryConfigurationExtensionSupport : Spring Data Reactive Elasticsearch - Could not safely identify store assignment for repository candidate interface org.pinggu.portforu.domain.auth.repository.RefreshTokenRepository; If you want this repository to be a Reactive Elasticsearch repository, consider annotating your entities with one of these annotations: org.springframework.data.elasticsearch.annotations.Document (preferred), or consider extending one of the following types with your repository: org.springframework.data.elasticsearch.repository.ReactiveElasticsearchRepository
2025-04-25T14:37:01.302+09:00  INFO 12125 --- [portforu] [main] .RepositoryConfigurationExtensionSupport : Spring Data Reactive Elasticsearch - Could not safely identify store assignment for repository candidate interface org.pinggu.portforu.domain.comment.repository.CommentRepository; If you want this repository to be a Reactive Elasticsearch repository, consider annotating your entities with one of these annotations: org.springframework.data.elasticsearch.annotations.Document (preferred), or consider extending one of the following types with your repository: org.springframework.data.elasticsearch.repository.ReactiveElasticsearchRepository
2025-04-25T14:37:01.303+09:00  INFO 12125 --- [portforu] [main] .RepositoryConfigurationExtensionSupport : Spring Data Reactive Elasticsearch - Could not safely identify store assignment for repository candidate interface org.pinggu.portforu.domain.jobposting.repository.JobPostingRepository; If you want this repository to be a Reactive Elasticsearch repository, consider annotating your entities with one of these annotations: org.springframework.data.elasticsearch.annotations.Document (preferred), or consider extending one of the following types with your repository: org.springframework.data.elasticsearch.repository.ReactiveElasticsearchRepository
2025-04-25T14:37:01.303+09:00  INFO 12125 --- [portforu] [main] .RepositoryConfigurationExtensionSupport : Spring Data Reactive Elasticsearch - Could not safely identify store assignment for repository candidate interface org.pinggu.portforu.domain.member.repository.MemberRepository; If you want this repository to be a Reactive Elasticsearch repository, consider annotating your entities with one of these annotations: org.springframework.data.elasticsearch.annotations.Document (preferred), or consider extending one of the following types with your repository: org.springframework.data.elasticsearch.repository.ReactiveElasticsearchRepository
2025-04-25T14:37:01.304+09:00  INFO 12125 --- [portforu] [main] .RepositoryConfigurationExtensionSupport : Spring Data Reactive Elasticsearch - Could not safely identify store assignment for repository candidate interface org.pinggu.portforu.domain.membership.repository.MembershipRepository; If you want this repository to be a Reactive Elasticsearch repository, consider annotating your entities with one of these annotations: org.springframework.data.elasticsearch.annotations.Document (preferred), or consider extending one of the following types with your repository: org.springframework.data.elasticsearch.repository.ReactiveElasticsearchRepository
2025-04-25T14:37:01.304+09:00  INFO 12125 --- [portforu] [main] .RepositoryConfigurationExtensionSupport : Spring Data Reactive Elasticsearch - Could not safely identify store assignment for repository candidate interface org.pinggu.portforu.domain.payment.repository.PaymentRepository; If you want this repository to be a Reactive Elasticsearch repository, consider annotating your entities with one of these annotations: org.springframework.data.elasticsearch.annotations.Document (preferred), or consider extending one of the following types with your repository: org.springframework.data.elasticsearch.repository.ReactiveElasticsearchRepository
2025-04-25T14:37:01.304+09:00  INFO 12125 --- [portforu] [main] .RepositoryConfigurationExtensionSupport : Spring Data Reactive Elasticsearch - Could not safely identify store assignment for repository candidate interface org.pinggu.portforu.domain.portfolio.repository.PortfolioRepository; If you want this repository to be a Reactive Elasticsearch repository, consider annotating your entities with one of these annotations: org.springframework.data.elasticsearch.annotations.Document (preferred), or consider extending one of the following types with your repository: org.springframework.data.elasticsearch.repository.ReactiveElasticsearchRepository
2025-04-25T14:37:01.304+09:00  INFO 12125 --- [portforu] [main] .RepositoryConfigurationExtensionSupport : Spring Data Reactive Elasticsearch - Could not safely identify store assignment for repository candidate interface org.pinggu.portforu.domain.portfolio.repository.UploadedFileRepository; If you want this repository to be a Reactive Elasticsearch repository, consider annotating your entities with one of these annotations: org.springframework.data.elasticsearch.annotations.Document (preferred), or consider extending one of the following types with your repository: org.springframework.data.elasticsearch.repository.ReactiveElasticsearchRepository
2025-04-25T14:37:01.304+09:00  INFO 12125 --- [portforu] [main] .RepositoryConfigurationExtensionSupport : Spring Data Reactive Elasticsearch - Could not safely identify store assignment for repository candidate interface org.pinggu.portforu.domain.scrap.repository.ScrapRepository; If you want this repository to be a Reactive Elasticsearch repository, consider annotating your entities with one of these annotations: org.springframework.data.elasticsearch.annotations.Document (preferred), or consider extending one of the following types with your repository: org.springframework.data.elasticsearch.repository.ReactiveElasticsearchRepository
2025-04-25T14:37:01.304+09:00  INFO 12125 --- [portforu] [main] .RepositoryConfigurationExtensionSupport : Spring Data Reactive Elasticsearch - Could not safely identify store assignment for repository candidate interface org.pinggu.portforu.domain.subscribe.repository.SubscribeRepository; If you want this repository to be a Reactive Elasticsearch repository, consider annotating your entities with one of these annotations: org.springframework.data.elasticsearch.annotations.Document (preferred), or consider extending one of the following types with your repository: org.springframework.data.elasticsearch.repository.ReactiveElasticsearchRepository
2025-04-25T14:37:01.304+09:00  INFO 12125 --- [portforu] [main] .s.d.r.c.RepositoryConfigurationDelegate : Finished Spring Data repository scanning in 6 ms. Found 0 Reactive Elasticsearch repository interfaces.
2025-04-25T14:37:01.307+09:00  INFO 12125 --- [portforu] [main] .s.d.r.c.RepositoryConfigurationDelegate : Multiple Spring Data modules found, entering strict repository configuration mode
2025-04-25T14:37:01.308+09:00  INFO 12125 --- [portforu] [main] .s.d.r.c.RepositoryConfigurationDelegate : Bootstrapping Spring Data JPA repositories in DEFAULT mode.
2025-04-25T14:37:01.315+09:00  INFO 12125 --- [portforu] [main] .RepositoryConfigurationExtensionSupport : Spring Data JPA - Could not safely identify store assignment for repository candidate interface org.pinggu.portforu.domain.jobposting.elastic.repository.JobPostingSearchRepository; If you want this repository to be a JPA repository, consider annotating your entities with one of these annotations: jakarta.persistence.Entity, jakarta.persistence.MappedSuperclass (preferred), or consider extending one of the following types with your repository: org.springframework.data.jpa.repository.JpaRepository
2025-04-25T14:37:01.323+09:00  INFO 12125 --- [portforu] [main] .s.d.r.c.RepositoryConfigurationDelegate : Finished Spring Data repository scanning in 12 ms. Found 10 JPA repository interfaces.
2025-04-25T14:37:01.330+09:00  INFO 12125 --- [portforu] [main] .s.d.r.c.RepositoryConfigurationDelegate : Multiple Spring Data modules found, entering strict repository configuration mode
2025-04-25T14:37:01.331+09:00  INFO 12125 --- [portforu] [main] .s.d.r.c.RepositoryConfigurationDelegate : Bootstrapping Spring Data Redis repositories in DEFAULT mode.
2025-04-25T14:37:01.338+09:00  INFO 12125 --- [portforu] [main] .RepositoryConfigurationExtensionSupport : Spring Data Redis - Could not safely identify store assignment for repository candidate interface org.pinggu.portforu.domain.auth.repository.RefreshTokenRepository; If you want this repository to be a Redis repository, consider annotating your entities with one of these annotations: org.springframework.data.redis.core.RedisHash (preferred), or consider extending one of the following types with your repository: org.springframework.data.keyvalue.repository.KeyValueRepository
2025-04-25T14:37:01.338+09:00  INFO 12125 --- [portforu] [main] .RepositoryConfigurationExtensionSupport : Spring Data Redis - Could not safely identify store assignment for repository candidate interface org.pinggu.portforu.domain.comment.repository.CommentRepository; If you want this repository to be a Redis repository, consider annotating your entities with one of these annotations: org.springframework.data.redis.core.RedisHash (preferred), or consider extending one of the following types with your repository: org.springframework.data.keyvalue.repository.KeyValueRepository
2025-04-25T14:37:01.338+09:00  INFO 12125 --- [portforu] [main] .RepositoryConfigurationExtensionSupport : Spring Data Redis - Could not safely identify store assignment for repository candidate interface org.pinggu.portforu.domain.jobposting.elastic.repository.JobPostingSearchRepository; If you want this repository to be a Redis repository, consider annotating your entities with one of these annotations: org.springframework.data.redis.core.RedisHash (preferred), or consider extending one of the following types with your repository: org.springframework.data.keyvalue.repository.KeyValueRepository
2025-04-25T14:37:01.338+09:00  INFO 12125 --- [portforu] [main] .RepositoryConfigurationExtensionSupport : Spring Data Redis - Could not safely identify store assignment for repository candidate interface org.pinggu.portforu.domain.jobposting.repository.JobPostingRepository; If you want this repository to be a Redis repository, consider annotating your entities with one of these annotations: org.springframework.data.redis.core.RedisHash (preferred), or consider extending one of the following types with your repository: org.springframework.data.keyvalue.repository.KeyValueRepository
2025-04-25T14:37:01.339+09:00  INFO 12125 --- [portforu] [main] .RepositoryConfigurationExtensionSupport : Spring Data Redis - Could not safely identify store assignment for repository candidate interface org.pinggu.portforu.domain.member.repository.MemberRepository; If you want this repository to be a Redis repository, consider annotating your entities with one of these annotations: org.springframework.data.redis.core.RedisHash (preferred), or consider extending one of the following types with your repository: org.springframework.data.keyvalue.repository.KeyValueRepository
2025-04-25T14:37:01.339+09:00  INFO 12125 --- [portforu] [main] .RepositoryConfigurationExtensionSupport : Spring Data Redis - Could not safely identify store assignment for repository candidate interface org.pinggu.portforu.domain.membership.repository.MembershipRepository; If you want this repository to be a Redis repository, consider annotating your entities with one of these annotations: org.springframework.data.redis.core.RedisHash (preferred), or consider extending one of the following types with your repository: org.springframework.data.keyvalue.repository.KeyValueRepository
2025-04-25T14:37:01.339+09:00  INFO 12125 --- [portforu] [main] .RepositoryConfigurationExtensionSupport : Spring Data Redis - Could not safely identify store assignment for repository candidate interface org.pinggu.portforu.domain.payment.repository.PaymentRepository; If you want this repository to be a Redis repository, consider annotating your entities with one of these annotations: org.springframework.data.redis.core.RedisHash (preferred), or consider extending one of the following types with your repository: org.springframework.data.keyvalue.repository.KeyValueRepository
2025-04-25T14:37:01.339+09:00  INFO 12125 --- [portforu] [main] .RepositoryConfigurationExtensionSupport : Spring Data Redis - Could not safely identify store assignment for repository candidate interface org.pinggu.portforu.domain.portfolio.repository.PortfolioRepository; If you want this repository to be a Redis repository, consider annotating your entities with one of these annotations: org.springframework.data.redis.core.RedisHash (preferred), or consider extending one of the following types with your repository: org.springframework.data.keyvalue.repository.KeyValueRepository
2025-04-25T14:37:01.339+09:00  INFO 12125 --- [portforu] [main] .RepositoryConfigurationExtensionSupport : Spring Data Redis - Could not safely identify store assignment for repository candidate interface org.pinggu.portforu.domain.portfolio.repository.UploadedFileRepository; If you want this repository to be a Redis repository, consider annotating your entities with one of these annotations: org.springframework.data.redis.core.RedisHash (preferred), or consider extending one of the following types with your repository: org.springframework.data.keyvalue.repository.KeyValueRepository
2025-04-25T14:37:01.339+09:00  INFO 12125 --- [portforu] [main] .RepositoryConfigurationExtensionSupport : Spring Data Redis - Could not safely identify store assignment for repository candidate interface org.pinggu.portforu.domain.scrap.repository.ScrapRepository; If you want this repository to be a Redis repository, consider annotating your entities with one of these annotations: org.springframework.data.redis.core.RedisHash (preferred), or consider extending one of the following types with your repository: org.springframework.data.keyvalue.repository.KeyValueRepository
2025-04-25T14:37:01.339+09:00  INFO 12125 --- [portforu] [main] .RepositoryConfigurationExtensionSupport : Spring Data Redis - Could not safely identify store assignment for repository candidate interface org.pinggu.portforu.domain.subscribe.repository.SubscribeRepository; If you want this repository to be a Redis repository, consider annotating your entities with one of these annotations: org.springframework.data.redis.core.RedisHash (preferred), or consider extending one of the following types with your repository: org.springframework.data.keyvalue.repository.KeyValueRepository
2025-04-25T14:37:01.339+09:00  INFO 12125 --- [portforu] [main] .s.d.r.c.RepositoryConfigurationDelegate : Finished Spring Data repository scanning in 4 ms. Found 0 Redis repository interfaces.
2025-04-25T14:37:01.703+09:00  INFO 12125 --- [portforu] [main] o.s.b.w.embedded.tomcat.TomcatWebServer  : Tomcat initialized with port 8080 (http)
2025-04-25T14:37:01.710+09:00  INFO 12125 --- [portforu] [main] o.apache.catalina.core.StandardService   : Starting service [Tomcat]
2025-04-25T14:37:01.710+09:00  INFO 12125 --- [portforu] [main] o.apache.catalina.core.StandardEngine    : Starting Servlet engine: [Apache Tomcat/10.1.39]
2025-04-25T14:37:01.732+09:00  INFO 12125 --- [portforu] [main] o.a.c.c.C.[Tomcat].[localhost].[/]       : Initializing Spring embedded WebApplicationContext
2025-04-25T14:37:01.732+09:00  INFO 12125 --- [portforu] [main] w.s.c.ServletWebServerApplicationContext : Root WebApplicationContext: initialization completed in 949 ms
2025-04-25T14:37:01.818+09:00  INFO 12125 --- [portforu] [main] o.hibernate.jpa.internal.util.LogHelper  : HHH000204: Processing PersistenceUnitInfo [name: default]
2025-04-25T14:37:01.849+09:00  INFO 12125 --- [portforu] [main] org.hibernate.Version                    : HHH000412: Hibernate ORM core version 6.6.11.Final
2025-04-25T14:37:01.864+09:00  INFO 12125 --- [portforu] [main] o.h.c.internal.RegionFactoryInitiator    : HHH000026: Second-level cache disabled
2025-04-25T14:37:02.005+09:00  INFO 12125 --- [portforu] [main] o.s.o.j.p.SpringPersistenceUnitInfo      : No LoadTimeWeaver setup: ignoring JPA class transformer
2025-04-25T14:37:02.019+09:00  INFO 12125 --- [portforu] [main] com.zaxxer.hikari.HikariDataSource       : HikariPool-1 - Starting...
2025-04-25T14:37:02.159+09:00  INFO 12125 --- [portforu] [main] com.zaxxer.hikari.pool.HikariPool        : HikariPool-1 - Added connection com.mysql.cj.jdbc.ConnectionImpl@402c9a60
2025-04-25T14:37:02.160+09:00  INFO 12125 --- [portforu] [main] com.zaxxer.hikari.HikariDataSource       : HikariPool-1 - Start completed.
2025-04-25T14:37:02.206+09:00  INFO 12125 --- [portforu] [main] org.hibernate.orm.connections.pooling    : HHH10001005: Database info:
	Database JDBC URL [Connecting through datasource 'HikariDataSource (HikariPool-1)']
	Database driver: undefined/unknown
	Database version: 9.2
	Autocommit mode: undefined/unknown
	Isolation level: undefined/unknown
	Minimum pool size: undefined/unknown
	Maximum pool size: undefined/unknown
2025-04-25T14:37:02.710+09:00  INFO 12125 --- [portforu] [main] o.h.e.t.j.p.i.JtaPlatformInitiator       : HHH000489: No JTA platform available (set 'hibernate.transaction.jta.platform' to enable JTA platform integration)
2025-04-25T14:37:02.731+09:00 DEBUG 12125 --- [portforu] [main] org.hibernate.SQL                        : 
    create table comments (
        id bigint not null auto_increment,
        created_at datetime(6),
        is_deleted bit not null,
        updated_at datetime(6),
        content varchar(255) not null,
        member_id bigint not null,
        portfolio_id bigint not null,
        primary key (id)
    ) engine=InnoDB
2025-04-25T14:37:02.741+09:00 DEBUG 12125 --- [portforu] [main] org.hibernate.SQL                        : 
    create table job_postings (
        id bigint not null auto_increment,
        created_at datetime(6),
        is_deleted bit not null,
        updated_at datetime(6),
        company varchar(255) not null,
        duty varchar(255) not null,
        education_level varchar(255) not null,
        employment_type varchar(255) not null,
        experience_years varchar(255) not null,
        hiring_end_at datetime(6),
        hiring_start_at datetime(6),
        key_abilities varchar(255) not null,
        link varchar(255) not null,
        location varchar(255) not null,
        max_experience_years integer,
        min_experience_years integer,
        salary varchar(255) not null,
        skills varchar(255),
        title varchar(255) not null,
        primary key (id)
    ) engine=InnoDB
2025-04-25T14:37:02.749+09:00 DEBUG 12125 --- [portforu] [main] org.hibernate.SQL                        : 
    create table members (
        id bigint not null auto_increment,
        created_at datetime(6),
        is_deleted bit not null,
        updated_at datetime(6),
        address varchar(255) not null,
        email varchar(100) not null,
        name varchar(50) not null,
        password varchar(60) not null,
        phone_number varchar(30) not null,
        provider varchar(255),
        user_role enum ('ROLE_ADMIN','ROLE_USER') not null,
        view_count integer not null,
        primary key (id)
    ) engine=InnoDB
2025-04-25T14:37:02.754+09:00 DEBUG 12125 --- [portforu] [main] org.hibernate.SQL                        : 
    create table memberships (
        id bigint not null auto_increment,
        created_at datetime(6),
        is_deleted bit not null,
        updated_at datetime(6),
        name varchar(50) not null,
        price integer not null,
        quantity integer not null,
        year integer not null,
        primary key (id)
    ) engine=InnoDB
2025-04-25T14:37:02.757+09:00 DEBUG 12125 --- [portforu] [main] org.hibernate.SQL                        : 
    create table payments (
        id bigint not null auto_increment,
        created_at datetime(6),
        is_deleted bit not null,
        updated_at datetime(6),
        payment_key varchar(255),
        payment_method enum ('ACCOUNT_TRANSFER','BOOK_GIFT','CARD','CULTURE_GIFT','GAME_GIFT','MOBILE_PHONE','TOSS_PAY','UNKNOWN','VIRTUAL_ACCOUNT'),
        status enum ('CANCELED','COMPLETED','EXPIRED','FAILED','PENDING'),
        subscribe_id bigint not null,
        primary key (id)
    ) engine=InnoDB
2025-04-25T14:37:02.760+09:00 DEBUG 12125 --- [portforu] [main] org.hibernate.SQL                        : 
    create table portfolios (
        id bigint not null auto_increment,
        created_at datetime(6),
        is_deleted bit not null,
        updated_at datetime(6),
        description TEXT not null,
        file_url varchar(500),
        title varchar(50) not null,
        views integer not null,
        member_id bigint not null,
        primary key (id)
    ) engine=InnoDB
2025-04-25T14:37:02.763+09:00 DEBUG 12125 --- [portforu] [main] org.hibernate.SQL                        : 
    create table refresh_token (
        member_id bigint not null,
        token varchar(512) not null,
        primary key (member_id)
    ) engine=InnoDB
2025-04-25T14:37:02.765+09:00 DEBUG 12125 --- [portforu] [main] org.hibernate.SQL                        : 
    create table scraps (
        id bigint not null auto_increment,
        created_at datetime(6),
        is_deleted bit not null,
        updated_at datetime(6),
        job_posting_id bigint not null,
        member_id bigint not null,
        primary key (id)
    ) engine=InnoDB
2025-04-25T14:37:02.768+09:00 DEBUG 12125 --- [portforu] [main] org.hibernate.SQL                        : 
    create table subscribes (
        id bigint not null auto_increment,
        created_at datetime(6),
        is_deleted bit not null,
        updated_at datetime(6),
        end_date datetime(6) not null,
        start_date datetime(6) not null,
        status enum ('ACTIVE','CANCELED','EXPIRED','FAILED','PENDING') not null,
        member_id bigint not null,
        membership_id bigint not null,
        primary key (id)
    ) engine=InnoDB
2025-04-25T14:37:02.771+09:00 DEBUG 12125 --- [portforu] [main] org.hibernate.SQL                        : 
    create table uploaded_file (
        id bigint not null auto_increment,
        created_at datetime(6),
        file_url varchar(255),
        used bit not null,
        primary key (id)
    ) engine=InnoDB
2025-04-25T14:37:02.774+09:00 DEBUG 12125 --- [portforu] [main] org.hibernate.SQL                        : 
    alter table job_postings 
       drop index UKrctqiu9lyyeym768nw1b25ic7
2025-04-25T14:37:02.779+09:00 DEBUG 12125 --- [portforu] [main] org.hibernate.SQL                        : 
    alter table job_postings 
       add constraint UKrctqiu9lyyeym768nw1b25ic7 unique (link)
2025-04-25T14:37:02.789+09:00 DEBUG 12125 --- [portforu] [main] org.hibernate.SQL                        : 
    alter table members 
       drop index UK9d30a9u1qpg8eou0otgkwrp5d
2025-04-25T14:37:02.790+09:00 DEBUG 12125 --- [portforu] [main] org.hibernate.SQL                        : 
    alter table members 
       add constraint UK9d30a9u1qpg8eou0otgkwrp5d unique (email)
2025-04-25T14:37:02.793+09:00 DEBUG 12125 --- [portforu] [main] org.hibernate.SQL                        : 
    alter table payments 
       drop index UKt2i4hg2yv378mnognr5r20ukw
2025-04-25T14:37:02.794+09:00 DEBUG 12125 --- [portforu] [main] org.hibernate.SQL                        : 
    alter table payments 
       add constraint UKt2i4hg2yv378mnognr5r20ukw unique (subscribe_id)
2025-04-25T14:37:02.797+09:00 DEBUG 12125 --- [portforu] [main] org.hibernate.SQL                        : 
    alter table comments 
       add constraint FKkv22t54g17a6hvj7hbn6byh5s 
       foreign key (member_id) 
       references members (id)
2025-04-25T14:37:02.806+09:00 DEBUG 12125 --- [portforu] [main] org.hibernate.SQL                        : 
    alter table comments 
       add constraint FK5cwxj0hna6dqmgdwwh8jsncln 
       foreign key (portfolio_id) 
       references portfolios (id)
2025-04-25T14:37:02.816+09:00 DEBUG 12125 --- [portforu] [main] org.hibernate.SQL                        : 
    alter table payments 
       add constraint FKb1214sjecn8nd2f1b0shp3lpo 
       foreign key (subscribe_id) 
       references subscribes (id)
2025-04-25T14:37:02.824+09:00 DEBUG 12125 --- [portforu] [main] org.hibernate.SQL                        : 
    alter table portfolios 
       add constraint FKonyc71oyvfe6f7u5ut93hwfbf 
       foreign key (member_id) 
       references members (id)
2025-04-25T14:37:02.832+09:00 DEBUG 12125 --- [portforu] [main] org.hibernate.SQL                        : 
    alter table scraps 
       add constraint FKmqtt9v6pl7qy7jglcin8bcmkm 
       foreign key (job_posting_id) 
       references job_postings (id)
2025-04-25T14:37:02.838+09:00 DEBUG 12125 --- [portforu] [main] org.hibernate.SQL                        : 
    alter table scraps 
       add constraint FKhe5gvk4bvdo4b68mtxueq0wot 
       foreign key (member_id) 
       references members (id)
2025-04-25T14:37:02.847+09:00 DEBUG 12125 --- [portforu] [main] org.hibernate.SQL                        : 
    alter table subscribes 
       add constraint FK1ll7f1tjs7lt3xiqfcbrfmdum 
       foreign key (member_id) 
       references members (id)
2025-04-25T14:37:02.853+09:00 DEBUG 12125 --- [portforu] [main] org.hibernate.SQL                        : 
    alter table subscribes 
       add constraint FKhnsopwrnsd8c21915rj71d2jx 
       foreign key (membership_id) 
       references memberships (id)
2025-04-25T14:37:02.862+09:00  INFO 12125 --- [portforu] [main] j.LocalContainerEntityManagerFactoryBean : Initialized JPA EntityManagerFactory for persistence unit 'default'
2025-04-25T14:37:03.061+09:00  INFO 12125 --- [portforu] [main] o.s.d.j.r.query.QueryEnhancerFactory     : Hibernate is in classpath; If applicable, HQL parser will be used.
2025-04-25T14:37:03.743+09:00  WARN 12125 --- [portforu] [main] com.amazonaws.util.VersionInfoUtils      : The AWS SDK for Java 1.x entered maintenance mode starting July 31, 2024 and will reach end of support on December 31, 2025. For more information, see https://aws.amazon.com/blogs/developer/the-aws-sdk-for-java-1-x-is-in-maintenance-mode-effective-july-31-2024/
You can print where on the file system the AWS SDK for Java 1.x core runtime is located by setting the AWS_JAVA_V1_PRINT_LOCATION environment variable or aws.java.v1.printLocation system property to 'true'.
This message can be disabled by setting the AWS_JAVA_V1_DISABLE_DEPRECATION_ANNOUNCEMENT environment variable or aws.java.v1.disableDeprecationAnnouncement system property to 'true'.
The AWS SDK for Java 1.x is being used here:
at java.base/java.lang.Thread.getStackTrace(Thread.java:1619)
at com.amazonaws.util.VersionInfoUtils.printDeprecationAnnouncement(VersionInfoUtils.java:81)
at com.amazonaws.util.VersionInfoUtils.<clinit>(VersionInfoUtils.java:59)
at com.amazonaws.internal.EC2ResourceFetcher.<clinit>(EC2ResourceFetcher.java:44)
at com.amazonaws.auth.InstanceMetadataServiceCredentialsFetcher.<init>(InstanceMetadataServiceCredentialsFetcher.java:38)
at com.amazonaws.auth.InstanceProfileCredentialsProvider.<init>(InstanceProfileCredentialsProvider.java:111)
at com.amazonaws.auth.InstanceProfileCredentialsProvider.<init>(InstanceProfileCredentialsProvider.java:91)
at com.amazonaws.auth.InstanceProfileCredentialsProvider.<init>(InstanceProfileCredentialsProvider.java:75)
at com.amazonaws.auth.InstanceProfileCredentialsProvider.<clinit>(InstanceProfileCredentialsProvider.java:58)
at com.amazonaws.auth.EC2ContainerCredentialsProviderWrapper.initializeProvider(EC2ContainerCredentialsProviderWrapper.java:66)
at com.amazonaws.auth.EC2ContainerCredentialsProviderWrapper.<init>(EC2ContainerCredentialsProviderWrapper.java:55)
at com.amazonaws.auth.DefaultAWSCredentialsProviderChain.<init>(DefaultAWSCredentialsProviderChain.java:60)
at com.amazonaws.auth.DefaultAWSCredentialsProviderChain.<clinit>(DefaultAWSCredentialsProviderChain.java:54)
at com.amazonaws.services.s3.AmazonS3ClientBuilder.standard(AmazonS3ClientBuilder.java:46)
at org.pinggu.portforu.config.S3Config.amazonS3(S3Config.java:26)
at org.pinggu.portforu.config.S3Config$$SpringCGLIB$$0.CGLIB$amazonS3$0(<generated>)
at org.pinggu.portforu.config.S3Config$$SpringCGLIB$$FastClass$$1.invoke(<generated>)
at org.springframework.cglib.proxy.MethodProxy.invokeSuper(MethodProxy.java:258)
at org.springframework.context.annotation.ConfigurationClassEnhancer$BeanMethodInterceptor.intercept(ConfigurationClassEnhancer.java:370)
at org.pinggu.portforu.config.S3Config$$SpringCGLIB$$0.amazonS3(<generated>)
at java.base/jdk.internal.reflect.NativeMethodAccessorImpl.invoke0(Native Method)
at java.base/jdk.internal.reflect.NativeMethodAccessorImpl.invoke(NativeMethodAccessorImpl.java:77)
at java.base/jdk.internal.reflect.DelegatingMethodAccessorImpl.invoke(DelegatingMethodAccessorImpl.java:43)
at java.base/java.lang.reflect.Method.invoke(Method.java:569)
at org.springframework.beans.factory.support.SimpleInstantiationStrategy.lambda$instantiate$0(SimpleInstantiationStrategy.java:171)
at org.springframework.beans.factory.support.SimpleInstantiationStrategy.instantiateWithFactoryMethod(SimpleInstantiationStrategy.java:88)
at org.springframework.beans.factory.support.SimpleInstantiationStrategy.instantiate(SimpleInstantiationStrategy.java:168)
at org.springframework.beans.factory.support.ConstructorResolver.instantiate(ConstructorResolver.java:653)
at org.springframework.beans.factory.support.ConstructorResolver.instantiateUsingFactoryMethod(ConstructorResolver.java:489)
at org.springframework.beans.factory.support.AbstractAutowireCapableBeanFactory.instantiateUsingFactoryMethod(AbstractAutowireCapableBeanFactory.java:1361)
at org.springframework.beans.factory.support.AbstractAutowireCapableBeanFactory.createBeanInstance(AbstractAutowireCapableBeanFactory.java:1191)
at org.springframework.beans.factory.support.AbstractAutowireCapableBeanFactory.doCreateBean(AbstractAutowireCapableBeanFactory.java:563)
at org.springframework.beans.factory.support.AbstractAutowireCapableBeanFactory.createBean(AbstractAutowireCapableBeanFactory.java:523)
at org.springframework.beans.factory.support.AbstractBeanFactory.lambda$doGetBean$0(AbstractBeanFactory.java:339)
at org.springframework.beans.factory.support.DefaultSingletonBeanRegistry.getSingleton(DefaultSingletonBeanRegistry.java:347)
at org.springframework.beans.factory.support.AbstractBeanFactory.doGetBean(AbstractBeanFactory.java:337)
at org.springframework.beans.factory.support.AbstractBeanFactory.getBean(AbstractBeanFactory.java:202)
at org.springframework.beans.factory.support.DefaultListableBeanFactory.doResolveDependency(DefaultListableBeanFactory.java:1609)
at org.springframework.beans.factory.support.DefaultListableBeanFactory.resolveDependency(DefaultListableBeanFactory.java:1555)
at org.springframework.beans.factory.support.ConstructorResolver.resolveAutowiredArgument(ConstructorResolver.java:913)
at org.springframework.beans.factory.support.ConstructorResolver.createArgumentArray(ConstructorResolver.java:791)
at org.springframework.beans.factory.support.ConstructorResolver.autowireConstructor(ConstructorResolver.java:240)
at org.springframework.beans.factory.support.AbstractAutowireCapableBeanFactory.autowireConstructor(AbstractAutowireCapableBeanFactory.java:1381)
at org.springframework.beans.factory.support.AbstractAutowireCapableBeanFactory.createBeanInstance(AbstractAutowireCapableBeanFactory.java:1218)
at org.springframework.beans.factory.support.AbstractAutowireCapableBeanFactory.doCreateBean(AbstractAutowireCapableBeanFactory.java:563)
at org.springframework.beans.factory.support.AbstractAutowireCapableBeanFactory.createBean(AbstractAutowireCapableBeanFactory.java:523)
at org.springframework.beans.factory.support.AbstractBeanFactory.lambda$doGetBean$0(AbstractBeanFactory.java:339)
at org.springframework.beans.factory.support.DefaultSingletonBeanRegistry.getSingleton(DefaultSingletonBeanRegistry.java:347)
at org.springframework.beans.factory.support.AbstractBeanFactory.doGetBean(AbstractBeanFactory.java:337)
at org.springframework.beans.factory.support.AbstractBeanFactory.getBean(AbstractBeanFactory.java:202)
at org.springframework.beans.factory.support.DefaultListableBeanFactory.doResolveDependency(DefaultListableBeanFactory.java:1609)
at org.springframework.beans.factory.support.DefaultListableBeanFactory.resolveDependency(DefaultListableBeanFactory.java:1555)
at org.springframework.beans.factory.support.ConstructorResolver.resolveAutowiredArgument(ConstructorResolver.java:913)
at org.springframework.beans.factory.support.ConstructorResolver.createArgumentArray(ConstructorResolver.java:791)
at org.springframework.beans.factory.support.ConstructorResolver.autowireConstructor(ConstructorResolver.java:240)
at org.springframework.beans.factory.support.AbstractAutowireCapableBeanFactory.autowireConstructor(AbstractAutowireCapableBeanFactory.java:1381)
at org.springframework.beans.factory.support.AbstractAutowireCapableBeanFactory.createBeanInstance(AbstractAutowireCapableBeanFactory.java:1218)
at org.springframework.beans.factory.support.AbstractAutowireCapableBeanFactory.doCreateBean(AbstractAutowireCapableBeanFactory.java:563)
at org.springframework.beans.factory.support.AbstractAutowireCapableBeanFactory.createBean(AbstractAutowireCapableBeanFactory.java:523)
at org.springframework.beans.factory.support.AbstractBeanFactory.lambda$doGetBean$0(AbstractBeanFactory.java:339)
at org.springframework.beans.factory.support.DefaultSingletonBeanRegistry.getSingleton(DefaultSingletonBeanRegistry.java:347)
at org.springframework.beans.factory.support.AbstractBeanFactory.doGetBean(AbstractBeanFactory.java:337)
at org.springframework.beans.factory.support.AbstractBeanFactory.getBean(AbstractBeanFactory.java:202)
at org.springframework.beans.factory.support.DefaultListableBeanFactory.doResolveDependency(DefaultListableBeanFactory.java:1609)
at org.springframework.beans.factory.support.DefaultListableBeanFactory.resolveDependency(DefaultListableBeanFactory.java:1555)
at org.springframework.beans.factory.support.ConstructorResolver.resolveAutowiredArgument(ConstructorResolver.java:913)
at org.springframework.beans.factory.support.ConstructorResolver.createArgumentArray(ConstructorResolver.java:791)
at org.springframework.beans.factory.support.ConstructorResolver.autowireConstructor(ConstructorResolver.java:240)
at org.springframework.beans.factory.support.AbstractAutowireCapableBeanFactory.autowireConstructor(AbstractAutowireCapableBeanFactory.java:1381)
at org.springframework.beans.factory.support.AbstractAutowireCapableBeanFactory.createBeanInstance(AbstractAutowireCapableBeanFactory.java:1218)
at org.springframework.beans.factory.support.AbstractAutowireCapableBeanFactory.doCreateBean(AbstractAutowireCapableBeanFactory.java:563)
at org.springframework.beans.factory.support.AbstractAutowireCapableBeanFactory.createBean(AbstractAutowireCapableBeanFactory.java:523)
at org.springframework.beans.factory.support.AbstractBeanFactory.lambda$doGetBean$0(AbstractBeanFactory.java:339)
at org.springframework.beans.factory.support.DefaultSingletonBeanRegistry.getSingleton(DefaultSingletonBeanRegistry.java:347)
at org.springframework.beans.factory.support.AbstractBeanFactory.doGetBean(AbstractBeanFactory.java:337)
at org.springframework.beans.factory.support.AbstractBeanFactory.getBean(AbstractBeanFactory.java:202)
at org.springframework.beans.factory.support.DefaultListableBeanFactory.instantiateSingleton(DefaultListableBeanFactory.java:1155)
at org.springframework.beans.factory.support.DefaultListableBeanFactory.preInstantiateSingleton(DefaultListableBeanFactory.java:1121)
at org.springframework.beans.factory.support.DefaultListableBeanFactory.preInstantiateSingletons(DefaultListableBeanFactory.java:1056)
at org.springframework.context.support.AbstractApplicationContext.finishBeanFactoryInitialization(AbstractApplicationContext.java:987)
at org.springframework.context.support.AbstractApplicationContext.refresh(AbstractApplicationContext.java:627)
at org.springframework.boot.web.servlet.context.ServletWebServerApplicationContext.refresh(ServletWebServerApplicationContext.java:146)
at org.springframework.boot.SpringApplication.refresh(SpringApplication.java:752)
at org.springframework.boot.SpringApplication.refreshContext(SpringApplication.java:439)
at org.springframework.boot.SpringApplication.run(SpringApplication.java:318)
at org.springframework.boot.SpringApplication.run(SpringApplication.java:1361)
at org.springframework.boot.SpringApplication.run(SpringApplication.java:1350)
at org.pinggu.portforu.PortforuApplication.main(PortforuApplication.java:12)
2025-04-25T14:37:03.910+09:00  WARN 12125 --- [portforu] [main] JpaBaseConfiguration$JpaWebConfiguration : spring.jpa.open-in-view is enabled by default. Therefore, database queries may be performed during view rendering. Explicitly configure spring.jpa.open-in-view to disable this warning
2025-04-25T14:37:03.955+09:00 DEBUG 12125 --- [portforu] [main] swordEncoderAuthenticationManagerBuilder : No authenticationProviders and no parentAuthenticationManager defined. Returning null.
2025-04-25T14:37:04.115+09:00 DEBUG 12125 --- [portforu] [main] o.s.s.web.DefaultSecurityFilterChain     : Will secure any request with filters: DisableEncodeUrlFilter, WebAsyncManagerIntegrationFilter, SecurityContextHolderFilter, HeaderWriterFilter, OAuth2AuthorizationRequestRedirectFilter, OAuth2LoginAuthenticationFilter, DefaultResourcesFilter, DefaultLoginPageGeneratingFilter, RequestCacheAwareFilter, JwtAuthenticationFilter, SecurityContextHolderAwareRequestFilter, AnonymousAuthenticationFilter, SessionManagementFilter, ExceptionTranslationFilter, AuthorizationFilter
2025-04-25T14:37:04.452+09:00  INFO 12125 --- [portforu] [main] o.s.b.w.embedded.tomcat.TomcatWebServer  : Tomcat started on port 8080 (http) with context path '/'
2025-04-25T14:37:04.460+09:00  INFO 12125 --- [portforu] [main] o.pinggu.portforu.PortforuApplication    : Started PortforuApplication in 3.929 seconds (process running for 4.241)
2025-04-25T14:41:01.617+09:00  INFO 12125 --- [portforu] [SpringApplicationShutdownHook] o.s.b.w.e.tomcat.GracefulShutdown        : Commencing graceful shutdown. Waiting for active requests to complete
2025-04-25T14:41:01.623+09:00  INFO 12125 --- [portforu] [tomcat-shutdown] o.s.b.w.e.tomcat.GracefulShutdown        : Graceful shutdown complete
2025-04-25T14:41:01.665+09:00  INFO 12125 --- [portforu] [SpringApplicationShutdownHook] j.LocalContainerEntityManagerFactoryBean : Closing JPA EntityManagerFactory for persistence unit 'default'
2025-04-25T14:41:01.669+09:00  INFO 12125 --- [portforu] [SpringApplicationShutdownHook] com.zaxxer.hikari.HikariDataSource       : HikariPool-1 - Shutdown initiated...
2025-04-25T14:41:01.676+09:00  INFO 12125 --- [portforu] [SpringApplicationShutdownHook] com.zaxxer.hikari.HikariDataSource       : HikariPool-1 - Shutdown completed.
2025-04-25T14:41:04.119+09:00  INFO 12378 --- [portforu] [main] o.pinggu.portforu.PortforuApplication    : Starting PortforuApplication using Java 17.0.13 with PID 12378 (/Users/t2023-m0111/IdeaProjects/portforu/build/classes/java/main started by t2023-m0111 in /Users/t2023-m0111/IdeaProjects/portforu)
2025-04-25T14:41:04.120+09:00  INFO 12378 --- [portforu] [main] o.pinggu.portforu.PortforuApplication    : The following 1 profile is active: "local"
2025-04-25T14:41:04.511+09:00  INFO 12378 --- [portforu] [main] .s.d.r.c.RepositoryConfigurationDelegate : Multiple Spring Data modules found, entering strict repository configuration mode
2025-04-25T14:41:04.512+09:00  INFO 12378 --- [portforu] [main] .s.d.r.c.RepositoryConfigurationDelegate : Bootstrapping Spring Data Elasticsearch repositories in DEFAULT mode.
2025-04-25T14:41:04.532+09:00  INFO 12378 --- [portforu] [main] .RepositoryConfigurationExtensionSupport : Spring Data Elasticsearch - Could not safely identify store assignment for repository candidate interface org.pinggu.portforu.domain.auth.repository.RefreshTokenRepository; If you want this repository to be a Elasticsearch repository, consider annotating your entities with one of these annotations: org.springframework.data.elasticsearch.annotations.Document (preferred), or consider extending one of the following types with your repository: org.springframework.data.elasticsearch.repository.ElasticsearchRepository
2025-04-25T14:41:04.534+09:00  INFO 12378 --- [portforu] [main] .RepositoryConfigurationExtensionSupport : Spring Data Elasticsearch - Could not safely identify store assignment for repository candidate interface org.pinggu.portforu.domain.comment.repository.CommentRepository; If you want this repository to be a Elasticsearch repository, consider annotating your entities with one of these annotations: org.springframework.data.elasticsearch.annotations.Document (preferred), or consider extending one of the following types with your repository: org.springframework.data.elasticsearch.repository.ElasticsearchRepository
2025-04-25T14:41:04.582+09:00  INFO 12378 --- [portforu] [main] .RepositoryConfigurationExtensionSupport : Spring Data Elasticsearch - Could not safely identify store assignment for repository candidate interface org.pinggu.portforu.domain.jobposting.repository.JobPostingRepository; If you want this repository to be a Elasticsearch repository, consider annotating your entities with one of these annotations: org.springframework.data.elasticsearch.annotations.Document (preferred), or consider extending one of the following types with your repository: org.springframework.data.elasticsearch.repository.ElasticsearchRepository
2025-04-25T14:41:04.582+09:00  INFO 12378 --- [portforu] [main] .RepositoryConfigurationExtensionSupport : Spring Data Elasticsearch - Could not safely identify store assignment for repository candidate interface org.pinggu.portforu.domain.member.repository.MemberRepository; If you want this repository to be a Elasticsearch repository, consider annotating your entities with one of these annotations: org.springframework.data.elasticsearch.annotations.Document (preferred), or consider extending one of the following types with your repository: org.springframework.data.elasticsearch.repository.ElasticsearchRepository
2025-04-25T14:41:04.583+09:00  INFO 12378 --- [portforu] [main] .RepositoryConfigurationExtensionSupport : Spring Data Elasticsearch - Could not safely identify store assignment for repository candidate interface org.pinggu.portforu.domain.membership.repository.MembershipRepository; If you want this repository to be a Elasticsearch repository, consider annotating your entities with one of these annotations: org.springframework.data.elasticsearch.annotations.Document (preferred), or consider extending one of the following types with your repository: org.springframework.data.elasticsearch.repository.ElasticsearchRepository
2025-04-25T14:41:04.583+09:00  INFO 12378 --- [portforu] [main] .RepositoryConfigurationExtensionSupport : Spring Data Elasticsearch - Could not safely identify store assignment for repository candidate interface org.pinggu.portforu.domain.payment.repository.PaymentRepository; If you want this repository to be a Elasticsearch repository, consider annotating your entities with one of these annotations: org.springframework.data.elasticsearch.annotations.Document (preferred), or consider extending one of the following types with your repository: org.springframework.data.elasticsearch.repository.ElasticsearchRepository
2025-04-25T14:41:04.583+09:00  INFO 12378 --- [portforu] [main] .RepositoryConfigurationExtensionSupport : Spring Data Elasticsearch - Could not safely identify store assignment for repository candidate interface org.pinggu.portforu.domain.portfolio.repository.PortfolioRepository; If you want this repository to be a Elasticsearch repository, consider annotating your entities with one of these annotations: org.springframework.data.elasticsearch.annotations.Document (preferred), or consider extending one of the following types with your repository: org.springframework.data.elasticsearch.repository.ElasticsearchRepository
2025-04-25T14:41:04.584+09:00  INFO 12378 --- [portforu] [main] .RepositoryConfigurationExtensionSupport : Spring Data Elasticsearch - Could not safely identify store assignment for repository candidate interface org.pinggu.portforu.domain.portfolio.repository.UploadedFileRepository; If you want this repository to be a Elasticsearch repository, consider annotating your entities with one of these annotations: org.springframework.data.elasticsearch.annotations.Document (preferred), or consider extending one of the following types with your repository: org.springframework.data.elasticsearch.repository.ElasticsearchRepository
2025-04-25T14:41:04.584+09:00  INFO 12378 --- [portforu] [main] .RepositoryConfigurationExtensionSupport : Spring Data Elasticsearch - Could not safely identify store assignment for repository candidate interface org.pinggu.portforu.domain.scrap.repository.ScrapRepository; If you want this repository to be a Elasticsearch repository, consider annotating your entities with one of these annotations: org.springframework.data.elasticsearch.annotations.Document (preferred), or consider extending one of the following types with your repository: org.springframework.data.elasticsearch.repository.ElasticsearchRepository
2025-04-25T14:41:04.584+09:00  INFO 12378 --- [portforu] [main] .RepositoryConfigurationExtensionSupport : Spring Data Elasticsearch - Could not safely identify store assignment for repository candidate interface org.pinggu.portforu.domain.subscribe.repository.SubscribeRepository; If you want this repository to be a Elasticsearch repository, consider annotating your entities with one of these annotations: org.springframework.data.elasticsearch.annotations.Document (preferred), or consider extending one of the following types with your repository: org.springframework.data.elasticsearch.repository.ElasticsearchRepository
2025-04-25T14:41:04.593+09:00  INFO 12378 --- [portforu] [main] .s.d.r.c.RepositoryConfigurationDelegate : Finished Spring Data repository scanning in 78 ms. Found 1 Elasticsearch repository interface.
2025-04-25T14:41:04.596+09:00  INFO 12378 --- [portforu] [main] .s.d.r.c.RepositoryConfigurationDelegate : Multiple Spring Data modules found, entering strict repository configuration mode
2025-04-25T14:41:04.596+09:00  INFO 12378 --- [portforu] [main] .s.d.r.c.RepositoryConfigurationDelegate : Bootstrapping Spring Data Reactive Elasticsearch repositories in DEFAULT mode.
2025-04-25T14:41:04.601+09:00  INFO 12378 --- [portforu] [main] .RepositoryConfigurationExtensionSupport : Spring Data Reactive Elasticsearch - Could not safely identify store assignment for repository candidate interface org.pinggu.portforu.domain.auth.repository.RefreshTokenRepository; If you want this repository to be a Reactive Elasticsearch repository, consider annotating your entities with one of these annotations: org.springframework.data.elasticsearch.annotations.Document (preferred), or consider extending one of the following types with your repository: org.springframework.data.elasticsearch.repository.ReactiveElasticsearchRepository
2025-04-25T14:41:04.601+09:00  INFO 12378 --- [portforu] [main] .RepositoryConfigurationExtensionSupport : Spring Data Reactive Elasticsearch - Could not safely identify store assignment for repository candidate interface org.pinggu.portforu.domain.comment.repository.CommentRepository; If you want this repository to be a Reactive Elasticsearch repository, consider annotating your entities with one of these annotations: org.springframework.data.elasticsearch.annotations.Document (preferred), or consider extending one of the following types with your repository: org.springframework.data.elasticsearch.repository.ReactiveElasticsearchRepository
2025-04-25T14:41:04.602+09:00  INFO 12378 --- [portforu] [main] .RepositoryConfigurationExtensionSupport : Spring Data Reactive Elasticsearch - Could not safely identify store assignment for repository candidate interface org.pinggu.portforu.domain.jobposting.repository.JobPostingRepository; If you want this repository to be a Reactive Elasticsearch repository, consider annotating your entities with one of these annotations: org.springframework.data.elasticsearch.annotations.Document (preferred), or consider extending one of the following types with your repository: org.springframework.data.elasticsearch.repository.ReactiveElasticsearchRepository
2025-04-25T14:41:04.602+09:00  INFO 12378 --- [portforu] [main] .RepositoryConfigurationExtensionSupport : Spring Data Reactive Elasticsearch - Could not safely identify store assignment for repository candidate interface org.pinggu.portforu.domain.member.repository.MemberRepository; If you want this repository to be a Reactive Elasticsearch repository, consider annotating your entities with one of these annotations: org.springframework.data.elasticsearch.annotations.Document (preferred), or consider extending one of the following types with your repository: org.springframework.data.elasticsearch.repository.ReactiveElasticsearchRepository
2025-04-25T14:41:04.602+09:00  INFO 12378 --- [portforu] [main] .RepositoryConfigurationExtensionSupport : Spring Data Reactive Elasticsearch - Could not safely identify store assignment for repository candidate interface org.pinggu.portforu.domain.membership.repository.MembershipRepository; If you want this repository to be a Reactive Elasticsearch repository, consider annotating your entities with one of these annotations: org.springframework.data.elasticsearch.annotations.Document (preferred), or consider extending one of the following types with your repository: org.springframework.data.elasticsearch.repository.ReactiveElasticsearchRepository
2025-04-25T14:41:04.602+09:00  INFO 12378 --- [portforu] [main] .RepositoryConfigurationExtensionSupport : Spring Data Reactive Elasticsearch - Could not safely identify store assignment for repository candidate interface org.pinggu.portforu.domain.payment.repository.PaymentRepository; If you want this repository to be a Reactive Elasticsearch repository, consider annotating your entities with one of these annotations: org.springframework.data.elasticsearch.annotations.Document (preferred), or consider extending one of the following types with your repository: org.springframework.data.elasticsearch.repository.ReactiveElasticsearchRepository
2025-04-25T14:41:04.602+09:00  INFO 12378 --- [portforu] [main] .RepositoryConfigurationExtensionSupport : Spring Data Reactive Elasticsearch - Could not safely identify store assignment for repository candidate interface org.pinggu.portforu.domain.portfolio.repository.PortfolioRepository; If you want this repository to be a Reactive Elasticsearch repository, consider annotating your entities with one of these annotations: org.springframework.data.elasticsearch.annotations.Document (preferred), or consider extending one of the following types with your repository: org.springframework.data.elasticsearch.repository.ReactiveElasticsearchRepository
2025-04-25T14:41:04.602+09:00  INFO 12378 --- [portforu] [main] .RepositoryConfigurationExtensionSupport : Spring Data Reactive Elasticsearch - Could not safely identify store assignment for repository candidate interface org.pinggu.portforu.domain.portfolio.repository.UploadedFileRepository; If you want this repository to be a Reactive Elasticsearch repository, consider annotating your entities with one of these annotations: org.springframework.data.elasticsearch.annotations.Document (preferred), or consider extending one of the following types with your repository: org.springframework.data.elasticsearch.repository.ReactiveElasticsearchRepository
2025-04-25T14:41:04.602+09:00  INFO 12378 --- [portforu] [main] .RepositoryConfigurationExtensionSupport : Spring Data Reactive Elasticsearch - Could not safely identify store assignment for repository candidate interface org.pinggu.portforu.domain.scrap.repository.ScrapRepository; If you want this repository to be a Reactive Elasticsearch repository, consider annotating your entities with one of these annotations: org.springframework.data.elasticsearch.annotations.Document (preferred), or consider extending one of the following types with your repository: org.springframework.data.elasticsearch.repository.ReactiveElasticsearchRepository
2025-04-25T14:41:04.602+09:00  INFO 12378 --- [portforu] [main] .RepositoryConfigurationExtensionSupport : Spring Data Reactive Elasticsearch - Could not safely identify store assignment for repository candidate interface org.pinggu.portforu.domain.subscribe.repository.SubscribeRepository; If you want this repository to be a Reactive Elasticsearch repository, consider annotating your entities with one of these annotations: org.springframework.data.elasticsearch.annotations.Document (preferred), or consider extending one of the following types with your repository: org.springframework.data.elasticsearch.repository.ReactiveElasticsearchRepository
2025-04-25T14:41:04.603+09:00  INFO 12378 --- [portforu] [main] .s.d.r.c.RepositoryConfigurationDelegate : Finished Spring Data repository scanning in 5 ms. Found 0 Reactive Elasticsearch repository interfaces.
2025-04-25T14:41:04.606+09:00  INFO 12378 --- [portforu] [main] .s.d.r.c.RepositoryConfigurationDelegate : Multiple Spring Data modules found, entering strict repository configuration mode
2025-04-25T14:41:04.606+09:00  INFO 12378 --- [portforu] [main] .s.d.r.c.RepositoryConfigurationDelegate : Bootstrapping Spring Data JPA repositories in DEFAULT mode.
2025-04-25T14:41:04.613+09:00  INFO 12378 --- [portforu] [main] .RepositoryConfigurationExtensionSupport : Spring Data JPA - Could not safely identify store assignment for repository candidate interface org.pinggu.portforu.domain.jobposting.elastic.repository.JobPostingSearchRepository; If you want this repository to be a JPA repository, consider annotating your entities with one of these annotations: jakarta.persistence.Entity, jakarta.persistence.MappedSuperclass (preferred), or consider extending one of the following types with your repository: org.springframework.data.jpa.repository.JpaRepository
2025-04-25T14:41:04.622+09:00  INFO 12378 --- [portforu] [main] .s.d.r.c.RepositoryConfigurationDelegate : Finished Spring Data repository scanning in 13 ms. Found 10 JPA repository interfaces.
2025-04-25T14:41:04.628+09:00  INFO 12378 --- [portforu] [main] .s.d.r.c.RepositoryConfigurationDelegate : Multiple Spring Data modules found, entering strict repository configuration mode
2025-04-25T14:41:04.629+09:00  INFO 12378 --- [portforu] [main] .s.d.r.c.RepositoryConfigurationDelegate : Bootstrapping Spring Data Redis repositories in DEFAULT mode.
2025-04-25T14:41:04.636+09:00  INFO 12378 --- [portforu] [main] .RepositoryConfigurationExtensionSupport : Spring Data Redis - Could not safely identify store assignment for repository candidate interface org.pinggu.portforu.domain.auth.repository.RefreshTokenRepository; If you want this repository to be a Redis repository, consider annotating your entities with one of these annotations: org.springframework.data.redis.core.RedisHash (preferred), or consider extending one of the following types with your repository: org.springframework.data.keyvalue.repository.KeyValueRepository
2025-04-25T14:41:04.637+09:00  INFO 12378 --- [portforu] [main] .RepositoryConfigurationExtensionSupport : Spring Data Redis - Could not safely identify store assignment for repository candidate interface org.pinggu.portforu.domain.comment.repository.CommentRepository; If you want this repository to be a Redis repository, consider annotating your entities with one of these annotations: org.springframework.data.redis.core.RedisHash (preferred), or consider extending one of the following types with your repository: org.springframework.data.keyvalue.repository.KeyValueRepository
2025-04-25T14:41:04.637+09:00  INFO 12378 --- [portforu] [main] .RepositoryConfigurationExtensionSupport : Spring Data Redis - Could not safely identify store assignment for repository candidate interface org.pinggu.portforu.domain.jobposting.elastic.repository.JobPostingSearchRepository; If you want this repository to be a Redis repository, consider annotating your entities with one of these annotations: org.springframework.data.redis.core.RedisHash (preferred), or consider extending one of the following types with your repository: org.springframework.data.keyvalue.repository.KeyValueRepository
2025-04-25T14:41:04.637+09:00  INFO 12378 --- [portforu] [main] .RepositoryConfigurationExtensionSupport : Spring Data Redis - Could not safely identify store assignment for repository candidate interface org.pinggu.portforu.domain.jobposting.repository.JobPostingRepository; If you want this repository to be a Redis repository, consider annotating your entities with one of these annotations: org.springframework.data.redis.core.RedisHash (preferred), or consider extending one of the following types with your repository: org.springframework.data.keyvalue.repository.KeyValueRepository
2025-04-25T14:41:04.637+09:00  INFO 12378 --- [portforu] [main] .RepositoryConfigurationExtensionSupport : Spring Data Redis - Could not safely identify store assignment for repository candidate interface org.pinggu.portforu.domain.member.repository.MemberRepository; If you want this repository to be a Redis repository, consider annotating your entities with one of these annotations: org.springframework.data.redis.core.RedisHash (preferred), or consider extending one of the following types with your repository: org.springframework.data.keyvalue.repository.KeyValueRepository
2025-04-25T14:41:04.637+09:00  INFO 12378 --- [portforu] [main] .RepositoryConfigurationExtensionSupport : Spring Data Redis - Could not safely identify store assignment for repository candidate interface org.pinggu.portforu.domain.membership.repository.MembershipRepository; If you want this repository to be a Redis repository, consider annotating your entities with one of these annotations: org.springframework.data.redis.core.RedisHash (preferred), or consider extending one of the following types with your repository: org.springframework.data.keyvalue.repository.KeyValueRepository
2025-04-25T14:41:04.637+09:00  INFO 12378 --- [portforu] [main] .RepositoryConfigurationExtensionSupport : Spring Data Redis - Could not safely identify store assignment for repository candidate interface org.pinggu.portforu.domain.payment.repository.PaymentRepository; If you want this repository to be a Redis repository, consider annotating your entities with one of these annotations: org.springframework.data.redis.core.RedisHash (preferred), or consider extending one of the following types with your repository: org.springframework.data.keyvalue.repository.KeyValueRepository
2025-04-25T14:41:04.637+09:00  INFO 12378 --- [portforu] [main] .RepositoryConfigurationExtensionSupport : Spring Data Redis - Could not safely identify store assignment for repository candidate interface org.pinggu.portforu.domain.portfolio.repository.PortfolioRepository; If you want this repository to be a Redis repository, consider annotating your entities with one of these annotations: org.springframework.data.redis.core.RedisHash (preferred), or consider extending one of the following types with your repository: org.springframework.data.keyvalue.repository.KeyValueRepository
2025-04-25T14:41:04.637+09:00  INFO 12378 --- [portforu] [main] .RepositoryConfigurationExtensionSupport : Spring Data Redis - Could not safely identify store assignment for repository candidate interface org.pinggu.portforu.domain.portfolio.repository.UploadedFileRepository; If you want this repository to be a Redis repository, consider annotating your entities with one of these annotations: org.springframework.data.redis.core.RedisHash (preferred), or consider extending one of the following types with your repository: org.springframework.data.keyvalue.repository.KeyValueRepository
2025-04-25T14:41:04.637+09:00  INFO 12378 --- [portforu] [main] .RepositoryConfigurationExtensionSupport : Spring Data Redis - Could not safely identify store assignment for repository candidate interface org.pinggu.portforu.domain.scrap.repository.ScrapRepository; If you want this repository to be a Redis repository, consider annotating your entities with one of these annotations: org.springframework.data.redis.core.RedisHash (preferred), or consider extending one of the following types with your repository: org.springframework.data.keyvalue.repository.KeyValueRepository
2025-04-25T14:41:04.637+09:00  INFO 12378 --- [portforu] [main] .RepositoryConfigurationExtensionSupport : Spring Data Redis - Could not safely identify store assignment for repository candidate interface org.pinggu.portforu.domain.subscribe.repository.SubscribeRepository; If you want this repository to be a Redis repository, consider annotating your entities with one of these annotations: org.springframework.data.redis.core.RedisHash (preferred), or consider extending one of the following types with your repository: org.springframework.data.keyvalue.repository.KeyValueRepository
2025-04-25T14:41:04.637+09:00  INFO 12378 --- [portforu] [main] .s.d.r.c.RepositoryConfigurationDelegate : Finished Spring Data repository scanning in 4 ms. Found 0 Redis repository interfaces.
2025-04-25T14:41:05.002+09:00  INFO 12378 --- [portforu] [main] o.s.b.w.embedded.tomcat.TomcatWebServer  : Tomcat initialized with port 8080 (http)
2025-04-25T14:41:05.008+09:00  INFO 12378 --- [portforu] [main] o.apache.catalina.core.StandardService   : Starting service [Tomcat]
2025-04-25T14:41:05.009+09:00  INFO 12378 --- [portforu] [main] o.apache.catalina.core.StandardEngine    : Starting Servlet engine: [Apache Tomcat/10.1.39]
2025-04-25T14:41:05.031+09:00  INFO 12378 --- [portforu] [main] o.a.c.c.C.[Tomcat].[localhost].[/]       : Initializing Spring embedded WebApplicationContext
2025-04-25T14:41:05.031+09:00  INFO 12378 --- [portforu] [main] w.s.c.ServletWebServerApplicationContext : Root WebApplicationContext: initialization completed in 895 ms
2025-04-25T14:41:05.113+09:00  INFO 12378 --- [portforu] [main] o.hibernate.jpa.internal.util.LogHelper  : HHH000204: Processing PersistenceUnitInfo [name: default]
2025-04-25T14:41:05.137+09:00  INFO 12378 --- [portforu] [main] org.hibernate.Version                    : HHH000412: Hibernate ORM core version 6.6.11.Final
2025-04-25T14:41:05.150+09:00  INFO 12378 --- [portforu] [main] o.h.c.internal.RegionFactoryInitiator    : HHH000026: Second-level cache disabled
2025-04-25T14:41:05.285+09:00  INFO 12378 --- [portforu] [main] o.s.o.j.p.SpringPersistenceUnitInfo      : No LoadTimeWeaver setup: ignoring JPA class transformer
2025-04-25T14:41:05.299+09:00  INFO 12378 --- [portforu] [main] com.zaxxer.hikari.HikariDataSource       : HikariPool-1 - Starting...
2025-04-25T14:41:05.445+09:00  INFO 12378 --- [portforu] [main] com.zaxxer.hikari.pool.HikariPool        : HikariPool-1 - Added connection com.mysql.cj.jdbc.ConnectionImpl@1dce481b
2025-04-25T14:41:05.446+09:00  INFO 12378 --- [portforu] [main] com.zaxxer.hikari.HikariDataSource       : HikariPool-1 - Start completed.
2025-04-25T14:41:05.486+09:00  INFO 12378 --- [portforu] [main] org.hibernate.orm.connections.pooling    : HHH10001005: Database info:
	Database JDBC URL [Connecting through datasource 'HikariDataSource (HikariPool-1)']
	Database driver: undefined/unknown
	Database version: 9.2
	Autocommit mode: undefined/unknown
	Isolation level: undefined/unknown
	Minimum pool size: undefined/unknown
	Maximum pool size: undefined/unknown
2025-04-25T14:41:05.978+09:00  INFO 12378 --- [portforu] [main] o.h.e.t.j.p.i.JtaPlatformInitiator       : HHH000489: No JTA platform available (set 'hibernate.transaction.jta.platform' to enable JTA platform integration)
2025-04-25T14:41:06.083+09:00  INFO 12378 --- [portforu] [main] j.LocalContainerEntityManagerFactoryBean : Initialized JPA EntityManagerFactory for persistence unit 'default'
2025-04-25T14:41:06.277+09:00  INFO 12378 --- [portforu] [main] o.s.d.j.r.query.QueryEnhancerFactory     : Hibernate is in classpath; If applicable, HQL parser will be used.
2025-04-25T14:41:06.936+09:00  WARN 12378 --- [portforu] [main] com.amazonaws.util.VersionInfoUtils      : The AWS SDK for Java 1.x entered maintenance mode starting July 31, 2024 and will reach end of support on December 31, 2025. For more information, see https://aws.amazon.com/blogs/developer/the-aws-sdk-for-java-1-x-is-in-maintenance-mode-effective-july-31-2024/
You can print where on the file system the AWS SDK for Java 1.x core runtime is located by setting the AWS_JAVA_V1_PRINT_LOCATION environment variable or aws.java.v1.printLocation system property to 'true'.
This message can be disabled by setting the AWS_JAVA_V1_DISABLE_DEPRECATION_ANNOUNCEMENT environment variable or aws.java.v1.disableDeprecationAnnouncement system property to 'true'.
The AWS SDK for Java 1.x is being used here:
at java.base/java.lang.Thread.getStackTrace(Thread.java:1619)
at com.amazonaws.util.VersionInfoUtils.printDeprecationAnnouncement(VersionInfoUtils.java:81)
at com.amazonaws.util.VersionInfoUtils.<clinit>(VersionInfoUtils.java:59)
at com.amazonaws.internal.EC2ResourceFetcher.<clinit>(EC2ResourceFetcher.java:44)
at com.amazonaws.auth.InstanceMetadataServiceCredentialsFetcher.<init>(InstanceMetadataServiceCredentialsFetcher.java:38)
at com.amazonaws.auth.InstanceProfileCredentialsProvider.<init>(InstanceProfileCredentialsProvider.java:111)
at com.amazonaws.auth.InstanceProfileCredentialsProvider.<init>(InstanceProfileCredentialsProvider.java:91)
at com.amazonaws.auth.InstanceProfileCredentialsProvider.<init>(InstanceProfileCredentialsProvider.java:75)
at com.amazonaws.auth.InstanceProfileCredentialsProvider.<clinit>(InstanceProfileCredentialsProvider.java:58)
at com.amazonaws.auth.EC2ContainerCredentialsProviderWrapper.initializeProvider(EC2ContainerCredentialsProviderWrapper.java:66)
at com.amazonaws.auth.EC2ContainerCredentialsProviderWrapper.<init>(EC2ContainerCredentialsProviderWrapper.java:55)
at com.amazonaws.auth.DefaultAWSCredentialsProviderChain.<init>(DefaultAWSCredentialsProviderChain.java:60)
at com.amazonaws.auth.DefaultAWSCredentialsProviderChain.<clinit>(DefaultAWSCredentialsProviderChain.java:54)
at com.amazonaws.services.s3.AmazonS3ClientBuilder.standard(AmazonS3ClientBuilder.java:46)
at org.pinggu.portforu.config.S3Config.amazonS3(S3Config.java:26)
at org.pinggu.portforu.config.S3Config$$SpringCGLIB$$0.CGLIB$amazonS3$0(<generated>)
at org.pinggu.portforu.config.S3Config$$SpringCGLIB$$FastClass$$1.invoke(<generated>)
at org.springframework.cglib.proxy.MethodProxy.invokeSuper(MethodProxy.java:258)
at org.springframework.context.annotation.ConfigurationClassEnhancer$BeanMethodInterceptor.intercept(ConfigurationClassEnhancer.java:370)
at org.pinggu.portforu.config.S3Config$$SpringCGLIB$$0.amazonS3(<generated>)
at java.base/jdk.internal.reflect.NativeMethodAccessorImpl.invoke0(Native Method)
at java.base/jdk.internal.reflect.NativeMethodAccessorImpl.invoke(NativeMethodAccessorImpl.java:77)
at java.base/jdk.internal.reflect.DelegatingMethodAccessorImpl.invoke(DelegatingMethodAccessorImpl.java:43)
at java.base/java.lang.reflect.Method.invoke(Method.java:569)
at org.springframework.beans.factory.support.SimpleInstantiationStrategy.lambda$instantiate$0(SimpleInstantiationStrategy.java:171)
at org.springframework.beans.factory.support.SimpleInstantiationStrategy.instantiateWithFactoryMethod(SimpleInstantiationStrategy.java:88)
at org.springframework.beans.factory.support.SimpleInstantiationStrategy.instantiate(SimpleInstantiationStrategy.java:168)
at org.springframework.beans.factory.support.ConstructorResolver.instantiate(ConstructorResolver.java:653)
at org.springframework.beans.factory.support.ConstructorResolver.instantiateUsingFactoryMethod(ConstructorResolver.java:489)
at org.springframework.beans.factory.support.AbstractAutowireCapableBeanFactory.instantiateUsingFactoryMethod(AbstractAutowireCapableBeanFactory.java:1361)
at org.springframework.beans.factory.support.AbstractAutowireCapableBeanFactory.createBeanInstance(AbstractAutowireCapableBeanFactory.java:1191)
at org.springframework.beans.factory.support.AbstractAutowireCapableBeanFactory.doCreateBean(AbstractAutowireCapableBeanFactory.java:563)
at org.springframework.beans.factory.support.AbstractAutowireCapableBeanFactory.createBean(AbstractAutowireCapableBeanFactory.java:523)
at org.springframework.beans.factory.support.AbstractBeanFactory.lambda$doGetBean$0(AbstractBeanFactory.java:339)
at org.springframework.beans.factory.support.DefaultSingletonBeanRegistry.getSingleton(DefaultSingletonBeanRegistry.java:347)
at org.springframework.beans.factory.support.AbstractBeanFactory.doGetBean(AbstractBeanFactory.java:337)
at org.springframework.beans.factory.support.AbstractBeanFactory.getBean(AbstractBeanFactory.java:202)
at org.springframework.beans.factory.support.DefaultListableBeanFactory.doResolveDependency(DefaultListableBeanFactory.java:1609)
at org.springframework.beans.factory.support.DefaultListableBeanFactory.resolveDependency(DefaultListableBeanFactory.java:1555)
at org.springframework.beans.factory.support.ConstructorResolver.resolveAutowiredArgument(ConstructorResolver.java:913)
at org.springframework.beans.factory.support.ConstructorResolver.createArgumentArray(ConstructorResolver.java:791)
at org.springframework.beans.factory.support.ConstructorResolver.autowireConstructor(ConstructorResolver.java:240)
at org.springframework.beans.factory.support.AbstractAutowireCapableBeanFactory.autowireConstructor(AbstractAutowireCapableBeanFactory.java:1381)
at org.springframework.beans.factory.support.AbstractAutowireCapableBeanFactory.createBeanInstance(AbstractAutowireCapableBeanFactory.java:1218)
at org.springframework.beans.factory.support.AbstractAutowireCapableBeanFactory.doCreateBean(AbstractAutowireCapableBeanFactory.java:563)
at org.springframework.beans.factory.support.AbstractAutowireCapableBeanFactory.createBean(AbstractAutowireCapableBeanFactory.java:523)
at org.springframework.beans.factory.support.AbstractBeanFactory.lambda$doGetBean$0(AbstractBeanFactory.java:339)
at org.springframework.beans.factory.support.DefaultSingletonBeanRegistry.getSingleton(DefaultSingletonBeanRegistry.java:347)
at org.springframework.beans.factory.support.AbstractBeanFactory.doGetBean(AbstractBeanFactory.java:337)
at org.springframework.beans.factory.support.AbstractBeanFactory.getBean(AbstractBeanFactory.java:202)
at org.springframework.beans.factory.support.DefaultListableBeanFactory.doResolveDependency(DefaultListableBeanFactory.java:1609)
at org.springframework.beans.factory.support.DefaultListableBeanFactory.resolveDependency(DefaultListableBeanFactory.java:1555)
at org.springframework.beans.factory.support.ConstructorResolver.resolveAutowiredArgument(ConstructorResolver.java:913)
at org.springframework.beans.factory.support.ConstructorResolver.createArgumentArray(ConstructorResolver.java:791)
at org.springframework.beans.factory.support.ConstructorResolver.autowireConstructor(ConstructorResolver.java:240)
at org.springframework.beans.factory.support.AbstractAutowireCapableBeanFactory.autowireConstructor(AbstractAutowireCapableBeanFactory.java:1381)
at org.springframework.beans.factory.support.AbstractAutowireCapableBeanFactory.createBeanInstance(AbstractAutowireCapableBeanFactory.java:1218)
at org.springframework.beans.factory.support.AbstractAutowireCapableBeanFactory.doCreateBean(AbstractAutowireCapableBeanFactory.java:563)
at org.springframework.beans.factory.support.AbstractAutowireCapableBeanFactory.createBean(AbstractAutowireCapableBeanFactory.java:523)
at org.springframework.beans.factory.support.AbstractBeanFactory.lambda$doGetBean$0(AbstractBeanFactory.java:339)
at org.springframework.beans.factory.support.DefaultSingletonBeanRegistry.getSingleton(DefaultSingletonBeanRegistry.java:347)
at org.springframework.beans.factory.support.AbstractBeanFactory.doGetBean(AbstractBeanFactory.java:337)
at org.springframework.beans.factory.support.AbstractBeanFactory.getBean(AbstractBeanFactory.java:202)
at org.springframework.beans.factory.support.DefaultListableBeanFactory.doResolveDependency(DefaultListableBeanFactory.java:1609)
at org.springframework.beans.factory.support.DefaultListableBeanFactory.resolveDependency(DefaultListableBeanFactory.java:1555)
at org.springframework.beans.factory.support.ConstructorResolver.resolveAutowiredArgument(ConstructorResolver.java:913)
at org.springframework.beans.factory.support.ConstructorResolver.createArgumentArray(ConstructorResolver.java:791)
at org.springframework.beans.factory.support.ConstructorResolver.autowireConstructor(ConstructorResolver.java:240)
at org.springframework.beans.factory.support.AbstractAutowireCapableBeanFactory.autowireConstructor(AbstractAutowireCapableBeanFactory.java:1381)
at org.springframework.beans.factory.support.AbstractAutowireCapableBeanFactory.createBeanInstance(AbstractAutowireCapableBeanFactory.java:1218)
at org.springframework.beans.factory.support.AbstractAutowireCapableBeanFactory.doCreateBean(AbstractAutowireCapableBeanFactory.java:563)
at org.springframework.beans.factory.support.AbstractAutowireCapableBeanFactory.createBean(AbstractAutowireCapableBeanFactory.java:523)
at org.springframework.beans.factory.support.AbstractBeanFactory.lambda$doGetBean$0(AbstractBeanFactory.java:339)
at org.springframework.beans.factory.support.DefaultSingletonBeanRegistry.getSingleton(DefaultSingletonBeanRegistry.java:347)
at org.springframework.beans.factory.support.AbstractBeanFactory.doGetBean(AbstractBeanFactory.java:337)
at org.springframework.beans.factory.support.AbstractBeanFactory.getBean(AbstractBeanFactory.java:202)
at org.springframework.beans.factory.support.DefaultListableBeanFactory.instantiateSingleton(DefaultListableBeanFactory.java:1155)
at org.springframework.beans.factory.support.DefaultListableBeanFactory.preInstantiateSingleton(DefaultListableBeanFactory.java:1121)
at org.springframework.beans.factory.support.DefaultListableBeanFactory.preInstantiateSingletons(DefaultListableBeanFactory.java:1056)
at org.springframework.context.support.AbstractApplicationContext.finishBeanFactoryInitialization(AbstractApplicationContext.java:987)
at org.springframework.context.support.AbstractApplicationContext.refresh(AbstractApplicationContext.java:627)
at org.springframework.boot.web.servlet.context.ServletWebServerApplicationContext.refresh(ServletWebServerApplicationContext.java:146)
at org.springframework.boot.SpringApplication.refresh(SpringApplication.java:752)
at org.springframework.boot.SpringApplication.refreshContext(SpringApplication.java:439)
at org.springframework.boot.SpringApplication.run(SpringApplication.java:318)
at org.springframework.boot.SpringApplication.run(SpringApplication.java:1361)
at org.springframework.boot.SpringApplication.run(SpringApplication.java:1350)
at org.pinggu.portforu.PortforuApplication.main(PortforuApplication.java:12)
2025-04-25T14:41:07.102+09:00  WARN 12378 --- [portforu] [main] JpaBaseConfiguration$JpaWebConfiguration : spring.jpa.open-in-view is enabled by default. Therefore, database queries may be performed during view rendering. Explicitly configure spring.jpa.open-in-view to disable this warning
2025-04-25T14:41:07.141+09:00 DEBUG 12378 --- [portforu] [main] swordEncoderAuthenticationManagerBuilder : No authenticationProviders and no parentAuthenticationManager defined. Returning null.
2025-04-25T14:41:07.290+09:00 DEBUG 12378 --- [portforu] [main] o.s.s.web.DefaultSecurityFilterChain     : Will secure any request with filters: DisableEncodeUrlFilter, WebAsyncManagerIntegrationFilter, SecurityContextHolderFilter, HeaderWriterFilter, OAuth2AuthorizationRequestRedirectFilter, OAuth2LoginAuthenticationFilter, DefaultResourcesFilter, DefaultLoginPageGeneratingFilter, RequestCacheAwareFilter, JwtAuthenticationFilter, SecurityContextHolderAwareRequestFilter, AnonymousAuthenticationFilter, SessionManagementFilter, ExceptionTranslationFilter, AuthorizationFilter
2025-04-25T14:41:07.612+09:00  INFO 12378 --- [portforu] [main] o.s.b.w.embedded.tomcat.TomcatWebServer  : Tomcat started on port 8080 (http) with context path '/'
2025-04-25T14:41:07.620+09:00  INFO 12378 --- [portforu] [main] o.pinggu.portforu.PortforuApplication    : Started PortforuApplication in 3.709 seconds (process running for 3.971)
2025-04-25T14:51:38.192+09:00  INFO 12378 --- [portforu] [SpringApplicationShutdownHook] o.s.b.w.e.tomcat.GracefulShutdown        : Commencing graceful shutdown. Waiting for active requests to complete
2025-04-25T14:51:38.199+09:00  INFO 12378 --- [portforu] [tomcat-shutdown] o.s.b.w.e.tomcat.GracefulShutdown        : Graceful shutdown complete
2025-04-25T14:51:38.245+09:00  INFO 12378 --- [portforu] [SpringApplicationShutdownHook] j.LocalContainerEntityManagerFactoryBean : Closing JPA EntityManagerFactory for persistence unit 'default'
2025-04-25T14:51:38.250+09:00  INFO 12378 --- [portforu] [SpringApplicationShutdownHook] com.zaxxer.hikari.HikariDataSource       : HikariPool-1 - Shutdown initiated...
2025-04-25T14:51:38.255+09:00  INFO 12378 --- [portforu] [SpringApplicationShutdownHook] com.zaxxer.hikari.HikariDataSource       : HikariPool-1 - Shutdown completed.
2025-04-25T14:51:41.007+09:00  INFO 12955 --- [portforu] [main] o.pinggu.portforu.PortforuApplication    : Starting PortforuApplication using Java 17.0.13 with PID 12955 (/Users/t2023-m0111/IdeaProjects/portforu/build/classes/java/main started by t2023-m0111 in /Users/t2023-m0111/IdeaProjects/portforu)
2025-04-25T14:51:41.009+09:00  INFO 12955 --- [portforu] [main] o.pinggu.portforu.PortforuApplication    : The following 1 profile is active: "local"
2025-04-25T14:51:41.574+09:00  INFO 12955 --- [portforu] [main] .s.d.r.c.RepositoryConfigurationDelegate : Multiple Spring Data modules found, entering strict repository configuration mode
2025-04-25T14:51:41.576+09:00  INFO 12955 --- [portforu] [main] .s.d.r.c.RepositoryConfigurationDelegate : Bootstrapping Spring Data Elasticsearch repositories in DEFAULT mode.
2025-04-25T14:51:41.607+09:00  INFO 12955 --- [portforu] [main] .RepositoryConfigurationExtensionSupport : Spring Data Elasticsearch - Could not safely identify store assignment for repository candidate interface org.pinggu.portforu.domain.auth.repository.RefreshTokenRepository; If you want this repository to be a Elasticsearch repository, consider annotating your entities with one of these annotations: org.springframework.data.elasticsearch.annotations.Document (preferred), or consider extending one of the following types with your repository: org.springframework.data.elasticsearch.repository.ElasticsearchRepository
2025-04-25T14:51:41.609+09:00  INFO 12955 --- [portforu] [main] .RepositoryConfigurationExtensionSupport : Spring Data Elasticsearch - Could not safely identify store assignment for repository candidate interface org.pinggu.portforu.domain.comment.repository.CommentRepository; If you want this repository to be a Elasticsearch repository, consider annotating your entities with one of these annotations: org.springframework.data.elasticsearch.annotations.Document (preferred), or consider extending one of the following types with your repository: org.springframework.data.elasticsearch.repository.ElasticsearchRepository
2025-04-25T14:51:41.675+09:00  INFO 12955 --- [portforu] [main] .RepositoryConfigurationExtensionSupport : Spring Data Elasticsearch - Could not safely identify store assignment for repository candidate interface org.pinggu.portforu.domain.jobposting.repository.JobPostingRepository; If you want this repository to be a Elasticsearch repository, consider annotating your entities with one of these annotations: org.springframework.data.elasticsearch.annotations.Document (preferred), or consider extending one of the following types with your repository: org.springframework.data.elasticsearch.repository.ElasticsearchRepository
2025-04-25T14:51:41.676+09:00  INFO 12955 --- [portforu] [main] .RepositoryConfigurationExtensionSupport : Spring Data Elasticsearch - Could not safely identify store assignment for repository candidate interface org.pinggu.portforu.domain.member.repository.MemberRepository; If you want this repository to be a Elasticsearch repository, consider annotating your entities with one of these annotations: org.springframework.data.elasticsearch.annotations.Document (preferred), or consider extending one of the following types with your repository: org.springframework.data.elasticsearch.repository.ElasticsearchRepository
2025-04-25T14:51:41.676+09:00  INFO 12955 --- [portforu] [main] .RepositoryConfigurationExtensionSupport : Spring Data Elasticsearch - Could not safely identify store assignment for repository candidate interface org.pinggu.portforu.domain.membership.repository.MembershipRepository; If you want this repository to be a Elasticsearch repository, consider annotating your entities with one of these annotations: org.springframework.data.elasticsearch.annotations.Document (preferred), or consider extending one of the following types with your repository: org.springframework.data.elasticsearch.repository.ElasticsearchRepository
2025-04-25T14:51:41.677+09:00  INFO 12955 --- [portforu] [main] .RepositoryConfigurationExtensionSupport : Spring Data Elasticsearch - Could not safely identify store assignment for repository candidate interface org.pinggu.portforu.domain.payment.repository.PaymentRepository; If you want this repository to be a Elasticsearch repository, consider annotating your entities with one of these annotations: org.springframework.data.elasticsearch.annotations.Document (preferred), or consider extending one of the following types with your repository: org.springframework.data.elasticsearch.repository.ElasticsearchRepository
2025-04-25T14:51:41.678+09:00  INFO 12955 --- [portforu] [main] .RepositoryConfigurationExtensionSupport : Spring Data Elasticsearch - Could not safely identify store assignment for repository candidate interface org.pinggu.portforu.domain.portfolio.repository.PortfolioRepository; If you want this repository to be a Elasticsearch repository, consider annotating your entities with one of these annotations: org.springframework.data.elasticsearch.annotations.Document (preferred), or consider extending one of the following types with your repository: org.springframework.data.elasticsearch.repository.ElasticsearchRepository
2025-04-25T14:51:41.678+09:00  INFO 12955 --- [portforu] [main] .RepositoryConfigurationExtensionSupport : Spring Data Elasticsearch - Could not safely identify store assignment for repository candidate interface org.pinggu.portforu.domain.portfolio.repository.UploadedFileRepository; If you want this repository to be a Elasticsearch repository, consider annotating your entities with one of these annotations: org.springframework.data.elasticsearch.annotations.Document (preferred), or consider extending one of the following types with your repository: org.springframework.data.elasticsearch.repository.ElasticsearchRepository
2025-04-25T14:51:41.679+09:00  INFO 12955 --- [portforu] [main] .RepositoryConfigurationExtensionSupport : Spring Data Elasticsearch - Could not safely identify store assignment for repository candidate interface org.pinggu.portforu.domain.scrap.repository.ScrapRepository; If you want this repository to be a Elasticsearch repository, consider annotating your entities with one of these annotations: org.springframework.data.elasticsearch.annotations.Document (preferred), or consider extending one of the following types with your repository: org.springframework.data.elasticsearch.repository.ElasticsearchRepository
2025-04-25T14:51:41.680+09:00  INFO 12955 --- [portforu] [main] .RepositoryConfigurationExtensionSupport : Spring Data Elasticsearch - Could not safely identify store assignment for repository candidate interface org.pinggu.portforu.domain.subscribe.repository.SubscribeRepository; If you want this repository to be a Elasticsearch repository, consider annotating your entities with one of these annotations: org.springframework.data.elasticsearch.annotations.Document (preferred), or consider extending one of the following types with your repository: org.springframework.data.elasticsearch.repository.ElasticsearchRepository
2025-04-25T14:51:41.692+09:00  INFO 12955 --- [portforu] [main] .s.d.r.c.RepositoryConfigurationDelegate : Finished Spring Data repository scanning in 110 ms. Found 1 Elasticsearch repository interface.
2025-04-25T14:51:41.696+09:00  INFO 12955 --- [portforu] [main] .s.d.r.c.RepositoryConfigurationDelegate : Multiple Spring Data modules found, entering strict repository configuration mode
2025-04-25T14:51:41.697+09:00  INFO 12955 --- [portforu] [main] .s.d.r.c.RepositoryConfigurationDelegate : Bootstrapping Spring Data Reactive Elasticsearch repositories in DEFAULT mode.
2025-04-25T14:51:41.702+09:00  INFO 12955 --- [portforu] [main] .RepositoryConfigurationExtensionSupport : Spring Data Reactive Elasticsearch - Could not safely identify store assignment for repository candidate interface org.pinggu.portforu.domain.auth.repository.RefreshTokenRepository; If you want this repository to be a Reactive Elasticsearch repository, consider annotating your entities with one of these annotations: org.springframework.data.elasticsearch.annotations.Document (preferred), or consider extending one of the following types with your repository: org.springframework.data.elasticsearch.repository.ReactiveElasticsearchRepository
2025-04-25T14:51:41.702+09:00  INFO 12955 --- [portforu] [main] .RepositoryConfigurationExtensionSupport : Spring Data Reactive Elasticsearch - Could not safely identify store assignment for repository candidate interface org.pinggu.portforu.domain.comment.repository.CommentRepository; If you want this repository to be a Reactive Elasticsearch repository, consider annotating your entities with one of these annotations: org.springframework.data.elasticsearch.annotations.Document (preferred), or consider extending one of the following types with your repository: org.springframework.data.elasticsearch.repository.ReactiveElasticsearchRepository
2025-04-25T14:51:41.704+09:00  INFO 12955 --- [portforu] [main] .RepositoryConfigurationExtensionSupport : Spring Data Reactive Elasticsearch - Could not safely identify store assignment for repository candidate interface org.pinggu.portforu.domain.jobposting.repository.JobPostingRepository; If you want this repository to be a Reactive Elasticsearch repository, consider annotating your entities with one of these annotations: org.springframework.data.elasticsearch.annotations.Document (preferred), or consider extending one of the following types with your repository: org.springframework.data.elasticsearch.repository.ReactiveElasticsearchRepository
2025-04-25T14:51:41.704+09:00  INFO 12955 --- [portforu] [main] .RepositoryConfigurationExtensionSupport : Spring Data Reactive Elasticsearch - Could not safely identify store assignment for repository candidate interface org.pinggu.portforu.domain.member.repository.MemberRepository; If you want this repository to be a Reactive Elasticsearch repository, consider annotating your entities with one of these annotations: org.springframework.data.elasticsearch.annotations.Document (preferred), or consider extending one of the following types with your repository: org.springframework.data.elasticsearch.repository.ReactiveElasticsearchRepository
2025-04-25T14:51:41.704+09:00  INFO 12955 --- [portforu] [main] .RepositoryConfigurationExtensionSupport : Spring Data Reactive Elasticsearch - Could not safely identify store assignment for repository candidate interface org.pinggu.portforu.domain.membership.repository.MembershipRepository; If you want this repository to be a Reactive Elasticsearch repository, consider annotating your entities with one of these annotations: org.springframework.data.elasticsearch.annotations.Document (preferred), or consider extending one of the following types with your repository: org.springframework.data.elasticsearch.repository.ReactiveElasticsearchRepository
2025-04-25T14:51:41.705+09:00  INFO 12955 --- [portforu] [main] .RepositoryConfigurationExtensionSupport : Spring Data Reactive Elasticsearch - Could not safely identify store assignment for repository candidate interface org.pinggu.portforu.domain.payment.repository.PaymentRepository; If you want this repository to be a Reactive Elasticsearch repository, consider annotating your entities with one of these annotations: org.springframework.data.elasticsearch.annotations.Document (preferred), or consider extending one of the following types with your repository: org.springframework.data.elasticsearch.repository.ReactiveElasticsearchRepository
2025-04-25T14:51:41.705+09:00  INFO 12955 --- [portforu] [main] .RepositoryConfigurationExtensionSupport : Spring Data Reactive Elasticsearch - Could not safely identify store assignment for repository candidate interface org.pinggu.portforu.domain.portfolio.repository.PortfolioRepository; If you want this repository to be a Reactive Elasticsearch repository, consider annotating your entities with one of these annotations: org.springframework.data.elasticsearch.annotations.Document (preferred), or consider extending one of the following types with your repository: org.springframework.data.elasticsearch.repository.ReactiveElasticsearchRepository
2025-04-25T14:51:41.705+09:00  INFO 12955 --- [portforu] [main] .RepositoryConfigurationExtensionSupport : Spring Data Reactive Elasticsearch - Could not safely identify store assignment for repository candidate interface org.pinggu.portforu.domain.portfolio.repository.UploadedFileRepository; If you want this repository to be a Reactive Elasticsearch repository, consider annotating your entities with one of these annotations: org.springframework.data.elasticsearch.annotations.Document (preferred), or consider extending one of the following types with your repository: org.springframework.data.elasticsearch.repository.ReactiveElasticsearchRepository
2025-04-25T14:51:41.705+09:00  INFO 12955 --- [portforu] [main] .RepositoryConfigurationExtensionSupport : Spring Data Reactive Elasticsearch - Could not safely identify store assignment for repository candidate interface org.pinggu.portforu.domain.scrap.repository.ScrapRepository; If you want this repository to be a Reactive Elasticsearch repository, consider annotating your entities with one of these annotations: org.springframework.data.elasticsearch.annotations.Document (preferred), or consider extending one of the following types with your repository: org.springframework.data.elasticsearch.repository.ReactiveElasticsearchRepository
2025-04-25T14:51:41.705+09:00  INFO 12955 --- [portforu] [main] .RepositoryConfigurationExtensionSupport : Spring Data Reactive Elasticsearch - Could not safely identify store assignment for repository candidate interface org.pinggu.portforu.domain.subscribe.repository.SubscribeRepository; If you want this repository to be a Reactive Elasticsearch repository, consider annotating your entities with one of these annotations: org.springframework.data.elasticsearch.annotations.Document (preferred), or consider extending one of the following types with your repository: org.springframework.data.elasticsearch.repository.ReactiveElasticsearchRepository
2025-04-25T14:51:41.705+09:00  INFO 12955 --- [portforu] [main] .s.d.r.c.RepositoryConfigurationDelegate : Finished Spring Data repository scanning in 7 ms. Found 0 Reactive Elasticsearch repository interfaces.
2025-04-25T14:51:41.709+09:00  INFO 12955 --- [portforu] [main] .s.d.r.c.RepositoryConfigurationDelegate : Multiple Spring Data modules found, entering strict repository configuration mode
2025-04-25T14:51:41.710+09:00  INFO 12955 --- [portforu] [main] .s.d.r.c.RepositoryConfigurationDelegate : Bootstrapping Spring Data JPA repositories in DEFAULT mode.
2025-04-25T14:51:41.718+09:00  INFO 12955 --- [portforu] [main] .RepositoryConfigurationExtensionSupport : Spring Data JPA - Could not safely identify store assignment for repository candidate interface org.pinggu.portforu.domain.jobposting.elastic.repository.JobPostingSearchRepository; If you want this repository to be a JPA repository, consider annotating your entities with one of these annotations: jakarta.persistence.Entity, jakarta.persistence.MappedSuperclass (preferred), or consider extending one of the following types with your repository: org.springframework.data.jpa.repository.JpaRepository
2025-04-25T14:51:41.729+09:00  INFO 12955 --- [portforu] [main] .s.d.r.c.RepositoryConfigurationDelegate : Finished Spring Data repository scanning in 16 ms. Found 10 JPA repository interfaces.
2025-04-25T14:51:41.739+09:00  INFO 12955 --- [portforu] [main] .s.d.r.c.RepositoryConfigurationDelegate : Multiple Spring Data modules found, entering strict repository configuration mode
2025-04-25T14:51:41.739+09:00  INFO 12955 --- [portforu] [main] .s.d.r.c.RepositoryConfigurationDelegate : Bootstrapping Spring Data Redis repositories in DEFAULT mode.
2025-04-25T14:51:41.748+09:00  INFO 12955 --- [portforu] [main] .RepositoryConfigurationExtensionSupport : Spring Data Redis - Could not safely identify store assignment for repository candidate interface org.pinggu.portforu.domain.auth.repository.RefreshTokenRepository; If you want this repository to be a Redis repository, consider annotating your entities with one of these annotations: org.springframework.data.redis.core.RedisHash (preferred), or consider extending one of the following types with your repository: org.springframework.data.keyvalue.repository.KeyValueRepository
2025-04-25T14:51:41.749+09:00  INFO 12955 --- [portforu] [main] .RepositoryConfigurationExtensionSupport : Spring Data Redis - Could not safely identify store assignment for repository candidate interface org.pinggu.portforu.domain.comment.repository.CommentRepository; If you want this repository to be a Redis repository, consider annotating your entities with one of these annotations: org.springframework.data.redis.core.RedisHash (preferred), or consider extending one of the following types with your repository: org.springframework.data.keyvalue.repository.KeyValueRepository
2025-04-25T14:51:41.749+09:00  INFO 12955 --- [portforu] [main] .RepositoryConfigurationExtensionSupport : Spring Data Redis - Could not safely identify store assignment for repository candidate interface org.pinggu.portforu.domain.jobposting.elastic.repository.JobPostingSearchRepository; If you want this repository to be a Redis repository, consider annotating your entities with one of these annotations: org.springframework.data.redis.core.RedisHash (preferred), or consider extending one of the following types with your repository: org.springframework.data.keyvalue.repository.KeyValueRepository
2025-04-25T14:51:41.749+09:00  INFO 12955 --- [portforu] [main] .RepositoryConfigurationExtensionSupport : Spring Data Redis - Could not safely identify store assignment for repository candidate interface org.pinggu.portforu.domain.jobposting.repository.JobPostingRepository; If you want this repository to be a Redis repository, consider annotating your entities with one of these annotations: org.springframework.data.redis.core.RedisHash (preferred), or consider extending one of the following types with your repository: org.springframework.data.keyvalue.repository.KeyValueRepository
2025-04-25T14:51:41.749+09:00  INFO 12955 --- [portforu] [main] .RepositoryConfigurationExtensionSupport : Spring Data Redis - Could not safely identify store assignment for repository candidate interface org.pinggu.portforu.domain.member.repository.MemberRepository; If you want this repository to be a Redis repository, consider annotating your entities with one of these annotations: org.springframework.data.redis.core.RedisHash (preferred), or consider extending one of the following types with your repository: org.springframework.data.keyvalue.repository.KeyValueRepository
2025-04-25T14:51:41.749+09:00  INFO 12955 --- [portforu] [main] .RepositoryConfigurationExtensionSupport : Spring Data Redis - Could not safely identify store assignment for repository candidate interface org.pinggu.portforu.domain.membership.repository.MembershipRepository; If you want this repository to be a Redis repository, consider annotating your entities with one of these annotations: org.springframework.data.redis.core.RedisHash (preferred), or consider extending one of the following types with your repository: org.springframework.data.keyvalue.repository.KeyValueRepository
2025-04-25T14:51:41.749+09:00  INFO 12955 --- [portforu] [main] .RepositoryConfigurationExtensionSupport : Spring Data Redis - Could not safely identify store assignment for repository candidate interface org.pinggu.portforu.domain.payment.repository.PaymentRepository; If you want this repository to be a Redis repository, consider annotating your entities with one of these annotations: org.springframework.data.redis.core.RedisHash (preferred), or consider extending one of the following types with your repository: org.springframework.data.keyvalue.repository.KeyValueRepository
2025-04-25T14:51:41.749+09:00  INFO 12955 --- [portforu] [main] .RepositoryConfigurationExtensionSupport : Spring Data Redis - Could not safely identify store assignment for repository candidate interface org.pinggu.portforu.domain.portfolio.repository.PortfolioRepository; If you want this repository to be a Redis repository, consider annotating your entities with one of these annotations: org.springframework.data.redis.core.RedisHash (preferred), or consider extending one of the following types with your repository: org.springframework.data.keyvalue.repository.KeyValueRepository
2025-04-25T14:51:41.749+09:00  INFO 12955 --- [portforu] [main] .RepositoryConfigurationExtensionSupport : Spring Data Redis - Could not safely identify store assignment for repository candidate interface org.pinggu.portforu.domain.portfolio.repository.UploadedFileRepository; If you want this repository to be a Redis repository, consider annotating your entities with one of these annotations: org.springframework.data.redis.core.RedisHash (preferred), or consider extending one of the following types with your repository: org.springframework.data.keyvalue.repository.KeyValueRepository
2025-04-25T14:51:41.749+09:00  INFO 12955 --- [portforu] [main] .RepositoryConfigurationExtensionSupport : Spring Data Redis - Could not safely identify store assignment for repository candidate interface org.pinggu.portforu.domain.scrap.repository.ScrapRepository; If you want this repository to be a Redis repository, consider annotating your entities with one of these annotations: org.springframework.data.redis.core.RedisHash (preferred), or consider extending one of the following types with your repository: org.springframework.data.keyvalue.repository.KeyValueRepository
2025-04-25T14:51:41.749+09:00  INFO 12955 --- [portforu] [main] .RepositoryConfigurationExtensionSupport : Spring Data Redis - Could not safely identify store assignment for repository candidate interface org.pinggu.portforu.domain.subscribe.repository.SubscribeRepository; If you want this repository to be a Redis repository, consider annotating your entities with one of these annotations: org.springframework.data.redis.core.RedisHash (preferred), or consider extending one of the following types with your repository: org.springframework.data.keyvalue.repository.KeyValueRepository
2025-04-25T14:51:41.749+09:00  INFO 12955 --- [portforu] [main] .s.d.r.c.RepositoryConfigurationDelegate : Finished Spring Data repository scanning in 5 ms. Found 0 Redis repository interfaces.
2025-04-25T14:51:42.422+09:00  INFO 12955 --- [portforu] [main] o.s.b.w.embedded.tomcat.TomcatWebServer  : Tomcat initialized with port 8080 (http)
2025-04-25T14:51:42.436+09:00  INFO 12955 --- [portforu] [main] o.apache.catalina.core.StandardService   : Starting service [Tomcat]
2025-04-25T14:51:42.436+09:00  INFO 12955 --- [portforu] [main] o.apache.catalina.core.StandardEngine    : Starting Servlet engine: [Apache Tomcat/10.1.39]
2025-04-25T14:51:42.530+09:00  INFO 12955 --- [portforu] [main] o.a.c.c.C.[Tomcat].[localhost].[/]       : Initializing Spring embedded WebApplicationContext
2025-04-25T14:51:42.531+09:00  INFO 12955 --- [portforu] [main] w.s.c.ServletWebServerApplicationContext : Root WebApplicationContext: initialization completed in 1496 ms
2025-04-25T14:51:42.674+09:00  INFO 12955 --- [portforu] [main] o.hibernate.jpa.internal.util.LogHelper  : HHH000204: Processing PersistenceUnitInfo [name: default]
2025-04-25T14:51:42.721+09:00  INFO 12955 --- [portforu] [main] org.hibernate.Version                    : HHH000412: Hibernate ORM core version 6.6.11.Final
2025-04-25T14:51:42.749+09:00  INFO 12955 --- [portforu] [main] o.h.c.internal.RegionFactoryInitiator    : HHH000026: Second-level cache disabled
2025-04-25T14:51:42.991+09:00  INFO 12955 --- [portforu] [main] o.s.o.j.p.SpringPersistenceUnitInfo      : No LoadTimeWeaver setup: ignoring JPA class transformer
2025-04-25T14:51:43.027+09:00  INFO 12955 --- [portforu] [main] com.zaxxer.hikari.HikariDataSource       : HikariPool-1 - Starting...
2025-04-25T14:51:43.279+09:00  INFO 12955 --- [portforu] [main] com.zaxxer.hikari.pool.HikariPool        : HikariPool-1 - Added connection com.mysql.cj.jdbc.ConnectionImpl@40edc64e
2025-04-25T14:51:43.280+09:00  INFO 12955 --- [portforu] [main] com.zaxxer.hikari.HikariDataSource       : HikariPool-1 - Start completed.
2025-04-25T14:51:43.342+09:00  INFO 12955 --- [portforu] [main] org.hibernate.orm.connections.pooling    : HHH10001005: Database info:
	Database JDBC URL [Connecting through datasource 'HikariDataSource (HikariPool-1)']
	Database driver: undefined/unknown
	Database version: 9.2
	Autocommit mode: undefined/unknown
	Isolation level: undefined/unknown
	Minimum pool size: undefined/unknown
	Maximum pool size: undefined/unknown
2025-04-25T14:51:44.028+09:00  INFO 12955 --- [portforu] [main] o.h.e.t.j.p.i.JtaPlatformInitiator       : HHH000489: No JTA platform available (set 'hibernate.transaction.jta.platform' to enable JTA platform integration)
2025-04-25T14:51:44.160+09:00  INFO 12955 --- [portforu] [main] j.LocalContainerEntityManagerFactoryBean : Initialized JPA EntityManagerFactory for persistence unit 'default'
2025-04-25T14:51:44.455+09:00  INFO 12955 --- [portforu] [main] o.s.d.j.r.query.QueryEnhancerFactory     : Hibernate is in classpath; If applicable, HQL parser will be used.
2025-04-25T14:51:45.704+09:00  WARN 12955 --- [portforu] [main] com.amazonaws.util.VersionInfoUtils      : The AWS SDK for Java 1.x entered maintenance mode starting July 31, 2024 and will reach end of support on December 31, 2025. For more information, see https://aws.amazon.com/blogs/developer/the-aws-sdk-for-java-1-x-is-in-maintenance-mode-effective-july-31-2024/
You can print where on the file system the AWS SDK for Java 1.x core runtime is located by setting the AWS_JAVA_V1_PRINT_LOCATION environment variable or aws.java.v1.printLocation system property to 'true'.
This message can be disabled by setting the AWS_JAVA_V1_DISABLE_DEPRECATION_ANNOUNCEMENT environment variable or aws.java.v1.disableDeprecationAnnouncement system property to 'true'.
The AWS SDK for Java 1.x is being used here:
at java.base/java.lang.Thread.getStackTrace(Thread.java:1619)
at com.amazonaws.util.VersionInfoUtils.printDeprecationAnnouncement(VersionInfoUtils.java:81)
at com.amazonaws.util.VersionInfoUtils.<clinit>(VersionInfoUtils.java:59)
at com.amazonaws.internal.EC2ResourceFetcher.<clinit>(EC2ResourceFetcher.java:44)
at com.amazonaws.auth.InstanceMetadataServiceCredentialsFetcher.<init>(InstanceMetadataServiceCredentialsFetcher.java:38)
at com.amazonaws.auth.InstanceProfileCredentialsProvider.<init>(InstanceProfileCredentialsProvider.java:111)
at com.amazonaws.auth.InstanceProfileCredentialsProvider.<init>(InstanceProfileCredentialsProvider.java:91)
at com.amazonaws.auth.InstanceProfileCredentialsProvider.<init>(InstanceProfileCredentialsProvider.java:75)
at com.amazonaws.auth.InstanceProfileCredentialsProvider.<clinit>(InstanceProfileCredentialsProvider.java:58)
at com.amazonaws.auth.EC2ContainerCredentialsProviderWrapper.initializeProvider(EC2ContainerCredentialsProviderWrapper.java:66)
at com.amazonaws.auth.EC2ContainerCredentialsProviderWrapper.<init>(EC2ContainerCredentialsProviderWrapper.java:55)
at com.amazonaws.auth.DefaultAWSCredentialsProviderChain.<init>(DefaultAWSCredentialsProviderChain.java:60)
at com.amazonaws.auth.DefaultAWSCredentialsProviderChain.<clinit>(DefaultAWSCredentialsProviderChain.java:54)
at com.amazonaws.services.s3.AmazonS3ClientBuilder.standard(AmazonS3ClientBuilder.java:46)
at org.pinggu.portforu.config.S3Config.amazonS3(S3Config.java:26)
at org.pinggu.portforu.config.S3Config$$SpringCGLIB$$0.CGLIB$amazonS3$0(<generated>)
at org.pinggu.portforu.config.S3Config$$SpringCGLIB$$FastClass$$1.invoke(<generated>)
at org.springframework.cglib.proxy.MethodProxy.invokeSuper(MethodProxy.java:258)
at org.springframework.context.annotation.ConfigurationClassEnhancer$BeanMethodInterceptor.intercept(ConfigurationClassEnhancer.java:370)
at org.pinggu.portforu.config.S3Config$$SpringCGLIB$$0.amazonS3(<generated>)
at java.base/jdk.internal.reflect.NativeMethodAccessorImpl.invoke0(Native Method)
at java.base/jdk.internal.reflect.NativeMethodAccessorImpl.invoke(NativeMethodAccessorImpl.java:77)
at java.base/jdk.internal.reflect.DelegatingMethodAccessorImpl.invoke(DelegatingMethodAccessorImpl.java:43)
at java.base/java.lang.reflect.Method.invoke(Method.java:569)
at org.springframework.beans.factory.support.SimpleInstantiationStrategy.lambda$instantiate$0(SimpleInstantiationStrategy.java:171)
at org.springframework.beans.factory.support.SimpleInstantiationStrategy.instantiateWithFactoryMethod(SimpleInstantiationStrategy.java:88)
at org.springframework.beans.factory.support.SimpleInstantiationStrategy.instantiate(SimpleInstantiationStrategy.java:168)
at org.springframework.beans.factory.support.ConstructorResolver.instantiate(ConstructorResolver.java:653)
at org.springframework.beans.factory.support.ConstructorResolver.instantiateUsingFactoryMethod(ConstructorResolver.java:489)
at org.springframework.beans.factory.support.AbstractAutowireCapableBeanFactory.instantiateUsingFactoryMethod(AbstractAutowireCapableBeanFactory.java:1361)
at org.springframework.beans.factory.support.AbstractAutowireCapableBeanFactory.createBeanInstance(AbstractAutowireCapableBeanFactory.java:1191)
at org.springframework.beans.factory.support.AbstractAutowireCapableBeanFactory.doCreateBean(AbstractAutowireCapableBeanFactory.java:563)
at org.springframework.beans.factory.support.AbstractAutowireCapableBeanFactory.createBean(AbstractAutowireCapableBeanFactory.java:523)
at org.springframework.beans.factory.support.AbstractBeanFactory.lambda$doGetBean$0(AbstractBeanFactory.java:339)
at org.springframework.beans.factory.support.DefaultSingletonBeanRegistry.getSingleton(DefaultSingletonBeanRegistry.java:347)
at org.springframework.beans.factory.support.AbstractBeanFactory.doGetBean(AbstractBeanFactory.java:337)
at org.springframework.beans.factory.support.AbstractBeanFactory.getBean(AbstractBeanFactory.java:202)
at org.springframework.beans.factory.support.DefaultListableBeanFactory.doResolveDependency(DefaultListableBeanFactory.java:1609)
at org.springframework.beans.factory.support.DefaultListableBeanFactory.resolveDependency(DefaultListableBeanFactory.java:1555)
at org.springframework.beans.factory.support.ConstructorResolver.resolveAutowiredArgument(ConstructorResolver.java:913)
at org.springframework.beans.factory.support.ConstructorResolver.createArgumentArray(ConstructorResolver.java:791)
at org.springframework.beans.factory.support.ConstructorResolver.autowireConstructor(ConstructorResolver.java:240)
at org.springframework.beans.factory.support.AbstractAutowireCapableBeanFactory.autowireConstructor(AbstractAutowireCapableBeanFactory.java:1381)
at org.springframework.beans.factory.support.AbstractAutowireCapableBeanFactory.createBeanInstance(AbstractAutowireCapableBeanFactory.java:1218)
at org.springframework.beans.factory.support.AbstractAutowireCapableBeanFactory.doCreateBean(AbstractAutowireCapableBeanFactory.java:563)
at org.springframework.beans.factory.support.AbstractAutowireCapableBeanFactory.createBean(AbstractAutowireCapableBeanFactory.java:523)
at org.springframework.beans.factory.support.AbstractBeanFactory.lambda$doGetBean$0(AbstractBeanFactory.java:339)
at org.springframework.beans.factory.support.DefaultSingletonBeanRegistry.getSingleton(DefaultSingletonBeanRegistry.java:347)
at org.springframework.beans.factory.support.AbstractBeanFactory.doGetBean(AbstractBeanFactory.java:337)
at org.springframework.beans.factory.support.AbstractBeanFactory.getBean(AbstractBeanFactory.java:202)
at org.springframework.beans.factory.support.DefaultListableBeanFactory.doResolveDependency(DefaultListableBeanFactory.java:1609)
at org.springframework.beans.factory.support.DefaultListableBeanFactory.resolveDependency(DefaultListableBeanFactory.java:1555)
at org.springframework.beans.factory.support.ConstructorResolver.resolveAutowiredArgument(ConstructorResolver.java:913)
at org.springframework.beans.factory.support.ConstructorResolver.createArgumentArray(ConstructorResolver.java:791)
at org.springframework.beans.factory.support.ConstructorResolver.autowireConstructor(ConstructorResolver.java:240)
at org.springframework.beans.factory.support.AbstractAutowireCapableBeanFactory.autowireConstructor(AbstractAutowireCapableBeanFactory.java:1381)
at org.springframework.beans.factory.support.AbstractAutowireCapableBeanFactory.createBeanInstance(AbstractAutowireCapableBeanFactory.java:1218)
at org.springframework.beans.factory.support.AbstractAutowireCapableBeanFactory.doCreateBean(AbstractAutowireCapableBeanFactory.java:563)
at org.springframework.beans.factory.support.AbstractAutowireCapableBeanFactory.createBean(AbstractAutowireCapableBeanFactory.java:523)
at org.springframework.beans.factory.support.AbstractBeanFactory.lambda$doGetBean$0(AbstractBeanFactory.java:339)
at org.springframework.beans.factory.support.DefaultSingletonBeanRegistry.getSingleton(DefaultSingletonBeanRegistry.java:347)
at org.springframework.beans.factory.support.AbstractBeanFactory.doGetBean(AbstractBeanFactory.java:337)
at org.springframework.beans.factory.support.AbstractBeanFactory.getBean(AbstractBeanFactory.java:202)
at org.springframework.beans.factory.support.DefaultListableBeanFactory.doResolveDependency(DefaultListableBeanFactory.java:1609)
at org.springframework.beans.factory.support.DefaultListableBeanFactory.resolveDependency(DefaultListableBeanFactory.java:1555)
at org.springframework.beans.factory.support.ConstructorResolver.resolveAutowiredArgument(ConstructorResolver.java:913)
at org.springframework.beans.factory.support.ConstructorResolver.createArgumentArray(ConstructorResolver.java:791)
at org.springframework.beans.factory.support.ConstructorResolver.autowireConstructor(ConstructorResolver.java:240)
at org.springframework.beans.factory.support.AbstractAutowireCapableBeanFactory.autowireConstructor(AbstractAutowireCapableBeanFactory.java:1381)
at org.springframework.beans.factory.support.AbstractAutowireCapableBeanFactory.createBeanInstance(AbstractAutowireCapableBeanFactory.java:1218)
at org.springframework.beans.factory.support.AbstractAutowireCapableBeanFactory.doCreateBean(AbstractAutowireCapableBeanFactory.java:563)
at org.springframework.beans.factory.support.AbstractAutowireCapableBeanFactory.createBean(AbstractAutowireCapableBeanFactory.java:523)
at org.springframework.beans.factory.support.AbstractBeanFactory.lambda$doGetBean$0(AbstractBeanFactory.java:339)
at org.springframework.beans.factory.support.DefaultSingletonBeanRegistry.getSingleton(DefaultSingletonBeanRegistry.java:347)
at org.springframework.beans.factory.support.AbstractBeanFactory.doGetBean(AbstractBeanFactory.java:337)
at org.springframework.beans.factory.support.AbstractBeanFactory.getBean(AbstractBeanFactory.java:202)
at org.springframework.beans.factory.support.DefaultListableBeanFactory.instantiateSingleton(DefaultListableBeanFactory.java:1155)
at org.springframework.beans.factory.support.DefaultListableBeanFactory.preInstantiateSingleton(DefaultListableBeanFactory.java:1121)
at org.springframework.beans.factory.support.DefaultListableBeanFactory.preInstantiateSingletons(DefaultListableBeanFactory.java:1056)
at org.springframework.context.support.AbstractApplicationContext.finishBeanFactoryInitialization(AbstractApplicationContext.java:987)
at org.springframework.context.support.AbstractApplicationContext.refresh(AbstractApplicationContext.java:627)
at org.springframework.boot.web.servlet.context.ServletWebServerApplicationContext.refresh(ServletWebServerApplicationContext.java:146)
at org.springframework.boot.SpringApplication.refresh(SpringApplication.java:752)
at org.springframework.boot.SpringApplication.refreshContext(SpringApplication.java:439)
at org.springframework.boot.SpringApplication.run(SpringApplication.java:318)
at org.springframework.boot.SpringApplication.run(SpringApplication.java:1361)
at org.springframework.boot.SpringApplication.run(SpringApplication.java:1350)
at org.pinggu.portforu.PortforuApplication.main(PortforuApplication.java:12)
2025-04-25T14:51:45.975+09:00  WARN 12955 --- [portforu] [main] JpaBaseConfiguration$JpaWebConfiguration : spring.jpa.open-in-view is enabled by default. Therefore, database queries may be performed during view rendering. Explicitly configure spring.jpa.open-in-view to disable this warning
2025-04-25T14:51:46.049+09:00 DEBUG 12955 --- [portforu] [main] swordEncoderAuthenticationManagerBuilder : No authenticationProviders and no parentAuthenticationManager defined. Returning null.
2025-04-25T14:51:46.261+09:00 DEBUG 12955 --- [portforu] [main] o.s.s.web.DefaultSecurityFilterChain     : Will secure any request with filters: DisableEncodeUrlFilter, WebAsyncManagerIntegrationFilter, SecurityContextHolderFilter, HeaderWriterFilter, OAuth2AuthorizationRequestRedirectFilter, OAuth2LoginAuthenticationFilter, DefaultResourcesFilter, DefaultLoginPageGeneratingFilter, RequestCacheAwareFilter, JwtAuthenticationFilter, SecurityContextHolderAwareRequestFilter, AnonymousAuthenticationFilter, SessionManagementFilter, ExceptionTranslationFilter, AuthorizationFilter
2025-04-25T14:51:46.722+09:00  INFO 12955 --- [portforu] [main] o.s.b.w.embedded.tomcat.TomcatWebServer  : Tomcat started on port 8080 (http) with context path '/'
2025-04-25T14:51:46.735+09:00  INFO 12955 --- [portforu] [main] o.pinggu.portforu.PortforuApplication    : Started PortforuApplication in 6.024 seconds (process running for 6.319)
2025-04-25T14:52:15.468+09:00  INFO 12955 --- [portforu] [SpringApplicationShutdownHook] o.s.b.w.e.tomcat.GracefulShutdown        : Commencing graceful shutdown. Waiting for active requests to complete
2025-04-25T14:52:15.472+09:00  INFO 12955 --- [portforu] [tomcat-shutdown] o.s.b.w.e.tomcat.GracefulShutdown        : Graceful shutdown complete
2025-04-25T14:52:15.509+09:00  INFO 12955 --- [portforu] [SpringApplicationShutdownHook] j.LocalContainerEntityManagerFactoryBean : Closing JPA EntityManagerFactory for persistence unit 'default'
2025-04-25T14:52:15.509+09:00  INFO 12955 --- [portforu] [SpringApplicationShutdownHook] com.zaxxer.hikari.HikariDataSource       : HikariPool-1 - Shutdown initiated...
2025-04-25T14:52:15.514+09:00  INFO 12955 --- [portforu] [SpringApplicationShutdownHook] com.zaxxer.hikari.HikariDataSource       : HikariPool-1 - Shutdown completed.
2025-04-25T14:52:17.251+09:00  INFO 13019 --- [portforu] [main] o.pinggu.portforu.PortforuApplication    : Starting PortforuApplication using Java 17.0.13 with PID 13019 (/Users/t2023-m0111/IdeaProjects/portforu/build/classes/java/main started by t2023-m0111 in /Users/t2023-m0111/IdeaProjects/portforu)
2025-04-25T14:52:17.252+09:00  INFO 13019 --- [portforu] [main] o.pinggu.portforu.PortforuApplication    : The following 1 profile is active: "local"
2025-04-25T14:52:17.664+09:00  INFO 13019 --- [portforu] [main] .s.d.r.c.RepositoryConfigurationDelegate : Multiple Spring Data modules found, entering strict repository configuration mode
2025-04-25T14:52:17.664+09:00  INFO 13019 --- [portforu] [main] .s.d.r.c.RepositoryConfigurationDelegate : Bootstrapping Spring Data Elasticsearch repositories in DEFAULT mode.
2025-04-25T14:52:17.686+09:00  INFO 13019 --- [portforu] [main] .RepositoryConfigurationExtensionSupport : Spring Data Elasticsearch - Could not safely identify store assignment for repository candidate interface org.pinggu.portforu.domain.auth.repository.RefreshTokenRepository; If you want this repository to be a Elasticsearch repository, consider annotating your entities with one of these annotations: org.springframework.data.elasticsearch.annotations.Document (preferred), or consider extending one of the following types with your repository: org.springframework.data.elasticsearch.repository.ElasticsearchRepository
2025-04-25T14:52:17.687+09:00  INFO 13019 --- [portforu] [main] .RepositoryConfigurationExtensionSupport : Spring Data Elasticsearch - Could not safely identify store assignment for repository candidate interface org.pinggu.portforu.domain.comment.repository.CommentRepository; If you want this repository to be a Elasticsearch repository, consider annotating your entities with one of these annotations: org.springframework.data.elasticsearch.annotations.Document (preferred), or consider extending one of the following types with your repository: org.springframework.data.elasticsearch.repository.ElasticsearchRepository
2025-04-25T14:52:17.734+09:00  INFO 13019 --- [portforu] [main] .RepositoryConfigurationExtensionSupport : Spring Data Elasticsearch - Could not safely identify store assignment for repository candidate interface org.pinggu.portforu.domain.jobposting.repository.JobPostingRepository; If you want this repository to be a Elasticsearch repository, consider annotating your entities with one of these annotations: org.springframework.data.elasticsearch.annotations.Document (preferred), or consider extending one of the following types with your repository: org.springframework.data.elasticsearch.repository.ElasticsearchRepository
2025-04-25T14:52:17.735+09:00  INFO 13019 --- [portforu] [main] .RepositoryConfigurationExtensionSupport : Spring Data Elasticsearch - Could not safely identify store assignment for repository candidate interface org.pinggu.portforu.domain.member.repository.MemberRepository; If you want this repository to be a Elasticsearch repository, consider annotating your entities with one of these annotations: org.springframework.data.elasticsearch.annotations.Document (preferred), or consider extending one of the following types with your repository: org.springframework.data.elasticsearch.repository.ElasticsearchRepository
2025-04-25T14:52:17.735+09:00  INFO 13019 --- [portforu] [main] .RepositoryConfigurationExtensionSupport : Spring Data Elasticsearch - Could not safely identify store assignment for repository candidate interface org.pinggu.portforu.domain.membership.repository.MembershipRepository; If you want this repository to be a Elasticsearch repository, consider annotating your entities with one of these annotations: org.springframework.data.elasticsearch.annotations.Document (preferred), or consider extending one of the following types with your repository: org.springframework.data.elasticsearch.repository.ElasticsearchRepository
2025-04-25T14:52:17.736+09:00  INFO 13019 --- [portforu] [main] .RepositoryConfigurationExtensionSupport : Spring Data Elasticsearch - Could not safely identify store assignment for repository candidate interface org.pinggu.portforu.domain.payment.repository.PaymentRepository; If you want this repository to be a Elasticsearch repository, consider annotating your entities with one of these annotations: org.springframework.data.elasticsearch.annotations.Document (preferred), or consider extending one of the following types with your repository: org.springframework.data.elasticsearch.repository.ElasticsearchRepository
2025-04-25T14:52:17.736+09:00  INFO 13019 --- [portforu] [main] .RepositoryConfigurationExtensionSupport : Spring Data Elasticsearch - Could not safely identify store assignment for repository candidate interface org.pinggu.portforu.domain.portfolio.repository.PortfolioRepository; If you want this repository to be a Elasticsearch repository, consider annotating your entities with one of these annotations: org.springframework.data.elasticsearch.annotations.Document (preferred), or consider extending one of the following types with your repository: org.springframework.data.elasticsearch.repository.ElasticsearchRepository
2025-04-25T14:52:17.736+09:00  INFO 13019 --- [portforu] [main] .RepositoryConfigurationExtensionSupport : Spring Data Elasticsearch - Could not safely identify store assignment for repository candidate interface org.pinggu.portforu.domain.portfolio.repository.UploadedFileRepository; If you want this repository to be a Elasticsearch repository, consider annotating your entities with one of these annotations: org.springframework.data.elasticsearch.annotations.Document (preferred), or consider extending one of the following types with your repository: org.springframework.data.elasticsearch.repository.ElasticsearchRepository
2025-04-25T14:52:17.737+09:00  INFO 13019 --- [portforu] [main] .RepositoryConfigurationExtensionSupport : Spring Data Elasticsearch - Could not safely identify store assignment for repository candidate interface org.pinggu.portforu.domain.scrap.repository.ScrapRepository; If you want this repository to be a Elasticsearch repository, consider annotating your entities with one of these annotations: org.springframework.data.elasticsearch.annotations.Document (preferred), or consider extending one of the following types with your repository: org.springframework.data.elasticsearch.repository.ElasticsearchRepository
2025-04-25T14:52:17.737+09:00  INFO 13019 --- [portforu] [main] .RepositoryConfigurationExtensionSupport : Spring Data Elasticsearch - Could not safely identify store assignment for repository candidate interface org.pinggu.portforu.domain.subscribe.repository.SubscribeRepository; If you want this repository to be a Elasticsearch repository, consider annotating your entities with one of these annotations: org.springframework.data.elasticsearch.annotations.Document (preferred), or consider extending one of the following types with your repository: org.springframework.data.elasticsearch.repository.ElasticsearchRepository
2025-04-25T14:52:17.745+09:00  INFO 13019 --- [portforu] [main] .s.d.r.c.RepositoryConfigurationDelegate : Finished Spring Data repository scanning in 77 ms. Found 1 Elasticsearch repository interface.
2025-04-25T14:52:17.748+09:00  INFO 13019 --- [portforu] [main] .s.d.r.c.RepositoryConfigurationDelegate : Multiple Spring Data modules found, entering strict repository configuration mode
2025-04-25T14:52:17.748+09:00  INFO 13019 --- [portforu] [main] .s.d.r.c.RepositoryConfigurationDelegate : Bootstrapping Spring Data Reactive Elasticsearch repositories in DEFAULT mode.
2025-04-25T14:52:17.752+09:00  INFO 13019 --- [portforu] [main] .RepositoryConfigurationExtensionSupport : Spring Data Reactive Elasticsearch - Could not safely identify store assignment for repository candidate interface org.pinggu.portforu.domain.auth.repository.RefreshTokenRepository; If you want this repository to be a Reactive Elasticsearch repository, consider annotating your entities with one of these annotations: org.springframework.data.elasticsearch.annotations.Document (preferred), or consider extending one of the following types with your repository: org.springframework.data.elasticsearch.repository.ReactiveElasticsearchRepository
2025-04-25T14:52:17.752+09:00  INFO 13019 --- [portforu] [main] .RepositoryConfigurationExtensionSupport : Spring Data Reactive Elasticsearch - Could not safely identify store assignment for repository candidate interface org.pinggu.portforu.domain.comment.repository.CommentRepository; If you want this repository to be a Reactive Elasticsearch repository, consider annotating your entities with one of these annotations: org.springframework.data.elasticsearch.annotations.Document (preferred), or consider extending one of the following types with your repository: org.springframework.data.elasticsearch.repository.ReactiveElasticsearchRepository
2025-04-25T14:52:17.753+09:00  INFO 13019 --- [portforu] [main] .RepositoryConfigurationExtensionSupport : Spring Data Reactive Elasticsearch - Could not safely identify store assignment for repository candidate interface org.pinggu.portforu.domain.jobposting.repository.JobPostingRepository; If you want this repository to be a Reactive Elasticsearch repository, consider annotating your entities with one of these annotations: org.springframework.data.elasticsearch.annotations.Document (preferred), or consider extending one of the following types with your repository: org.springframework.data.elasticsearch.repository.ReactiveElasticsearchRepository
2025-04-25T14:52:17.754+09:00  INFO 13019 --- [portforu] [main] .RepositoryConfigurationExtensionSupport : Spring Data Reactive Elasticsearch - Could not safely identify store assignment for repository candidate interface org.pinggu.portforu.domain.member.repository.MemberRepository; If you want this repository to be a Reactive Elasticsearch repository, consider annotating your entities with one of these annotations: org.springframework.data.elasticsearch.annotations.Document (preferred), or consider extending one of the following types with your repository: org.springframework.data.elasticsearch.repository.ReactiveElasticsearchRepository
2025-04-25T14:52:17.754+09:00  INFO 13019 --- [portforu] [main] .RepositoryConfigurationExtensionSupport : Spring Data Reactive Elasticsearch - Could not safely identify store assignment for repository candidate interface org.pinggu.portforu.domain.membership.repository.MembershipRepository; If you want this repository to be a Reactive Elasticsearch repository, consider annotating your entities with one of these annotations: org.springframework.data.elasticsearch.annotations.Document (preferred), or consider extending one of the following types with your repository: org.springframework.data.elasticsearch.repository.ReactiveElasticsearchRepository
2025-04-25T14:52:17.754+09:00  INFO 13019 --- [portforu] [main] .RepositoryConfigurationExtensionSupport : Spring Data Reactive Elasticsearch - Could not safely identify store assignment for repository candidate interface org.pinggu.portforu.domain.payment.repository.PaymentRepository; If you want this repository to be a Reactive Elasticsearch repository, consider annotating your entities with one of these annotations: org.springframework.data.elasticsearch.annotations.Document (preferred), or consider extending one of the following types with your repository: org.springframework.data.elasticsearch.repository.ReactiveElasticsearchRepository
2025-04-25T14:52:17.754+09:00  INFO 13019 --- [portforu] [main] .RepositoryConfigurationExtensionSupport : Spring Data Reactive Elasticsearch - Could not safely identify store assignment for repository candidate interface org.pinggu.portforu.domain.portfolio.repository.PortfolioRepository; If you want this repository to be a Reactive Elasticsearch repository, consider annotating your entities with one of these annotations: org.springframework.data.elasticsearch.annotations.Document (preferred), or consider extending one of the following types with your repository: org.springframework.data.elasticsearch.repository.ReactiveElasticsearchRepository
2025-04-25T14:52:17.754+09:00  INFO 13019 --- [portforu] [main] .RepositoryConfigurationExtensionSupport : Spring Data Reactive Elasticsearch - Could not safely identify store assignment for repository candidate interface org.pinggu.portforu.domain.portfolio.repository.UploadedFileRepository; If you want this repository to be a Reactive Elasticsearch repository, consider annotating your entities with one of these annotations: org.springframework.data.elasticsearch.annotations.Document (preferred), or consider extending one of the following types with your repository: org.springframework.data.elasticsearch.repository.ReactiveElasticsearchRepository
2025-04-25T14:52:17.754+09:00  INFO 13019 --- [portforu] [main] .RepositoryConfigurationExtensionSupport : Spring Data Reactive Elasticsearch - Could not safely identify store assignment for repository candidate interface org.pinggu.portforu.domain.scrap.repository.ScrapRepository; If you want this repository to be a Reactive Elasticsearch repository, consider annotating your entities with one of these annotations: org.springframework.data.elasticsearch.annotations.Document (preferred), or consider extending one of the following types with your repository: org.springframework.data.elasticsearch.repository.ReactiveElasticsearchRepository
2025-04-25T14:52:17.754+09:00  INFO 13019 --- [portforu] [main] .RepositoryConfigurationExtensionSupport : Spring Data Reactive Elasticsearch - Could not safely identify store assignment for repository candidate interface org.pinggu.portforu.domain.subscribe.repository.SubscribeRepository; If you want this repository to be a Reactive Elasticsearch repository, consider annotating your entities with one of these annotations: org.springframework.data.elasticsearch.annotations.Document (preferred), or consider extending one of the following types with your repository: org.springframework.data.elasticsearch.repository.ReactiveElasticsearchRepository
2025-04-25T14:52:17.754+09:00  INFO 13019 --- [portforu] [main] .s.d.r.c.RepositoryConfigurationDelegate : Finished Spring Data repository scanning in 5 ms. Found 0 Reactive Elasticsearch repository interfaces.
2025-04-25T14:52:17.757+09:00  INFO 13019 --- [portforu] [main] .s.d.r.c.RepositoryConfigurationDelegate : Multiple Spring Data modules found, entering strict repository configuration mode
2025-04-25T14:52:17.758+09:00  INFO 13019 --- [portforu] [main] .s.d.r.c.RepositoryConfigurationDelegate : Bootstrapping Spring Data JPA repositories in DEFAULT mode.
2025-04-25T14:52:17.764+09:00  INFO 13019 --- [portforu] [main] .RepositoryConfigurationExtensionSupport : Spring Data JPA - Could not safely identify store assignment for repository candidate interface org.pinggu.portforu.domain.jobposting.elastic.repository.JobPostingSearchRepository; If you want this repository to be a JPA repository, consider annotating your entities with one of these annotations: jakarta.persistence.Entity, jakarta.persistence.MappedSuperclass (preferred), or consider extending one of the following types with your repository: org.springframework.data.jpa.repository.JpaRepository
2025-04-25T14:52:17.772+09:00  INFO 13019 --- [portforu] [main] .s.d.r.c.RepositoryConfigurationDelegate : Finished Spring Data repository scanning in 12 ms. Found 10 JPA repository interfaces.
2025-04-25T14:52:17.779+09:00  INFO 13019 --- [portforu] [main] .s.d.r.c.RepositoryConfigurationDelegate : Multiple Spring Data modules found, entering strict repository configuration mode
2025-04-25T14:52:17.779+09:00  INFO 13019 --- [portforu] [main] .s.d.r.c.RepositoryConfigurationDelegate : Bootstrapping Spring Data Redis repositories in DEFAULT mode.
2025-04-25T14:52:17.786+09:00  INFO 13019 --- [portforu] [main] .RepositoryConfigurationExtensionSupport : Spring Data Redis - Could not safely identify store assignment for repository candidate interface org.pinggu.portforu.domain.auth.repository.RefreshTokenRepository; If you want this repository to be a Redis repository, consider annotating your entities with one of these annotations: org.springframework.data.redis.core.RedisHash (preferred), or consider extending one of the following types with your repository: org.springframework.data.keyvalue.repository.KeyValueRepository
2025-04-25T14:52:17.786+09:00  INFO 13019 --- [portforu] [main] .RepositoryConfigurationExtensionSupport : Spring Data Redis - Could not safely identify store assignment for repository candidate interface org.pinggu.portforu.domain.comment.repository.CommentRepository; If you want this repository to be a Redis repository, consider annotating your entities with one of these annotations: org.springframework.data.redis.core.RedisHash (preferred), or consider extending one of the following types with your repository: org.springframework.data.keyvalue.repository.KeyValueRepository
2025-04-25T14:52:17.787+09:00  INFO 13019 --- [portforu] [main] .RepositoryConfigurationExtensionSupport : Spring Data Redis - Could not safely identify store assignment for repository candidate interface org.pinggu.portforu.domain.jobposting.elastic.repository.JobPostingSearchRepository; If you want this repository to be a Redis repository, consider annotating your entities with one of these annotations: org.springframework.data.redis.core.RedisHash (preferred), or consider extending one of the following types with your repository: org.springframework.data.keyvalue.repository.KeyValueRepository
2025-04-25T14:52:17.787+09:00  INFO 13019 --- [portforu] [main] .RepositoryConfigurationExtensionSupport : Spring Data Redis - Could not safely identify store assignment for repository candidate interface org.pinggu.portforu.domain.jobposting.repository.JobPostingRepository; If you want this repository to be a Redis repository, consider annotating your entities with one of these annotations: org.springframework.data.redis.core.RedisHash (preferred), or consider extending one of the following types with your repository: org.springframework.data.keyvalue.repository.KeyValueRepository
2025-04-25T14:52:17.787+09:00  INFO 13019 --- [portforu] [main] .RepositoryConfigurationExtensionSupport : Spring Data Redis - Could not safely identify store assignment for repository candidate interface org.pinggu.portforu.domain.member.repository.MemberRepository; If you want this repository to be a Redis repository, consider annotating your entities with one of these annotations: org.springframework.data.redis.core.RedisHash (preferred), or consider extending one of the following types with your repository: org.springframework.data.keyvalue.repository.KeyValueRepository
2025-04-25T14:52:17.787+09:00  INFO 13019 --- [portforu] [main] .RepositoryConfigurationExtensionSupport : Spring Data Redis - Could not safely identify store assignment for repository candidate interface org.pinggu.portforu.domain.membership.repository.MembershipRepository; If you want this repository to be a Redis repository, consider annotating your entities with one of these annotations: org.springframework.data.redis.core.RedisHash (preferred), or consider extending one of the following types with your repository: org.springframework.data.keyvalue.repository.KeyValueRepository
2025-04-25T14:52:17.787+09:00  INFO 13019 --- [portforu] [main] .RepositoryConfigurationExtensionSupport : Spring Data Redis - Could not safely identify store assignment for repository candidate interface org.pinggu.portforu.domain.payment.repository.PaymentRepository; If you want this repository to be a Redis repository, consider annotating your entities with one of these annotations: org.springframework.data.redis.core.RedisHash (preferred), or consider extending one of the following types with your repository: org.springframework.data.keyvalue.repository.KeyValueRepository
2025-04-25T14:52:17.787+09:00  INFO 13019 --- [portforu] [main] .RepositoryConfigurationExtensionSupport : Spring Data Redis - Could not safely identify store assignment for repository candidate interface org.pinggu.portforu.domain.portfolio.repository.PortfolioRepository; If you want this repository to be a Redis repository, consider annotating your entities with one of these annotations: org.springframework.data.redis.core.RedisHash (preferred), or consider extending one of the following types with your repository: org.springframework.data.keyvalue.repository.KeyValueRepository
2025-04-25T14:52:17.787+09:00  INFO 13019 --- [portforu] [main] .RepositoryConfigurationExtensionSupport : Spring Data Redis - Could not safely identify store assignment for repository candidate interface org.pinggu.portforu.domain.portfolio.repository.UploadedFileRepository; If you want this repository to be a Redis repository, consider annotating your entities with one of these annotations: org.springframework.data.redis.core.RedisHash (preferred), or consider extending one of the following types with your repository: org.springframework.data.keyvalue.repository.KeyValueRepository
2025-04-25T14:52:17.787+09:00  INFO 13019 --- [portforu] [main] .RepositoryConfigurationExtensionSupport : Spring Data Redis - Could not safely identify store assignment for repository candidate interface org.pinggu.portforu.domain.scrap.repository.ScrapRepository; If you want this repository to be a Redis repository, consider annotating your entities with one of these annotations: org.springframework.data.redis.core.RedisHash (preferred), or consider extending one of the following types with your repository: org.springframework.data.keyvalue.repository.KeyValueRepository
2025-04-25T14:52:17.787+09:00  INFO 13019 --- [portforu] [main] .RepositoryConfigurationExtensionSupport : Spring Data Redis - Could not safely identify store assignment for repository candidate interface org.pinggu.portforu.domain.subscribe.repository.SubscribeRepository; If you want this repository to be a Redis repository, consider annotating your entities with one of these annotations: org.springframework.data.redis.core.RedisHash (preferred), or consider extending one of the following types with your repository: org.springframework.data.keyvalue.repository.KeyValueRepository
2025-04-25T14:52:17.787+09:00  INFO 13019 --- [portforu] [main] .s.d.r.c.RepositoryConfigurationDelegate : Finished Spring Data repository scanning in 4 ms. Found 0 Redis repository interfaces.
2025-04-25T14:52:18.150+09:00  INFO 13019 --- [portforu] [main] o.s.b.w.embedded.tomcat.TomcatWebServer  : Tomcat initialized with port 8080 (http)
2025-04-25T14:52:18.156+09:00  INFO 13019 --- [portforu] [main] o.apache.catalina.core.StandardService   : Starting service [Tomcat]
2025-04-25T14:52:18.156+09:00  INFO 13019 --- [portforu] [main] o.apache.catalina.core.StandardEngine    : Starting Servlet engine: [Apache Tomcat/10.1.39]
2025-04-25T14:52:18.179+09:00  INFO 13019 --- [portforu] [main] o.a.c.c.C.[Tomcat].[localhost].[/]       : Initializing Spring embedded WebApplicationContext
2025-04-25T14:52:18.179+09:00  INFO 13019 --- [portforu] [main] w.s.c.ServletWebServerApplicationContext : Root WebApplicationContext: initialization completed in 910 ms
2025-04-25T14:52:18.260+09:00  INFO 13019 --- [portforu] [main] o.hibernate.jpa.internal.util.LogHelper  : HHH000204: Processing PersistenceUnitInfo [name: default]
2025-04-25T14:52:18.288+09:00  INFO 13019 --- [portforu] [main] org.hibernate.Version                    : HHH000412: Hibernate ORM core version 6.6.11.Final
2025-04-25T14:52:18.302+09:00  INFO 13019 --- [portforu] [main] o.h.c.internal.RegionFactoryInitiator    : HHH000026: Second-level cache disabled
2025-04-25T14:52:18.444+09:00  INFO 13019 --- [portforu] [main] o.s.o.j.p.SpringPersistenceUnitInfo      : No LoadTimeWeaver setup: ignoring JPA class transformer
2025-04-25T14:52:18.458+09:00  INFO 13019 --- [portforu] [main] com.zaxxer.hikari.HikariDataSource       : HikariPool-1 - Starting...
2025-04-25T14:52:18.582+09:00  INFO 13019 --- [portforu] [main] com.zaxxer.hikari.pool.HikariPool        : HikariPool-1 - Added connection com.mysql.cj.jdbc.ConnectionImpl@eddc9bb
2025-04-25T14:52:18.582+09:00  INFO 13019 --- [portforu] [main] com.zaxxer.hikari.HikariDataSource       : HikariPool-1 - Start completed.
2025-04-25T14:52:18.624+09:00  INFO 13019 --- [portforu] [main] org.hibernate.orm.connections.pooling    : HHH10001005: Database info:
	Database JDBC URL [Connecting through datasource 'HikariDataSource (HikariPool-1)']
	Database driver: undefined/unknown
	Database version: 9.2
	Autocommit mode: undefined/unknown
	Isolation level: undefined/unknown
	Minimum pool size: undefined/unknown
	Maximum pool size: undefined/unknown
2025-04-25T14:52:19.105+09:00  INFO 13019 --- [portforu] [main] o.h.e.t.j.p.i.JtaPlatformInitiator       : HHH000489: No JTA platform available (set 'hibernate.transaction.jta.platform' to enable JTA platform integration)
2025-04-25T14:52:19.111+09:00 DEBUG 13019 --- [portforu] [main] org.hibernate.SQL                        : 
    alter table comments 
       drop 
       foreign key FKkv22t54g17a6hvj7hbn6byh5s
2025-04-25T14:52:19.129+09:00 DEBUG 13019 --- [portforu] [main] org.hibernate.SQL                        : 
    alter table comments 
       drop 
       foreign key FK5cwxj0hna6dqmgdwwh8jsncln
2025-04-25T14:52:19.136+09:00 DEBUG 13019 --- [portforu] [main] org.hibernate.SQL                        : 
    alter table payments 
       drop 
       foreign key FKb1214sjecn8nd2f1b0shp3lpo
2025-04-25T14:52:19.143+09:00 DEBUG 13019 --- [portforu] [main] org.hibernate.SQL                        : 
    alter table portfolios 
       drop 
       foreign key FKonyc71oyvfe6f7u5ut93hwfbf
2025-04-25T14:52:19.147+09:00 DEBUG 13019 --- [portforu] [main] org.hibernate.SQL                        : 
    alter table scraps 
       drop 
       foreign key FKmqtt9v6pl7qy7jglcin8bcmkm
2025-04-25T14:52:19.152+09:00 DEBUG 13019 --- [portforu] [main] org.hibernate.SQL                        : 
    alter table scraps 
       drop 
       foreign key FKhe5gvk4bvdo4b68mtxueq0wot
2025-04-25T14:52:19.155+09:00 DEBUG 13019 --- [portforu] [main] org.hibernate.SQL                        : 
    alter table subscribes 
       drop 
       foreign key FK1ll7f1tjs7lt3xiqfcbrfmdum
2025-04-25T14:52:19.158+09:00 DEBUG 13019 --- [portforu] [main] org.hibernate.SQL                        : 
    alter table subscribes 
       drop 
       foreign key FKhnsopwrnsd8c21915rj71d2jx
2025-04-25T14:52:19.162+09:00 DEBUG 13019 --- [portforu] [main] org.hibernate.SQL                        : 
    drop table if exists comments
2025-04-25T14:52:19.165+09:00 DEBUG 13019 --- [portforu] [main] org.hibernate.SQL                        : 
    drop table if exists job_postings
2025-04-25T14:52:19.167+09:00 DEBUG 13019 --- [portforu] [main] org.hibernate.SQL                        : 
    drop table if exists members
2025-04-25T14:52:19.169+09:00 DEBUG 13019 --- [portforu] [main] org.hibernate.SQL                        : 
    drop table if exists memberships
2025-04-25T14:52:19.171+09:00 DEBUG 13019 --- [portforu] [main] org.hibernate.SQL                        : 
    drop table if exists payments
2025-04-25T14:52:19.174+09:00 DEBUG 13019 --- [portforu] [main] org.hibernate.SQL                        : 
    drop table if exists portfolios
2025-04-25T14:52:19.176+09:00 DEBUG 13019 --- [portforu] [main] org.hibernate.SQL                        : 
    drop table if exists refresh_token
2025-04-25T14:52:19.177+09:00 DEBUG 13019 --- [portforu] [main] org.hibernate.SQL                        : 
    drop table if exists scraps
2025-04-25T14:52:19.180+09:00 DEBUG 13019 --- [portforu] [main] org.hibernate.SQL                        : 
    drop table if exists subscribes
2025-04-25T14:52:19.182+09:00 DEBUG 13019 --- [portforu] [main] org.hibernate.SQL                        : 
    drop table if exists uploaded_file
2025-04-25T14:52:19.189+09:00 DEBUG 13019 --- [portforu] [main] org.hibernate.SQL                        : 
    create table comments (
        is_deleted bit not null,
        created_at datetime(6),
        id bigint not null auto_increment,
        member_id bigint not null,
        portfolio_id bigint not null,
        updated_at datetime(6),
        content varchar(255) not null,
        primary key (id)
    ) engine=InnoDB
2025-04-25T14:52:19.193+09:00 DEBUG 13019 --- [portforu] [main] org.hibernate.SQL                        : 
    create table job_postings (
        is_deleted bit not null,
        max_experience_years integer,
        min_experience_years integer,
        created_at datetime(6),
        hiring_end_at datetime(6),
        hiring_start_at datetime(6),
        id bigint not null auto_increment,
        updated_at datetime(6),
        company varchar(255) not null,
        duty varchar(255) not null,
        education_level varchar(255) not null,
        employment_type varchar(255) not null,
        experience_years varchar(255) not null,
        key_abilities varchar(255) not null,
        link varchar(255) not null,
        location varchar(255) not null,
        salary varchar(255) not null,
        skills varchar(255),
        title varchar(255) not null,
        primary key (id)
    ) engine=InnoDB
2025-04-25T14:52:19.197+09:00 DEBUG 13019 --- [portforu] [main] org.hibernate.SQL                        : 
    create table members (
        is_deleted bit not null,
        view_count integer not null,
        created_at datetime(6),
        id bigint not null auto_increment,
        updated_at datetime(6),
        phone_number varchar(30) not null,
        name varchar(50) not null,
        password varchar(60) not null,
        email varchar(100) not null,
        address varchar(255) not null,
        provider varchar(255),
        user_role enum ('ROLE_ADMIN','ROLE_USER') not null,
        primary key (id)
    ) engine=InnoDB
2025-04-25T14:52:19.202+09:00 DEBUG 13019 --- [portforu] [main] org.hibernate.SQL                        : 
    create table memberships (
        is_deleted bit not null,
        price integer not null,
        quantity integer not null,
        year integer not null,
        created_at datetime(6),
        id bigint not null auto_increment,
        updated_at datetime(6),
        name varchar(50) not null,
        primary key (id)
    ) engine=InnoDB
2025-04-25T14:52:19.205+09:00 DEBUG 13019 --- [portforu] [main] org.hibernate.SQL                        : 
    create table payments (
        is_deleted bit not null,
        created_at datetime(6),
        id bigint not null auto_increment,
        subscribe_id bigint not null,
        updated_at datetime(6),
        payment_key varchar(255),
        payment_method enum ('ACCOUNT_TRANSFER','BOOK_GIFT','CARD','CULTURE_GIFT','GAME_GIFT','MOBILE_PHONE','TOSS_PAY','UNKNOWN','VIRTUAL_ACCOUNT'),
        status enum ('CANCELED','COMPLETED','EXPIRED','FAILED','PENDING'),
        primary key (id)
    ) engine=InnoDB
2025-04-25T14:52:19.208+09:00 DEBUG 13019 --- [portforu] [main] org.hibernate.SQL                        : 
    create table portfolios (
        is_deleted bit not null,
        views integer not null,
        created_at datetime(6),
        id bigint not null auto_increment,
        member_id bigint not null,
        updated_at datetime(6),
        title varchar(50) not null,
        file_url varchar(500),
        description TEXT not null,
        primary key (id)
    ) engine=InnoDB
2025-04-25T14:52:19.215+09:00 DEBUG 13019 --- [portforu] [main] org.hibernate.SQL                        : 
    create table refresh_token (
        member_id bigint not null,
        token varchar(512) not null,
        primary key (member_id)
    ) engine=InnoDB
2025-04-25T14:52:19.220+09:00 DEBUG 13019 --- [portforu] [main] org.hibernate.SQL                        : 
    create table scraps (
        is_deleted bit not null,
        created_at datetime(6),
        id bigint not null auto_increment,
        job_posting_id bigint not null,
        member_id bigint not null,
        updated_at datetime(6),
        primary key (id)
    ) engine=InnoDB
2025-04-25T14:52:19.223+09:00 DEBUG 13019 --- [portforu] [main] org.hibernate.SQL                        : 
    create table subscribes (
        is_deleted bit not null,
        created_at datetime(6),
        end_date datetime(6) not null,
        id bigint not null auto_increment,
        member_id bigint not null,
        membership_id bigint not null,
        start_date datetime(6) not null,
        updated_at datetime(6),
        status enum ('ACTIVE','CANCELED','EXPIRED','FAILED','PENDING') not null,
        primary key (id)
    ) engine=InnoDB
2025-04-25T14:52:19.226+09:00 DEBUG 13019 --- [portforu] [main] org.hibernate.SQL                        : 
    create table uploaded_file (
        used bit not null,
        created_at datetime(6),
        id bigint not null auto_increment,
        file_url varchar(255),
        primary key (id)
    ) engine=InnoDB
2025-04-25T14:52:19.228+09:00 DEBUG 13019 --- [portforu] [main] org.hibernate.SQL                        : 
    alter table job_postings 
       add constraint UKrctqiu9lyyeym768nw1b25ic7 unique (link)
2025-04-25T14:52:19.232+09:00 DEBUG 13019 --- [portforu] [main] org.hibernate.SQL                        : 
    alter table members 
       add constraint UK9d30a9u1qpg8eou0otgkwrp5d unique (email)
2025-04-25T14:52:19.234+09:00 DEBUG 13019 --- [portforu] [main] org.hibernate.SQL                        : 
    alter table payments 
       add constraint UKt2i4hg2yv378mnognr5r20ukw unique (subscribe_id)
2025-04-25T14:52:19.236+09:00 DEBUG 13019 --- [portforu] [main] org.hibernate.SQL                        : 
    alter table comments 
       add constraint FKkv22t54g17a6hvj7hbn6byh5s 
       foreign key (member_id) 
       references members (id)
2025-04-25T14:52:19.242+09:00 DEBUG 13019 --- [portforu] [main] org.hibernate.SQL                        : 
    alter table comments 
       add constraint FK5cwxj0hna6dqmgdwwh8jsncln 
       foreign key (portfolio_id) 
       references portfolios (id)
2025-04-25T14:52:19.249+09:00 DEBUG 13019 --- [portforu] [main] org.hibernate.SQL                        : 
    alter table payments 
       add constraint FKb1214sjecn8nd2f1b0shp3lpo 
       foreign key (subscribe_id) 
       references subscribes (id)
2025-04-25T14:52:19.255+09:00 DEBUG 13019 --- [portforu] [main] org.hibernate.SQL                        : 
    alter table portfolios 
       add constraint FKonyc71oyvfe6f7u5ut93hwfbf 
       foreign key (member_id) 
       references members (id)
2025-04-25T14:52:19.262+09:00 DEBUG 13019 --- [portforu] [main] org.hibernate.SQL                        : 
    alter table scraps 
       add constraint FKmqtt9v6pl7qy7jglcin8bcmkm 
       foreign key (job_posting_id) 
       references job_postings (id)
2025-04-25T14:52:19.269+09:00 DEBUG 13019 --- [portforu] [main] org.hibernate.SQL                        : 
    alter table scraps 
       add constraint FKhe5gvk4bvdo4b68mtxueq0wot 
       foreign key (member_id) 
       references members (id)
2025-04-25T14:52:19.275+09:00 DEBUG 13019 --- [portforu] [main] org.hibernate.SQL                        : 
    alter table subscribes 
       add constraint FK1ll7f1tjs7lt3xiqfcbrfmdum 
       foreign key (member_id) 
       references members (id)
2025-04-25T14:52:19.282+09:00 DEBUG 13019 --- [portforu] [main] org.hibernate.SQL                        : 
    alter table subscribes 
       add constraint FKhnsopwrnsd8c21915rj71d2jx 
       foreign key (membership_id) 
       references memberships (id)
2025-04-25T14:52:19.293+09:00  INFO 13019 --- [portforu] [main] j.LocalContainerEntityManagerFactoryBean : Initialized JPA EntityManagerFactory for persistence unit 'default'
2025-04-25T14:52:19.498+09:00  INFO 13019 --- [portforu] [main] o.s.d.j.r.query.QueryEnhancerFactory     : Hibernate is in classpath; If applicable, HQL parser will be used.
2025-04-25T14:52:20.154+09:00  WARN 13019 --- [portforu] [main] com.amazonaws.util.VersionInfoUtils      : The AWS SDK for Java 1.x entered maintenance mode starting July 31, 2024 and will reach end of support on December 31, 2025. For more information, see https://aws.amazon.com/blogs/developer/the-aws-sdk-for-java-1-x-is-in-maintenance-mode-effective-july-31-2024/
You can print where on the file system the AWS SDK for Java 1.x core runtime is located by setting the AWS_JAVA_V1_PRINT_LOCATION environment variable or aws.java.v1.printLocation system property to 'true'.
This message can be disabled by setting the AWS_JAVA_V1_DISABLE_DEPRECATION_ANNOUNCEMENT environment variable or aws.java.v1.disableDeprecationAnnouncement system property to 'true'.
The AWS SDK for Java 1.x is being used here:
at java.base/java.lang.Thread.getStackTrace(Thread.java:1619)
at com.amazonaws.util.VersionInfoUtils.printDeprecationAnnouncement(VersionInfoUtils.java:81)
at com.amazonaws.util.VersionInfoUtils.<clinit>(VersionInfoUtils.java:59)
at com.amazonaws.internal.EC2ResourceFetcher.<clinit>(EC2ResourceFetcher.java:44)
at com.amazonaws.auth.InstanceMetadataServiceCredentialsFetcher.<init>(InstanceMetadataServiceCredentialsFetcher.java:38)
at com.amazonaws.auth.InstanceProfileCredentialsProvider.<init>(InstanceProfileCredentialsProvider.java:111)
at com.amazonaws.auth.InstanceProfileCredentialsProvider.<init>(InstanceProfileCredentialsProvider.java:91)
at com.amazonaws.auth.InstanceProfileCredentialsProvider.<init>(InstanceProfileCredentialsProvider.java:75)
at com.amazonaws.auth.InstanceProfileCredentialsProvider.<clinit>(InstanceProfileCredentialsProvider.java:58)
at com.amazonaws.auth.EC2ContainerCredentialsProviderWrapper.initializeProvider(EC2ContainerCredentialsProviderWrapper.java:66)
at com.amazonaws.auth.EC2ContainerCredentialsProviderWrapper.<init>(EC2ContainerCredentialsProviderWrapper.java:55)
at com.amazonaws.auth.DefaultAWSCredentialsProviderChain.<init>(DefaultAWSCredentialsProviderChain.java:60)
at com.amazonaws.auth.DefaultAWSCredentialsProviderChain.<clinit>(DefaultAWSCredentialsProviderChain.java:54)
at com.amazonaws.services.s3.AmazonS3ClientBuilder.standard(AmazonS3ClientBuilder.java:46)
at org.pinggu.portforu.config.S3Config.amazonS3(S3Config.java:26)
at org.pinggu.portforu.config.S3Config$$SpringCGLIB$$0.CGLIB$amazonS3$0(<generated>)
at org.pinggu.portforu.config.S3Config$$SpringCGLIB$$FastClass$$1.invoke(<generated>)
at org.springframework.cglib.proxy.MethodProxy.invokeSuper(MethodProxy.java:258)
at org.springframework.context.annotation.ConfigurationClassEnhancer$BeanMethodInterceptor.intercept(ConfigurationClassEnhancer.java:370)
at org.pinggu.portforu.config.S3Config$$SpringCGLIB$$0.amazonS3(<generated>)
at java.base/jdk.internal.reflect.NativeMethodAccessorImpl.invoke0(Native Method)
at java.base/jdk.internal.reflect.NativeMethodAccessorImpl.invoke(NativeMethodAccessorImpl.java:77)
at java.base/jdk.internal.reflect.DelegatingMethodAccessorImpl.invoke(DelegatingMethodAccessorImpl.java:43)
at java.base/java.lang.reflect.Method.invoke(Method.java:569)
at org.springframework.beans.factory.support.SimpleInstantiationStrategy.lambda$instantiate$0(SimpleInstantiationStrategy.java:171)
at org.springframework.beans.factory.support.SimpleInstantiationStrategy.instantiateWithFactoryMethod(SimpleInstantiationStrategy.java:88)
at org.springframework.beans.factory.support.SimpleInstantiationStrategy.instantiate(SimpleInstantiationStrategy.java:168)
at org.springframework.beans.factory.support.ConstructorResolver.instantiate(ConstructorResolver.java:653)
at org.springframework.beans.factory.support.ConstructorResolver.instantiateUsingFactoryMethod(ConstructorResolver.java:489)
at org.springframework.beans.factory.support.AbstractAutowireCapableBeanFactory.instantiateUsingFactoryMethod(AbstractAutowireCapableBeanFactory.java:1361)
at org.springframework.beans.factory.support.AbstractAutowireCapableBeanFactory.createBeanInstance(AbstractAutowireCapableBeanFactory.java:1191)
at org.springframework.beans.factory.support.AbstractAutowireCapableBeanFactory.doCreateBean(AbstractAutowireCapableBeanFactory.java:563)
at org.springframework.beans.factory.support.AbstractAutowireCapableBeanFactory.createBean(AbstractAutowireCapableBeanFactory.java:523)
at org.springframework.beans.factory.support.AbstractBeanFactory.lambda$doGetBean$0(AbstractBeanFactory.java:339)
at org.springframework.beans.factory.support.DefaultSingletonBeanRegistry.getSingleton(DefaultSingletonBeanRegistry.java:347)
at org.springframework.beans.factory.support.AbstractBeanFactory.doGetBean(AbstractBeanFactory.java:337)
at org.springframework.beans.factory.support.AbstractBeanFactory.getBean(AbstractBeanFactory.java:202)
at org.springframework.beans.factory.support.DefaultListableBeanFactory.doResolveDependency(DefaultListableBeanFactory.java:1609)
at org.springframework.beans.factory.support.DefaultListableBeanFactory.resolveDependency(DefaultListableBeanFactory.java:1555)
at org.springframework.beans.factory.support.ConstructorResolver.resolveAutowiredArgument(ConstructorResolver.java:913)
at org.springframework.beans.factory.support.ConstructorResolver.createArgumentArray(ConstructorResolver.java:791)
at org.springframework.beans.factory.support.ConstructorResolver.autowireConstructor(ConstructorResolver.java:240)
at org.springframework.beans.factory.support.AbstractAutowireCapableBeanFactory.autowireConstructor(AbstractAutowireCapableBeanFactory.java:1381)
at org.springframework.beans.factory.support.AbstractAutowireCapableBeanFactory.createBeanInstance(AbstractAutowireCapableBeanFactory.java:1218)
at org.springframework.beans.factory.support.AbstractAutowireCapableBeanFactory.doCreateBean(AbstractAutowireCapableBeanFactory.java:563)
at org.springframework.beans.factory.support.AbstractAutowireCapableBeanFactory.createBean(AbstractAutowireCapableBeanFactory.java:523)
at org.springframework.beans.factory.support.AbstractBeanFactory.lambda$doGetBean$0(AbstractBeanFactory.java:339)
at org.springframework.beans.factory.support.DefaultSingletonBeanRegistry.getSingleton(DefaultSingletonBeanRegistry.java:347)
at org.springframework.beans.factory.support.AbstractBeanFactory.doGetBean(AbstractBeanFactory.java:337)
at org.springframework.beans.factory.support.AbstractBeanFactory.getBean(AbstractBeanFactory.java:202)
at org.springframework.beans.factory.support.DefaultListableBeanFactory.doResolveDependency(DefaultListableBeanFactory.java:1609)
at org.springframework.beans.factory.support.DefaultListableBeanFactory.resolveDependency(DefaultListableBeanFactory.java:1555)
at org.springframework.beans.factory.support.ConstructorResolver.resolveAutowiredArgument(ConstructorResolver.java:913)
at org.springframework.beans.factory.support.ConstructorResolver.createArgumentArray(ConstructorResolver.java:791)
at org.springframework.beans.factory.support.ConstructorResolver.autowireConstructor(ConstructorResolver.java:240)
at org.springframework.beans.factory.support.AbstractAutowireCapableBeanFactory.autowireConstructor(AbstractAutowireCapableBeanFactory.java:1381)
at org.springframework.beans.factory.support.AbstractAutowireCapableBeanFactory.createBeanInstance(AbstractAutowireCapableBeanFactory.java:1218)
at org.springframework.beans.factory.support.AbstractAutowireCapableBeanFactory.doCreateBean(AbstractAutowireCapableBeanFactory.java:563)
at org.springframework.beans.factory.support.AbstractAutowireCapableBeanFactory.createBean(AbstractAutowireCapableBeanFactory.java:523)
at org.springframework.beans.factory.support.AbstractBeanFactory.lambda$doGetBean$0(AbstractBeanFactory.java:339)
at org.springframework.beans.factory.support.DefaultSingletonBeanRegistry.getSingleton(DefaultSingletonBeanRegistry.java:347)
at org.springframework.beans.factory.support.AbstractBeanFactory.doGetBean(AbstractBeanFactory.java:337)
at org.springframework.beans.factory.support.AbstractBeanFactory.getBean(AbstractBeanFactory.java:202)
at org.springframework.beans.factory.support.DefaultListableBeanFactory.doResolveDependency(DefaultListableBeanFactory.java:1609)
at org.springframework.beans.factory.support.DefaultListableBeanFactory.resolveDependency(DefaultListableBeanFactory.java:1555)
at org.springframework.beans.factory.support.ConstructorResolver.resolveAutowiredArgument(ConstructorResolver.java:913)
at org.springframework.beans.factory.support.ConstructorResolver.createArgumentArray(ConstructorResolver.java:791)
at org.springframework.beans.factory.support.ConstructorResolver.autowireConstructor(ConstructorResolver.java:240)
at org.springframework.beans.factory.support.AbstractAutowireCapableBeanFactory.autowireConstructor(AbstractAutowireCapableBeanFactory.java:1381)
at org.springframework.beans.factory.support.AbstractAutowireCapableBeanFactory.createBeanInstance(AbstractAutowireCapableBeanFactory.java:1218)
at org.springframework.beans.factory.support.AbstractAutowireCapableBeanFactory.doCreateBean(AbstractAutowireCapableBeanFactory.java:563)
at org.springframework.beans.factory.support.AbstractAutowireCapableBeanFactory.createBean(AbstractAutowireCapableBeanFactory.java:523)
at org.springframework.beans.factory.support.AbstractBeanFactory.lambda$doGetBean$0(AbstractBeanFactory.java:339)
at org.springframework.beans.factory.support.DefaultSingletonBeanRegistry.getSingleton(DefaultSingletonBeanRegistry.java:347)
at org.springframework.beans.factory.support.AbstractBeanFactory.doGetBean(AbstractBeanFactory.java:337)
at org.springframework.beans.factory.support.AbstractBeanFactory.getBean(AbstractBeanFactory.java:202)
at org.springframework.beans.factory.support.DefaultListableBeanFactory.instantiateSingleton(DefaultListableBeanFactory.java:1155)
at org.springframework.beans.factory.support.DefaultListableBeanFactory.preInstantiateSingleton(DefaultListableBeanFactory.java:1121)
at org.springframework.beans.factory.support.DefaultListableBeanFactory.preInstantiateSingletons(DefaultListableBeanFactory.java:1056)
at org.springframework.context.support.AbstractApplicationContext.finishBeanFactoryInitialization(AbstractApplicationContext.java:987)
at org.springframework.context.support.AbstractApplicationContext.refresh(AbstractApplicationContext.java:627)
at org.springframework.boot.web.servlet.context.ServletWebServerApplicationContext.refresh(ServletWebServerApplicationContext.java:146)
at org.springframework.boot.SpringApplication.refresh(SpringApplication.java:752)
at org.springframework.boot.SpringApplication.refreshContext(SpringApplication.java:439)
at org.springframework.boot.SpringApplication.run(SpringApplication.java:318)
at org.springframework.boot.SpringApplication.run(SpringApplication.java:1361)
at org.springframework.boot.SpringApplication.run(SpringApplication.java:1350)
at org.pinggu.portforu.PortforuApplication.main(PortforuApplication.java:12)
2025-04-25T14:52:20.315+09:00  WARN 13019 --- [portforu] [main] JpaBaseConfiguration$JpaWebConfiguration : spring.jpa.open-in-view is enabled by default. Therefore, database queries may be performed during view rendering. Explicitly configure spring.jpa.open-in-view to disable this warning
2025-04-25T14:52:20.353+09:00 DEBUG 13019 --- [portforu] [main] swordEncoderAuthenticationManagerBuilder : No authenticationProviders and no parentAuthenticationManager defined. Returning null.
2025-04-25T14:52:20.503+09:00 DEBUG 13019 --- [portforu] [main] o.s.s.web.DefaultSecurityFilterChain     : Will secure any request with filters: DisableEncodeUrlFilter, WebAsyncManagerIntegrationFilter, SecurityContextHolderFilter, HeaderWriterFilter, OAuth2AuthorizationRequestRedirectFilter, OAuth2LoginAuthenticationFilter, DefaultResourcesFilter, DefaultLoginPageGeneratingFilter, RequestCacheAwareFilter, JwtAuthenticationFilter, SecurityContextHolderAwareRequestFilter, AnonymousAuthenticationFilter, SessionManagementFilter, ExceptionTranslationFilter, AuthorizationFilter
2025-04-25T14:52:20.838+09:00  INFO 13019 --- [portforu] [main] o.s.b.w.embedded.tomcat.TomcatWebServer  : Tomcat started on port 8080 (http) with context path '/'
2025-04-25T14:52:20.847+09:00  INFO 13019 --- [portforu] [main] o.pinggu.portforu.PortforuApplication    : Started PortforuApplication in 3.794 seconds (process running for 4.015)
2025-04-25T14:53:46.650+09:00  WARN 13019 --- [portforu] [HikariPool-1 housekeeper] com.zaxxer.hikari.pool.HikariPool        : HikariPool-1 - Retrograde clock change detected (housekeeper delta=27s955ms), soft-evicting connections from pool.
2025-04-25T14:55:47.828+09:00  INFO 13019 --- [portforu] [SpringApplicationShutdownHook] o.s.b.w.e.tomcat.GracefulShutdown        : Commencing graceful shutdown. Waiting for active requests to complete
2025-04-25T14:55:47.836+09:00  INFO 13019 --- [portforu] [tomcat-shutdown] o.s.b.w.e.tomcat.GracefulShutdown        : Graceful shutdown complete
2025-04-25T14:55:47.880+09:00  INFO 13019 --- [portforu] [SpringApplicationShutdownHook] j.LocalContainerEntityManagerFactoryBean : Closing JPA EntityManagerFactory for persistence unit 'default'
2025-04-25T14:55:47.882+09:00  INFO 13019 --- [portforu] [SpringApplicationShutdownHook] com.zaxxer.hikari.HikariDataSource       : HikariPool-1 - Shutdown initiated...
2025-04-25T14:55:47.887+09:00  INFO 13019 --- [portforu] [SpringApplicationShutdownHook] com.zaxxer.hikari.HikariDataSource       : HikariPool-1 - Shutdown completed.
2025-04-25T14:55:50.164+09:00  INFO 13272 --- [portforu] [main] o.pinggu.portforu.PortforuApplication    : Starting PortforuApplication using Java 17.0.13 with PID 13272 (/Users/t2023-m0111/IdeaProjects/portforu/build/classes/java/main started by t2023-m0111 in /Users/t2023-m0111/IdeaProjects/portforu)
2025-04-25T14:55:50.166+09:00  INFO 13272 --- [portforu] [main] o.pinggu.portforu.PortforuApplication    : The following 1 profile is active: "local"
2025-04-25T14:55:50.572+09:00  INFO 13272 --- [portforu] [main] .s.d.r.c.RepositoryConfigurationDelegate : Multiple Spring Data modules found, entering strict repository configuration mode
2025-04-25T14:55:50.573+09:00  INFO 13272 --- [portforu] [main] .s.d.r.c.RepositoryConfigurationDelegate : Bootstrapping Spring Data Elasticsearch repositories in DEFAULT mode.
2025-04-25T14:55:50.597+09:00  INFO 13272 --- [portforu] [main] .RepositoryConfigurationExtensionSupport : Spring Data Elasticsearch - Could not safely identify store assignment for repository candidate interface org.pinggu.portforu.domain.auth.repository.RefreshTokenRepository; If you want this repository to be a Elasticsearch repository, consider annotating your entities with one of these annotations: org.springframework.data.elasticsearch.annotations.Document (preferred), or consider extending one of the following types with your repository: org.springframework.data.elasticsearch.repository.ElasticsearchRepository
2025-04-25T14:55:50.599+09:00  INFO 13272 --- [portforu] [main] .RepositoryConfigurationExtensionSupport : Spring Data Elasticsearch - Could not safely identify store assignment for repository candidate interface org.pinggu.portforu.domain.comment.repository.CommentRepository; If you want this repository to be a Elasticsearch repository, consider annotating your entities with one of these annotations: org.springframework.data.elasticsearch.annotations.Document (preferred), or consider extending one of the following types with your repository: org.springframework.data.elasticsearch.repository.ElasticsearchRepository
2025-04-25T14:55:50.648+09:00  INFO 13272 --- [portforu] [main] .RepositoryConfigurationExtensionSupport : Spring Data Elasticsearch - Could not safely identify store assignment for repository candidate interface org.pinggu.portforu.domain.jobposting.repository.JobPostingRepository; If you want this repository to be a Elasticsearch repository, consider annotating your entities with one of these annotations: org.springframework.data.elasticsearch.annotations.Document (preferred), or consider extending one of the following types with your repository: org.springframework.data.elasticsearch.repository.ElasticsearchRepository
2025-04-25T14:55:50.648+09:00  INFO 13272 --- [portforu] [main] .RepositoryConfigurationExtensionSupport : Spring Data Elasticsearch - Could not safely identify store assignment for repository candidate interface org.pinggu.portforu.domain.member.repository.MemberRepository; If you want this repository to be a Elasticsearch repository, consider annotating your entities with one of these annotations: org.springframework.data.elasticsearch.annotations.Document (preferred), or consider extending one of the following types with your repository: org.springframework.data.elasticsearch.repository.ElasticsearchRepository
2025-04-25T14:55:50.648+09:00  INFO 13272 --- [portforu] [main] .RepositoryConfigurationExtensionSupport : Spring Data Elasticsearch - Could not safely identify store assignment for repository candidate interface org.pinggu.portforu.domain.membership.repository.MembershipRepository; If you want this repository to be a Elasticsearch repository, consider annotating your entities with one of these annotations: org.springframework.data.elasticsearch.annotations.Document (preferred), or consider extending one of the following types with your repository: org.springframework.data.elasticsearch.repository.ElasticsearchRepository
2025-04-25T14:55:50.649+09:00  INFO 13272 --- [portforu] [main] .RepositoryConfigurationExtensionSupport : Spring Data Elasticsearch - Could not safely identify store assignment for repository candidate interface org.pinggu.portforu.domain.payment.repository.PaymentRepository; If you want this repository to be a Elasticsearch repository, consider annotating your entities with one of these annotations: org.springframework.data.elasticsearch.annotations.Document (preferred), or consider extending one of the following types with your repository: org.springframework.data.elasticsearch.repository.ElasticsearchRepository
2025-04-25T14:55:50.649+09:00  INFO 13272 --- [portforu] [main] .RepositoryConfigurationExtensionSupport : Spring Data Elasticsearch - Could not safely identify store assignment for repository candidate interface org.pinggu.portforu.domain.portfolio.repository.PortfolioRepository; If you want this repository to be a Elasticsearch repository, consider annotating your entities with one of these annotations: org.springframework.data.elasticsearch.annotations.Document (preferred), or consider extending one of the following types with your repository: org.springframework.data.elasticsearch.repository.ElasticsearchRepository
2025-04-25T14:55:50.650+09:00  INFO 13272 --- [portforu] [main] .RepositoryConfigurationExtensionSupport : Spring Data Elasticsearch - Could not safely identify store assignment for repository candidate interface org.pinggu.portforu.domain.portfolio.repository.UploadedFileRepository; If you want this repository to be a Elasticsearch repository, consider annotating your entities with one of these annotations: org.springframework.data.elasticsearch.annotations.Document (preferred), or consider extending one of the following types with your repository: org.springframework.data.elasticsearch.repository.ElasticsearchRepository
2025-04-25T14:55:50.650+09:00  INFO 13272 --- [portforu] [main] .RepositoryConfigurationExtensionSupport : Spring Data Elasticsearch - Could not safely identify store assignment for repository candidate interface org.pinggu.portforu.domain.scrap.repository.ScrapRepository; If you want this repository to be a Elasticsearch repository, consider annotating your entities with one of these annotations: org.springframework.data.elasticsearch.annotations.Document (preferred), or consider extending one of the following types with your repository: org.springframework.data.elasticsearch.repository.ElasticsearchRepository
2025-04-25T14:55:50.650+09:00  INFO 13272 --- [portforu] [main] .RepositoryConfigurationExtensionSupport : Spring Data Elasticsearch - Could not safely identify store assignment for repository candidate interface org.pinggu.portforu.domain.subscribe.repository.SubscribeRepository; If you want this repository to be a Elasticsearch repository, consider annotating your entities with one of these annotations: org.springframework.data.elasticsearch.annotations.Document (preferred), or consider extending one of the following types with your repository: org.springframework.data.elasticsearch.repository.ElasticsearchRepository
2025-04-25T14:55:50.658+09:00  INFO 13272 --- [portforu] [main] .s.d.r.c.RepositoryConfigurationDelegate : Finished Spring Data repository scanning in 81 ms. Found 1 Elasticsearch repository interface.
2025-04-25T14:55:50.660+09:00  INFO 13272 --- [portforu] [main] .s.d.r.c.RepositoryConfigurationDelegate : Multiple Spring Data modules found, entering strict repository configuration mode
2025-04-25T14:55:50.661+09:00  INFO 13272 --- [portforu] [main] .s.d.r.c.RepositoryConfigurationDelegate : Bootstrapping Spring Data Reactive Elasticsearch repositories in DEFAULT mode.
2025-04-25T14:55:50.665+09:00  INFO 13272 --- [portforu] [main] .RepositoryConfigurationExtensionSupport : Spring Data Reactive Elasticsearch - Could not safely identify store assignment for repository candidate interface org.pinggu.portforu.domain.auth.repository.RefreshTokenRepository; If you want this repository to be a Reactive Elasticsearch repository, consider annotating your entities with one of these annotations: org.springframework.data.elasticsearch.annotations.Document (preferred), or consider extending one of the following types with your repository: org.springframework.data.elasticsearch.repository.ReactiveElasticsearchRepository
2025-04-25T14:55:50.665+09:00  INFO 13272 --- [portforu] [main] .RepositoryConfigurationExtensionSupport : Spring Data Reactive Elasticsearch - Could not safely identify store assignment for repository candidate interface org.pinggu.portforu.domain.comment.repository.CommentRepository; If you want this repository to be a Reactive Elasticsearch repository, consider annotating your entities with one of these annotations: org.springframework.data.elasticsearch.annotations.Document (preferred), or consider extending one of the following types with your repository: org.springframework.data.elasticsearch.repository.ReactiveElasticsearchRepository
2025-04-25T14:55:50.666+09:00  INFO 13272 --- [portforu] [main] .RepositoryConfigurationExtensionSupport : Spring Data Reactive Elasticsearch - Could not safely identify store assignment for repository candidate interface org.pinggu.portforu.domain.jobposting.repository.JobPostingRepository; If you want this repository to be a Reactive Elasticsearch repository, consider annotating your entities with one of these annotations: org.springframework.data.elasticsearch.annotations.Document (preferred), or consider extending one of the following types with your repository: org.springframework.data.elasticsearch.repository.ReactiveElasticsearchRepository
2025-04-25T14:55:50.666+09:00  INFO 13272 --- [portforu] [main] .RepositoryConfigurationExtensionSupport : Spring Data Reactive Elasticsearch - Could not safely identify store assignment for repository candidate interface org.pinggu.portforu.domain.member.repository.MemberRepository; If you want this repository to be a Reactive Elasticsearch repository, consider annotating your entities with one of these annotations: org.springframework.data.elasticsearch.annotations.Document (preferred), or consider extending one of the following types with your repository: org.springframework.data.elasticsearch.repository.ReactiveElasticsearchRepository
2025-04-25T14:55:50.666+09:00  INFO 13272 --- [portforu] [main] .RepositoryConfigurationExtensionSupport : Spring Data Reactive Elasticsearch - Could not safely identify store assignment for repository candidate interface org.pinggu.portforu.domain.membership.repository.MembershipRepository; If you want this repository to be a Reactive Elasticsearch repository, consider annotating your entities with one of these annotations: org.springframework.data.elasticsearch.annotations.Document (preferred), or consider extending one of the following types with your repository: org.springframework.data.elasticsearch.repository.ReactiveElasticsearchRepository
2025-04-25T14:55:50.666+09:00  INFO 13272 --- [portforu] [main] .RepositoryConfigurationExtensionSupport : Spring Data Reactive Elasticsearch - Could not safely identify store assignment for repository candidate interface org.pinggu.portforu.domain.payment.repository.PaymentRepository; If you want this repository to be a Reactive Elasticsearch repository, consider annotating your entities with one of these annotations: org.springframework.data.elasticsearch.annotations.Document (preferred), or consider extending one of the following types with your repository: org.springframework.data.elasticsearch.repository.ReactiveElasticsearchRepository
2025-04-25T14:55:50.667+09:00  INFO 13272 --- [portforu] [main] .RepositoryConfigurationExtensionSupport : Spring Data Reactive Elasticsearch - Could not safely identify store assignment for repository candidate interface org.pinggu.portforu.domain.portfolio.repository.PortfolioRepository; If you want this repository to be a Reactive Elasticsearch repository, consider annotating your entities with one of these annotations: org.springframework.data.elasticsearch.annotations.Document (preferred), or consider extending one of the following types with your repository: org.springframework.data.elasticsearch.repository.ReactiveElasticsearchRepository
2025-04-25T14:55:50.667+09:00  INFO 13272 --- [portforu] [main] .RepositoryConfigurationExtensionSupport : Spring Data Reactive Elasticsearch - Could not safely identify store assignment for repository candidate interface org.pinggu.portforu.domain.portfolio.repository.UploadedFileRepository; If you want this repository to be a Reactive Elasticsearch repository, consider annotating your entities with one of these annotations: org.springframework.data.elasticsearch.annotations.Document (preferred), or consider extending one of the following types with your repository: org.springframework.data.elasticsearch.repository.ReactiveElasticsearchRepository
2025-04-25T14:55:50.667+09:00  INFO 13272 --- [portforu] [main] .RepositoryConfigurationExtensionSupport : Spring Data Reactive Elasticsearch - Could not safely identify store assignment for repository candidate interface org.pinggu.portforu.domain.scrap.repository.ScrapRepository; If you want this repository to be a Reactive Elasticsearch repository, consider annotating your entities with one of these annotations: org.springframework.data.elasticsearch.annotations.Document (preferred), or consider extending one of the following types with your repository: org.springframework.data.elasticsearch.repository.ReactiveElasticsearchRepository
2025-04-25T14:55:50.667+09:00  INFO 13272 --- [portforu] [main] .RepositoryConfigurationExtensionSupport : Spring Data Reactive Elasticsearch - Could not safely identify store assignment for repository candidate interface org.pinggu.portforu.domain.subscribe.repository.SubscribeRepository; If you want this repository to be a Reactive Elasticsearch repository, consider annotating your entities with one of these annotations: org.springframework.data.elasticsearch.annotations.Document (preferred), or consider extending one of the following types with your repository: org.springframework.data.elasticsearch.repository.ReactiveElasticsearchRepository
2025-04-25T14:55:50.667+09:00  INFO 13272 --- [portforu] [main] .s.d.r.c.RepositoryConfigurationDelegate : Finished Spring Data repository scanning in 5 ms. Found 0 Reactive Elasticsearch repository interfaces.
2025-04-25T14:55:50.670+09:00  INFO 13272 --- [portforu] [main] .s.d.r.c.RepositoryConfigurationDelegate : Multiple Spring Data modules found, entering strict repository configuration mode
2025-04-25T14:55:50.670+09:00  INFO 13272 --- [portforu] [main] .s.d.r.c.RepositoryConfigurationDelegate : Bootstrapping Spring Data JPA repositories in DEFAULT mode.
2025-04-25T14:55:50.678+09:00  INFO 13272 --- [portforu] [main] .RepositoryConfigurationExtensionSupport : Spring Data JPA - Could not safely identify store assignment for repository candidate interface org.pinggu.portforu.domain.jobposting.elastic.repository.JobPostingSearchRepository; If you want this repository to be a JPA repository, consider annotating your entities with one of these annotations: jakarta.persistence.Entity, jakarta.persistence.MappedSuperclass (preferred), or consider extending one of the following types with your repository: org.springframework.data.jpa.repository.JpaRepository
2025-04-25T14:55:50.686+09:00  INFO 13272 --- [portforu] [main] .s.d.r.c.RepositoryConfigurationDelegate : Finished Spring Data repository scanning in 12 ms. Found 10 JPA repository interfaces.
2025-04-25T14:55:50.693+09:00  INFO 13272 --- [portforu] [main] .s.d.r.c.RepositoryConfigurationDelegate : Multiple Spring Data modules found, entering strict repository configuration mode
2025-04-25T14:55:50.693+09:00  INFO 13272 --- [portforu] [main] .s.d.r.c.RepositoryConfigurationDelegate : Bootstrapping Spring Data Redis repositories in DEFAULT mode.
2025-04-25T14:55:50.701+09:00  INFO 13272 --- [portforu] [main] .RepositoryConfigurationExtensionSupport : Spring Data Redis - Could not safely identify store assignment for repository candidate interface org.pinggu.portforu.domain.auth.repository.RefreshTokenRepository; If you want this repository to be a Redis repository, consider annotating your entities with one of these annotations: org.springframework.data.redis.core.RedisHash (preferred), or consider extending one of the following types with your repository: org.springframework.data.keyvalue.repository.KeyValueRepository
2025-04-25T14:55:50.701+09:00  INFO 13272 --- [portforu] [main] .RepositoryConfigurationExtensionSupport : Spring Data Redis - Could not safely identify store assignment for repository candidate interface org.pinggu.portforu.domain.comment.repository.CommentRepository; If you want this repository to be a Redis repository, consider annotating your entities with one of these annotations: org.springframework.data.redis.core.RedisHash (preferred), or consider extending one of the following types with your repository: org.springframework.data.keyvalue.repository.KeyValueRepository
2025-04-25T14:55:50.701+09:00  INFO 13272 --- [portforu] [main] .RepositoryConfigurationExtensionSupport : Spring Data Redis - Could not safely identify store assignment for repository candidate interface org.pinggu.portforu.domain.jobposting.elastic.repository.JobPostingSearchRepository; If you want this repository to be a Redis repository, consider annotating your entities with one of these annotations: org.springframework.data.redis.core.RedisHash (preferred), or consider extending one of the following types with your repository: org.springframework.data.keyvalue.repository.KeyValueRepository
2025-04-25T14:55:50.701+09:00  INFO 13272 --- [portforu] [main] .RepositoryConfigurationExtensionSupport : Spring Data Redis - Could not safely identify store assignment for repository candidate interface org.pinggu.portforu.domain.jobposting.repository.JobPostingRepository; If you want this repository to be a Redis repository, consider annotating your entities with one of these annotations: org.springframework.data.redis.core.RedisHash (preferred), or consider extending one of the following types with your repository: org.springframework.data.keyvalue.repository.KeyValueRepository
2025-04-25T14:55:50.701+09:00  INFO 13272 --- [portforu] [main] .RepositoryConfigurationExtensionSupport : Spring Data Redis - Could not safely identify store assignment for repository candidate interface org.pinggu.portforu.domain.member.repository.MemberRepository; If you want this repository to be a Redis repository, consider annotating your entities with one of these annotations: org.springframework.data.redis.core.RedisHash (preferred), or consider extending one of the following types with your repository: org.springframework.data.keyvalue.repository.KeyValueRepository
2025-04-25T14:55:50.701+09:00  INFO 13272 --- [portforu] [main] .RepositoryConfigurationExtensionSupport : Spring Data Redis - Could not safely identify store assignment for repository candidate interface org.pinggu.portforu.domain.membership.repository.MembershipRepository; If you want this repository to be a Redis repository, consider annotating your entities with one of these annotations: org.springframework.data.redis.core.RedisHash (preferred), or consider extending one of the following types with your repository: org.springframework.data.keyvalue.repository.KeyValueRepository
2025-04-25T14:55:50.701+09:00  INFO 13272 --- [portforu] [main] .RepositoryConfigurationExtensionSupport : Spring Data Redis - Could not safely identify store assignment for repository candidate interface org.pinggu.portforu.domain.payment.repository.PaymentRepository; If you want this repository to be a Redis repository, consider annotating your entities with one of these annotations: org.springframework.data.redis.core.RedisHash (preferred), or consider extending one of the following types with your repository: org.springframework.data.keyvalue.repository.KeyValueRepository
2025-04-25T14:55:50.701+09:00  INFO 13272 --- [portforu] [main] .RepositoryConfigurationExtensionSupport : Spring Data Redis - Could not safely identify store assignment for repository candidate interface org.pinggu.portforu.domain.portfolio.repository.PortfolioRepository; If you want this repository to be a Redis repository, consider annotating your entities with one of these annotations: org.springframework.data.redis.core.RedisHash (preferred), or consider extending one of the following types with your repository: org.springframework.data.keyvalue.repository.KeyValueRepository
2025-04-25T14:55:50.701+09:00  INFO 13272 --- [portforu] [main] .RepositoryConfigurationExtensionSupport : Spring Data Redis - Could not safely identify store assignment for repository candidate interface org.pinggu.portforu.domain.portfolio.repository.UploadedFileRepository; If you want this repository to be a Redis repository, consider annotating your entities with one of these annotations: org.springframework.data.redis.core.RedisHash (preferred), or consider extending one of the following types with your repository: org.springframework.data.keyvalue.repository.KeyValueRepository
2025-04-25T14:55:50.701+09:00  INFO 13272 --- [portforu] [main] .RepositoryConfigurationExtensionSupport : Spring Data Redis - Could not safely identify store assignment for repository candidate interface org.pinggu.portforu.domain.scrap.repository.ScrapRepository; If you want this repository to be a Redis repository, consider annotating your entities with one of these annotations: org.springframework.data.redis.core.RedisHash (preferred), or consider extending one of the following types with your repository: org.springframework.data.keyvalue.repository.KeyValueRepository
2025-04-25T14:55:50.701+09:00  INFO 13272 --- [portforu] [main] .RepositoryConfigurationExtensionSupport : Spring Data Redis - Could not safely identify store assignment for repository candidate interface org.pinggu.portforu.domain.subscribe.repository.SubscribeRepository; If you want this repository to be a Redis repository, consider annotating your entities with one of these annotations: org.springframework.data.redis.core.RedisHash (preferred), or consider extending one of the following types with your repository: org.springframework.data.keyvalue.repository.KeyValueRepository
2025-04-25T14:55:50.702+09:00  INFO 13272 --- [portforu] [main] .s.d.r.c.RepositoryConfigurationDelegate : Finished Spring Data repository scanning in 4 ms. Found 0 Redis repository interfaces.
2025-04-25T14:55:51.128+09:00  INFO 13272 --- [portforu] [main] o.s.b.w.embedded.tomcat.TomcatWebServer  : Tomcat initialized with port 8080 (http)
2025-04-25T14:55:51.137+09:00  INFO 13272 --- [portforu] [main] o.apache.catalina.core.StandardService   : Starting service [Tomcat]
2025-04-25T14:55:51.137+09:00  INFO 13272 --- [portforu] [main] o.apache.catalina.core.StandardEngine    : Starting Servlet engine: [Apache Tomcat/10.1.39]
2025-04-25T14:55:51.173+09:00  INFO 13272 --- [portforu] [main] o.a.c.c.C.[Tomcat].[localhost].[/]       : Initializing Spring embedded WebApplicationContext
2025-04-25T14:55:51.173+09:00  INFO 13272 --- [portforu] [main] w.s.c.ServletWebServerApplicationContext : Root WebApplicationContext: initialization completed in 990 ms
2025-04-25T14:55:51.285+09:00  INFO 13272 --- [portforu] [main] o.hibernate.jpa.internal.util.LogHelper  : HHH000204: Processing PersistenceUnitInfo [name: default]
2025-04-25T14:55:51.319+09:00  INFO 13272 --- [portforu] [main] org.hibernate.Version                    : HHH000412: Hibernate ORM core version 6.6.11.Final
2025-04-25T14:55:51.337+09:00  INFO 13272 --- [portforu] [main] o.h.c.internal.RegionFactoryInitiator    : HHH000026: Second-level cache disabled
2025-04-25T14:55:51.549+09:00  INFO 13272 --- [portforu] [main] o.s.o.j.p.SpringPersistenceUnitInfo      : No LoadTimeWeaver setup: ignoring JPA class transformer
2025-04-25T14:55:51.567+09:00  INFO 13272 --- [portforu] [main] com.zaxxer.hikari.HikariDataSource       : HikariPool-1 - Starting...
2025-04-25T14:55:51.724+09:00  INFO 13272 --- [portforu] [main] com.zaxxer.hikari.pool.HikariPool        : HikariPool-1 - Added connection com.mysql.cj.jdbc.ConnectionImpl@7bdf94f2
2025-04-25T14:55:51.725+09:00  INFO 13272 --- [portforu] [main] com.zaxxer.hikari.HikariDataSource       : HikariPool-1 - Start completed.
2025-04-25T14:55:51.793+09:00  INFO 13272 --- [portforu] [main] org.hibernate.orm.connections.pooling    : HHH10001005: Database info:
	Database JDBC URL [Connecting through datasource 'HikariDataSource (HikariPool-1)']
	Database driver: undefined/unknown
	Database version: 9.2
	Autocommit mode: undefined/unknown
	Isolation level: undefined/unknown
	Minimum pool size: undefined/unknown
	Maximum pool size: undefined/unknown
2025-04-25T14:55:52.475+09:00  INFO 13272 --- [portforu] [main] o.h.e.t.j.p.i.JtaPlatformInitiator       : HHH000489: No JTA platform available (set 'hibernate.transaction.jta.platform' to enable JTA platform integration)
2025-04-25T14:55:52.481+09:00 DEBUG 13272 --- [portforu] [main] org.hibernate.SQL                        : 
    alter table comments 
       drop 
       foreign key FKkv22t54g17a6hvj7hbn6byh5s
2025-04-25T14:55:52.501+09:00 DEBUG 13272 --- [portforu] [main] org.hibernate.SQL                        : 
    alter table comments 
       drop 
       foreign key FK5cwxj0hna6dqmgdwwh8jsncln
2025-04-25T14:55:52.508+09:00 DEBUG 13272 --- [portforu] [main] org.hibernate.SQL                        : 
    alter table payments 
       drop 
       foreign key FKb1214sjecn8nd2f1b0shp3lpo
2025-04-25T14:55:52.511+09:00 DEBUG 13272 --- [portforu] [main] org.hibernate.SQL                        : 
    alter table portfolios 
       drop 
       foreign key FKonyc71oyvfe6f7u5ut93hwfbf
2025-04-25T14:55:52.514+09:00 DEBUG 13272 --- [portforu] [main] org.hibernate.SQL                        : 
    alter table scraps 
       drop 
       foreign key FKmqtt9v6pl7qy7jglcin8bcmkm
2025-04-25T14:55:52.518+09:00 DEBUG 13272 --- [portforu] [main] org.hibernate.SQL                        : 
    alter table scraps 
       drop 
       foreign key FKhe5gvk4bvdo4b68mtxueq0wot
2025-04-25T14:55:52.520+09:00 DEBUG 13272 --- [portforu] [main] org.hibernate.SQL                        : 
    alter table subscribes 
       drop 
       foreign key FK1ll7f1tjs7lt3xiqfcbrfmdum
2025-04-25T14:55:52.523+09:00 DEBUG 13272 --- [portforu] [main] org.hibernate.SQL                        : 
    alter table subscribes 
       drop 
       foreign key FKhnsopwrnsd8c21915rj71d2jx
2025-04-25T14:55:52.527+09:00 DEBUG 13272 --- [portforu] [main] org.hibernate.SQL                        : 
    drop table if exists comments
2025-04-25T14:55:52.529+09:00 DEBUG 13272 --- [portforu] [main] org.hibernate.SQL                        : 
    drop table if exists job_postings
2025-04-25T14:55:52.532+09:00 DEBUG 13272 --- [portforu] [main] org.hibernate.SQL                        : 
    drop table if exists members
2025-04-25T14:55:52.534+09:00 DEBUG 13272 --- [portforu] [main] org.hibernate.SQL                        : 
    drop table if exists memberships
2025-04-25T14:55:52.535+09:00 DEBUG 13272 --- [portforu] [main] org.hibernate.SQL                        : 
    drop table if exists payments
2025-04-25T14:55:52.537+09:00 DEBUG 13272 --- [portforu] [main] org.hibernate.SQL                        : 
    drop table if exists portfolios
2025-04-25T14:55:52.539+09:00 DEBUG 13272 --- [portforu] [main] org.hibernate.SQL                        : 
    drop table if exists refresh_token
2025-04-25T14:55:52.542+09:00 DEBUG 13272 --- [portforu] [main] org.hibernate.SQL                        : 
    drop table if exists scraps
2025-04-25T14:55:52.543+09:00 DEBUG 13272 --- [portforu] [main] org.hibernate.SQL                        : 
    drop table if exists subscribes
2025-04-25T14:55:52.545+09:00 DEBUG 13272 --- [portforu] [main] org.hibernate.SQL                        : 
    drop table if exists uploaded_file
2025-04-25T14:55:52.550+09:00 DEBUG 13272 --- [portforu] [main] org.hibernate.SQL                        : 
    create table comments (
        is_deleted bit not null,
        created_at datetime(6),
        id bigint not null auto_increment,
        member_id bigint not null,
        portfolio_id bigint not null,
        updated_at datetime(6),
        content varchar(255) not null,
        primary key (id)
    ) engine=InnoDB
2025-04-25T14:55:52.554+09:00 DEBUG 13272 --- [portforu] [main] org.hibernate.SQL                        : 
    create table job_postings (
        is_deleted bit not null,
        max_experience_years integer,
        min_experience_years integer,
        created_at datetime(6),
        hiring_end_at datetime(6),
        hiring_start_at datetime(6),
        id bigint not null auto_increment,
        updated_at datetime(6),
        company varchar(255) not null,
        duty varchar(255) not null,
        education_level varchar(255) not null,
        employment_type varchar(255) not null,
        experience_years varchar(255) not null,
        key_abilities varchar(255) not null,
        link varchar(255) not null,
        location varchar(255) not null,
        salary varchar(255) not null,
        skills varchar(255),
        title varchar(255) not null,
        primary key (id)
    ) engine=InnoDB
2025-04-25T14:55:52.559+09:00 DEBUG 13272 --- [portforu] [main] org.hibernate.SQL                        : 
    create table members (
        is_deleted bit not null,
        view_count integer not null,
        created_at datetime(6),
        id bigint not null auto_increment,
        updated_at datetime(6),
        phone_number varchar(30) not null,
        name varchar(50) not null,
        password varchar(60) not null,
        email varchar(100) not null,
        address varchar(255) not null,
        provider varchar(255),
        user_role enum ('ROLE_ADMIN','ROLE_USER') not null,
        primary key (id)
    ) engine=InnoDB
2025-04-25T14:55:52.563+09:00 DEBUG 13272 --- [portforu] [main] org.hibernate.SQL                        : 
    create table memberships (
        is_deleted bit not null,
        price integer not null,
        quantity integer not null,
        year integer not null,
        created_at datetime(6),
        id bigint not null auto_increment,
        updated_at datetime(6),
        name varchar(50) not null,
        primary key (id)
    ) engine=InnoDB
2025-04-25T14:55:52.568+09:00 DEBUG 13272 --- [portforu] [main] org.hibernate.SQL                        : 
    create table payments (
        is_deleted bit not null,
        created_at datetime(6),
        id bigint not null auto_increment,
        subscribe_id bigint not null,
        updated_at datetime(6),
        payment_key varchar(255),
        payment_method enum ('ACCOUNT_TRANSFER','BOOK_GIFT','CARD','CULTURE_GIFT','GAME_GIFT','MOBILE_PHONE','TOSS_PAY','UNKNOWN','VIRTUAL_ACCOUNT'),
        status enum ('CANCELED','COMPLETED','EXPIRED','FAILED','PENDING'),
        primary key (id)
    ) engine=InnoDB
2025-04-25T14:55:52.571+09:00 DEBUG 13272 --- [portforu] [main] org.hibernate.SQL                        : 
    create table portfolios (
        is_deleted bit not null,
        views integer not null,
        created_at datetime(6),
        id bigint not null auto_increment,
        member_id bigint not null,
        updated_at datetime(6),
        title varchar(50) not null,
        file_url varchar(500),
        description TEXT not null,
        primary key (id)
    ) engine=InnoDB
2025-04-25T14:55:52.574+09:00 DEBUG 13272 --- [portforu] [main] org.hibernate.SQL                        : 
    create table refresh_token (
        member_id bigint not null,
        token varchar(512) not null,
        primary key (member_id)
    ) engine=InnoDB
2025-04-25T14:55:52.577+09:00 DEBUG 13272 --- [portforu] [main] org.hibernate.SQL                        : 
    create table scraps (
        is_deleted bit not null,
        created_at datetime(6),
        id bigint not null auto_increment,
        job_posting_id bigint not null,
        member_id bigint not null,
        updated_at datetime(6),
        primary key (id)
    ) engine=InnoDB
2025-04-25T14:55:52.579+09:00 DEBUG 13272 --- [portforu] [main] org.hibernate.SQL                        : 
    create table subscribes (
        is_deleted bit not null,
        created_at datetime(6),
        end_date datetime(6) not null,
        id bigint not null auto_increment,
        member_id bigint not null,
        membership_id bigint not null,
        start_date datetime(6) not null,
        updated_at datetime(6),
        status enum ('ACTIVE','CANCELED','EXPIRED','FAILED','PENDING') not null,
        primary key (id)
    ) engine=InnoDB
2025-04-25T14:55:52.581+09:00 DEBUG 13272 --- [portforu] [main] org.hibernate.SQL                        : 
    create table uploaded_file (
        used bit not null,
        created_at datetime(6),
        id bigint not null auto_increment,
        file_url varchar(255),
        primary key (id)
    ) engine=InnoDB
2025-04-25T14:55:52.584+09:00 DEBUG 13272 --- [portforu] [main] org.hibernate.SQL                        : 
    alter table job_postings 
       add constraint UKrctqiu9lyyeym768nw1b25ic7 unique (link)
2025-04-25T14:55:52.588+09:00 DEBUG 13272 --- [portforu] [main] org.hibernate.SQL                        : 
    alter table members 
       add constraint UK9d30a9u1qpg8eou0otgkwrp5d unique (email)
2025-04-25T14:55:52.592+09:00 DEBUG 13272 --- [portforu] [main] org.hibernate.SQL                        : 
    alter table payments 
       add constraint UKt2i4hg2yv378mnognr5r20ukw unique (subscribe_id)
2025-04-25T14:55:52.595+09:00 DEBUG 13272 --- [portforu] [main] org.hibernate.SQL                        : 
    alter table comments 
       add constraint FKkv22t54g17a6hvj7hbn6byh5s 
       foreign key (member_id) 
       references members (id)
2025-04-25T14:55:52.600+09:00 DEBUG 13272 --- [portforu] [main] org.hibernate.SQL                        : 
    alter table comments 
       add constraint FK5cwxj0hna6dqmgdwwh8jsncln 
       foreign key (portfolio_id) 
       references portfolios (id)
2025-04-25T14:55:52.608+09:00 DEBUG 13272 --- [portforu] [main] org.hibernate.SQL                        : 
    alter table payments 
       add constraint FKb1214sjecn8nd2f1b0shp3lpo 
       foreign key (subscribe_id) 
       references subscribes (id)
2025-04-25T14:55:52.614+09:00 DEBUG 13272 --- [portforu] [main] org.hibernate.SQL                        : 
    alter table portfolios 
       add constraint FKonyc71oyvfe6f7u5ut93hwfbf 
       foreign key (member_id) 
       references members (id)
2025-04-25T14:55:52.624+09:00 DEBUG 13272 --- [portforu] [main] org.hibernate.SQL                        : 
    alter table scraps 
       add constraint FKmqtt9v6pl7qy7jglcin8bcmkm 
       foreign key (job_posting_id) 
       references job_postings (id)
2025-04-25T14:55:52.630+09:00 DEBUG 13272 --- [portforu] [main] org.hibernate.SQL                        : 
    alter table scraps 
       add constraint FKhe5gvk4bvdo4b68mtxueq0wot 
       foreign key (member_id) 
       references members (id)
2025-04-25T14:55:52.636+09:00 DEBUG 13272 --- [portforu] [main] org.hibernate.SQL                        : 
    alter table subscribes 
       add constraint FK1ll7f1tjs7lt3xiqfcbrfmdum 
       foreign key (member_id) 
       references members (id)
2025-04-25T14:55:52.643+09:00 DEBUG 13272 --- [portforu] [main] org.hibernate.SQL                        : 
    alter table subscribes 
       add constraint FKhnsopwrnsd8c21915rj71d2jx 
       foreign key (membership_id) 
       references memberships (id)
2025-04-25T14:55:52.653+09:00  INFO 13272 --- [portforu] [main] j.LocalContainerEntityManagerFactoryBean : Initialized JPA EntityManagerFactory for persistence unit 'default'
2025-04-25T14:55:52.858+09:00  INFO 13272 --- [portforu] [main] o.s.d.j.r.query.QueryEnhancerFactory     : Hibernate is in classpath; If applicable, HQL parser will be used.
2025-04-25T14:55:53.554+09:00  WARN 13272 --- [portforu] [main] com.amazonaws.util.VersionInfoUtils      : The AWS SDK for Java 1.x entered maintenance mode starting July 31, 2024 and will reach end of support on December 31, 2025. For more information, see https://aws.amazon.com/blogs/developer/the-aws-sdk-for-java-1-x-is-in-maintenance-mode-effective-july-31-2024/
You can print where on the file system the AWS SDK for Java 1.x core runtime is located by setting the AWS_JAVA_V1_PRINT_LOCATION environment variable or aws.java.v1.printLocation system property to 'true'.
This message can be disabled by setting the AWS_JAVA_V1_DISABLE_DEPRECATION_ANNOUNCEMENT environment variable or aws.java.v1.disableDeprecationAnnouncement system property to 'true'.
The AWS SDK for Java 1.x is being used here:
at java.base/java.lang.Thread.getStackTrace(Thread.java:1619)
at com.amazonaws.util.VersionInfoUtils.printDeprecationAnnouncement(VersionInfoUtils.java:81)
at com.amazonaws.util.VersionInfoUtils.<clinit>(VersionInfoUtils.java:59)
at com.amazonaws.internal.EC2ResourceFetcher.<clinit>(EC2ResourceFetcher.java:44)
at com.amazonaws.auth.InstanceMetadataServiceCredentialsFetcher.<init>(InstanceMetadataServiceCredentialsFetcher.java:38)
at com.amazonaws.auth.InstanceProfileCredentialsProvider.<init>(InstanceProfileCredentialsProvider.java:111)
at com.amazonaws.auth.InstanceProfileCredentialsProvider.<init>(InstanceProfileCredentialsProvider.java:91)
at com.amazonaws.auth.InstanceProfileCredentialsProvider.<init>(InstanceProfileCredentialsProvider.java:75)
at com.amazonaws.auth.InstanceProfileCredentialsProvider.<clinit>(InstanceProfileCredentialsProvider.java:58)
at com.amazonaws.auth.EC2ContainerCredentialsProviderWrapper.initializeProvider(EC2ContainerCredentialsProviderWrapper.java:66)
at com.amazonaws.auth.EC2ContainerCredentialsProviderWrapper.<init>(EC2ContainerCredentialsProviderWrapper.java:55)
at com.amazonaws.auth.DefaultAWSCredentialsProviderChain.<init>(DefaultAWSCredentialsProviderChain.java:60)
at com.amazonaws.auth.DefaultAWSCredentialsProviderChain.<clinit>(DefaultAWSCredentialsProviderChain.java:54)
at com.amazonaws.services.s3.AmazonS3ClientBuilder.standard(AmazonS3ClientBuilder.java:46)
at org.pinggu.portforu.config.S3Config.amazonS3(S3Config.java:26)
at org.pinggu.portforu.config.S3Config$$SpringCGLIB$$0.CGLIB$amazonS3$0(<generated>)
at org.pinggu.portforu.config.S3Config$$SpringCGLIB$$FastClass$$1.invoke(<generated>)
at org.springframework.cglib.proxy.MethodProxy.invokeSuper(MethodProxy.java:258)
at org.springframework.context.annotation.ConfigurationClassEnhancer$BeanMethodInterceptor.intercept(ConfigurationClassEnhancer.java:370)
at org.pinggu.portforu.config.S3Config$$SpringCGLIB$$0.amazonS3(<generated>)
at java.base/jdk.internal.reflect.NativeMethodAccessorImpl.invoke0(Native Method)
at java.base/jdk.internal.reflect.NativeMethodAccessorImpl.invoke(NativeMethodAccessorImpl.java:77)
at java.base/jdk.internal.reflect.DelegatingMethodAccessorImpl.invoke(DelegatingMethodAccessorImpl.java:43)
at java.base/java.lang.reflect.Method.invoke(Method.java:569)
at org.springframework.beans.factory.support.SimpleInstantiationStrategy.lambda$instantiate$0(SimpleInstantiationStrategy.java:171)
at org.springframework.beans.factory.support.SimpleInstantiationStrategy.instantiateWithFactoryMethod(SimpleInstantiationStrategy.java:88)
at org.springframework.beans.factory.support.SimpleInstantiationStrategy.instantiate(SimpleInstantiationStrategy.java:168)
at org.springframework.beans.factory.support.ConstructorResolver.instantiate(ConstructorResolver.java:653)
at org.springframework.beans.factory.support.ConstructorResolver.instantiateUsingFactoryMethod(ConstructorResolver.java:489)
at org.springframework.beans.factory.support.AbstractAutowireCapableBeanFactory.instantiateUsingFactoryMethod(AbstractAutowireCapableBeanFactory.java:1361)
at org.springframework.beans.factory.support.AbstractAutowireCapableBeanFactory.createBeanInstance(AbstractAutowireCapableBeanFactory.java:1191)
at org.springframework.beans.factory.support.AbstractAutowireCapableBeanFactory.doCreateBean(AbstractAutowireCapableBeanFactory.java:563)
at org.springframework.beans.factory.support.AbstractAutowireCapableBeanFactory.createBean(AbstractAutowireCapableBeanFactory.java:523)
at org.springframework.beans.factory.support.AbstractBeanFactory.lambda$doGetBean$0(AbstractBeanFactory.java:339)
at org.springframework.beans.factory.support.DefaultSingletonBeanRegistry.getSingleton(DefaultSingletonBeanRegistry.java:347)
at org.springframework.beans.factory.support.AbstractBeanFactory.doGetBean(AbstractBeanFactory.java:337)
at org.springframework.beans.factory.support.AbstractBeanFactory.getBean(AbstractBeanFactory.java:202)
at org.springframework.beans.factory.support.DefaultListableBeanFactory.doResolveDependency(DefaultListableBeanFactory.java:1609)
at org.springframework.beans.factory.support.DefaultListableBeanFactory.resolveDependency(DefaultListableBeanFactory.java:1555)
at org.springframework.beans.factory.support.ConstructorResolver.resolveAutowiredArgument(ConstructorResolver.java:913)
at org.springframework.beans.factory.support.ConstructorResolver.createArgumentArray(ConstructorResolver.java:791)
at org.springframework.beans.factory.support.ConstructorResolver.autowireConstructor(ConstructorResolver.java:240)
at org.springframework.beans.factory.support.AbstractAutowireCapableBeanFactory.autowireConstructor(AbstractAutowireCapableBeanFactory.java:1381)
at org.springframework.beans.factory.support.AbstractAutowireCapableBeanFactory.createBeanInstance(AbstractAutowireCapableBeanFactory.java:1218)
at org.springframework.beans.factory.support.AbstractAutowireCapableBeanFactory.doCreateBean(AbstractAutowireCapableBeanFactory.java:563)
at org.springframework.beans.factory.support.AbstractAutowireCapableBeanFactory.createBean(AbstractAutowireCapableBeanFactory.java:523)
at org.springframework.beans.factory.support.AbstractBeanFactory.lambda$doGetBean$0(AbstractBeanFactory.java:339)
at org.springframework.beans.factory.support.DefaultSingletonBeanRegistry.getSingleton(DefaultSingletonBeanRegistry.java:347)
at org.springframework.beans.factory.support.AbstractBeanFactory.doGetBean(AbstractBeanFactory.java:337)
at org.springframework.beans.factory.support.AbstractBeanFactory.getBean(AbstractBeanFactory.java:202)
at org.springframework.beans.factory.support.DefaultListableBeanFactory.doResolveDependency(DefaultListableBeanFactory.java:1609)
at org.springframework.beans.factory.support.DefaultListableBeanFactory.resolveDependency(DefaultListableBeanFactory.java:1555)
at org.springframework.beans.factory.support.ConstructorResolver.resolveAutowiredArgument(ConstructorResolver.java:913)
at org.springframework.beans.factory.support.ConstructorResolver.createArgumentArray(ConstructorResolver.java:791)
at org.springframework.beans.factory.support.ConstructorResolver.autowireConstructor(ConstructorResolver.java:240)
at org.springframework.beans.factory.support.AbstractAutowireCapableBeanFactory.autowireConstructor(AbstractAutowireCapableBeanFactory.java:1381)
at org.springframework.beans.factory.support.AbstractAutowireCapableBeanFactory.createBeanInstance(AbstractAutowireCapableBeanFactory.java:1218)
at org.springframework.beans.factory.support.AbstractAutowireCapableBeanFactory.doCreateBean(AbstractAutowireCapableBeanFactory.java:563)
at org.springframework.beans.factory.support.AbstractAutowireCapableBeanFactory.createBean(AbstractAutowireCapableBeanFactory.java:523)
at org.springframework.beans.factory.support.AbstractBeanFactory.lambda$doGetBean$0(AbstractBeanFactory.java:339)
at org.springframework.beans.factory.support.DefaultSingletonBeanRegistry.getSingleton(DefaultSingletonBeanRegistry.java:347)
at org.springframework.beans.factory.support.AbstractBeanFactory.doGetBean(AbstractBeanFactory.java:337)
at org.springframework.beans.factory.support.AbstractBeanFactory.getBean(AbstractBeanFactory.java:202)
at org.springframework.beans.factory.support.DefaultListableBeanFactory.doResolveDependency(DefaultListableBeanFactory.java:1609)
at org.springframework.beans.factory.support.DefaultListableBeanFactory.resolveDependency(DefaultListableBeanFactory.java:1555)
at org.springframework.beans.factory.support.ConstructorResolver.resolveAutowiredArgument(ConstructorResolver.java:913)
at org.springframework.beans.factory.support.ConstructorResolver.createArgumentArray(ConstructorResolver.java:791)
at org.springframework.beans.factory.support.ConstructorResolver.autowireConstructor(ConstructorResolver.java:240)
at org.springframework.beans.factory.support.AbstractAutowireCapableBeanFactory.autowireConstructor(AbstractAutowireCapableBeanFactory.java:1381)
at org.springframework.beans.factory.support.AbstractAutowireCapableBeanFactory.createBeanInstance(AbstractAutowireCapableBeanFactory.java:1218)
at org.springframework.beans.factory.support.AbstractAutowireCapableBeanFactory.doCreateBean(AbstractAutowireCapableBeanFactory.java:563)
at org.springframework.beans.factory.support.AbstractAutowireCapableBeanFactory.createBean(AbstractAutowireCapableBeanFactory.java:523)
at org.springframework.beans.factory.support.AbstractBeanFactory.lambda$doGetBean$0(AbstractBeanFactory.java:339)
at org.springframework.beans.factory.support.DefaultSingletonBeanRegistry.getSingleton(DefaultSingletonBeanRegistry.java:347)
at org.springframework.beans.factory.support.AbstractBeanFactory.doGetBean(AbstractBeanFactory.java:337)
at org.springframework.beans.factory.support.AbstractBeanFactory.getBean(AbstractBeanFactory.java:202)
at org.springframework.beans.factory.support.DefaultListableBeanFactory.instantiateSingleton(DefaultListableBeanFactory.java:1155)
at org.springframework.beans.factory.support.DefaultListableBeanFactory.preInstantiateSingleton(DefaultListableBeanFactory.java:1121)
at org.springframework.beans.factory.support.DefaultListableBeanFactory.preInstantiateSingletons(DefaultListableBeanFactory.java:1056)
at org.springframework.context.support.AbstractApplicationContext.finishBeanFactoryInitialization(AbstractApplicationContext.java:987)
at org.springframework.context.support.AbstractApplicationContext.refresh(AbstractApplicationContext.java:627)
at org.springframework.boot.web.servlet.context.ServletWebServerApplicationContext.refresh(ServletWebServerApplicationContext.java:146)
at org.springframework.boot.SpringApplication.refresh(SpringApplication.java:752)
at org.springframework.boot.SpringApplication.refreshContext(SpringApplication.java:439)
at org.springframework.boot.SpringApplication.run(SpringApplication.java:318)
at org.springframework.boot.SpringApplication.run(SpringApplication.java:1361)
at org.springframework.boot.SpringApplication.run(SpringApplication.java:1350)
at org.pinggu.portforu.PortforuApplication.main(PortforuApplication.java:12)
2025-04-25T14:55:53.744+09:00  WARN 13272 --- [portforu] [main] JpaBaseConfiguration$JpaWebConfiguration : spring.jpa.open-in-view is enabled by default. Therefore, database queries may be performed during view rendering. Explicitly configure spring.jpa.open-in-view to disable this warning
2025-04-25T14:55:53.791+09:00 DEBUG 13272 --- [portforu] [main] swordEncoderAuthenticationManagerBuilder : No authenticationProviders and no parentAuthenticationManager defined. Returning null.
2025-04-25T14:55:53.936+09:00 DEBUG 13272 --- [portforu] [main] o.s.s.web.DefaultSecurityFilterChain     : Will secure any request with filters: DisableEncodeUrlFilter, WebAsyncManagerIntegrationFilter, SecurityContextHolderFilter, HeaderWriterFilter, OAuth2AuthorizationRequestRedirectFilter, OAuth2LoginAuthenticationFilter, DefaultResourcesFilter, DefaultLoginPageGeneratingFilter, RequestCacheAwareFilter, JwtAuthenticationFilter, SecurityContextHolderAwareRequestFilter, AnonymousAuthenticationFilter, SessionManagementFilter, ExceptionTranslationFilter, AuthorizationFilter
2025-04-25T14:55:54.261+09:00  INFO 13272 --- [portforu] [main] o.s.b.w.embedded.tomcat.TomcatWebServer  : Tomcat started on port 8080 (http) with context path '/'
2025-04-25T14:55:54.269+09:00  INFO 13272 --- [portforu] [main] o.pinggu.portforu.PortforuApplication    : Started PortforuApplication in 4.316 seconds (process running for 4.575)
2025-04-25T15:00:00.135+09:00 DEBUG 13272 --- [portforu] [scheduling-1] org.hibernate.SQL                        : 
    update
        subscribes s1_0 
    set
        status=? 
    where
        s1_0.status=? 
        and s1_0.end_date<? 
        and s1_0.is_deleted=0 
        and (
            s1_0.is_deleted = 0
        )
2025-04-25T15:00:00.138+09:00 DEBUG 13272 --- [portforu] [scheduling-2] org.hibernate.SQL                        : 
    select
        uf1_0.id,
        uf1_0.created_at,
        uf1_0.file_url,
        uf1_0.used 
    from
        uploaded_file uf1_0 
    where
        uf1_0.used=0 
        and uf1_0.created_at<?
2025-04-25T15:00:00.147+09:00  INFO 13272 --- [portforu] [scheduling-1] o.p.p.d.s.scheduler.SubscribeScheduler   : 만료된 구독 처리 완료 (벌크 업데이트): count=0
2025-04-25T17:27:29.215+09:00  INFO 21204 --- [portforu] [main] o.pinggu.portforu.PortforuApplication    : Starting PortforuApplication using Java 17.0.13 with PID 21204 (/Users/t2023-m0111/IdeaProjects/portforu/build/classes/java/main started by t2023-m0111 in /Users/t2023-m0111/IdeaProjects/portforu)
2025-04-25T17:27:29.216+09:00  INFO 21204 --- [portforu] [main] o.pinggu.portforu.PortforuApplication    : The following 1 profile is active: "local"
2025-04-25T17:27:29.697+09:00  INFO 21204 --- [portforu] [main] .s.d.r.c.RepositoryConfigurationDelegate : Multiple Spring Data modules found, entering strict repository configuration mode
2025-04-25T17:27:29.698+09:00  INFO 21204 --- [portforu] [main] .s.d.r.c.RepositoryConfigurationDelegate : Bootstrapping Spring Data Elasticsearch repositories in DEFAULT mode.
2025-04-25T17:27:29.721+09:00  INFO 21204 --- [portforu] [main] .RepositoryConfigurationExtensionSupport : Spring Data Elasticsearch - Could not safely identify store assignment for repository candidate interface org.pinggu.portforu.domain.auth.repository.RefreshTokenRepository; If you want this repository to be a Elasticsearch repository, consider annotating your entities with one of these annotations: org.springframework.data.elasticsearch.annotations.Document (preferred), or consider extending one of the following types with your repository: org.springframework.data.elasticsearch.repository.ElasticsearchRepository
2025-04-25T17:27:29.723+09:00  INFO 21204 --- [portforu] [main] .RepositoryConfigurationExtensionSupport : Spring Data Elasticsearch - Could not safely identify store assignment for repository candidate interface org.pinggu.portforu.domain.comment.repository.CommentRepository; If you want this repository to be a Elasticsearch repository, consider annotating your entities with one of these annotations: org.springframework.data.elasticsearch.annotations.Document (preferred), or consider extending one of the following types with your repository: org.springframework.data.elasticsearch.repository.ElasticsearchRepository
2025-04-25T17:27:29.775+09:00  INFO 21204 --- [portforu] [main] .RepositoryConfigurationExtensionSupport : Spring Data Elasticsearch - Could not safely identify store assignment for repository candidate interface org.pinggu.portforu.domain.jobposting.repository.JobPostingRepository; If you want this repository to be a Elasticsearch repository, consider annotating your entities with one of these annotations: org.springframework.data.elasticsearch.annotations.Document (preferred), or consider extending one of the following types with your repository: org.springframework.data.elasticsearch.repository.ElasticsearchRepository
2025-04-25T17:27:29.775+09:00  INFO 21204 --- [portforu] [main] .RepositoryConfigurationExtensionSupport : Spring Data Elasticsearch - Could not safely identify store assignment for repository candidate interface org.pinggu.portforu.domain.member.repository.MemberRepository; If you want this repository to be a Elasticsearch repository, consider annotating your entities with one of these annotations: org.springframework.data.elasticsearch.annotations.Document (preferred), or consider extending one of the following types with your repository: org.springframework.data.elasticsearch.repository.ElasticsearchRepository
2025-04-25T17:27:29.776+09:00  INFO 21204 --- [portforu] [main] .RepositoryConfigurationExtensionSupport : Spring Data Elasticsearch - Could not safely identify store assignment for repository candidate interface org.pinggu.portforu.domain.membership.repository.MembershipRepository; If you want this repository to be a Elasticsearch repository, consider annotating your entities with one of these annotations: org.springframework.data.elasticsearch.annotations.Document (preferred), or consider extending one of the following types with your repository: org.springframework.data.elasticsearch.repository.ElasticsearchRepository
2025-04-25T17:27:29.776+09:00  INFO 21204 --- [portforu] [main] .RepositoryConfigurationExtensionSupport : Spring Data Elasticsearch - Could not safely identify store assignment for repository candidate interface org.pinggu.portforu.domain.payment.repository.PaymentRepository; If you want this repository to be a Elasticsearch repository, consider annotating your entities with one of these annotations: org.springframework.data.elasticsearch.annotations.Document (preferred), or consider extending one of the following types with your repository: org.springframework.data.elasticsearch.repository.ElasticsearchRepository
2025-04-25T17:27:29.777+09:00  INFO 21204 --- [portforu] [main] .RepositoryConfigurationExtensionSupport : Spring Data Elasticsearch - Could not safely identify store assignment for repository candidate interface org.pinggu.portforu.domain.portfolio.repository.PortfolioRepository; If you want this repository to be a Elasticsearch repository, consider annotating your entities with one of these annotations: org.springframework.data.elasticsearch.annotations.Document (preferred), or consider extending one of the following types with your repository: org.springframework.data.elasticsearch.repository.ElasticsearchRepository
2025-04-25T17:27:29.777+09:00  INFO 21204 --- [portforu] [main] .RepositoryConfigurationExtensionSupport : Spring Data Elasticsearch - Could not safely identify store assignment for repository candidate interface org.pinggu.portforu.domain.portfolio.repository.UploadedFileRepository; If you want this repository to be a Elasticsearch repository, consider annotating your entities with one of these annotations: org.springframework.data.elasticsearch.annotations.Document (preferred), or consider extending one of the following types with your repository: org.springframework.data.elasticsearch.repository.ElasticsearchRepository
2025-04-25T17:27:29.777+09:00  INFO 21204 --- [portforu] [main] .RepositoryConfigurationExtensionSupport : Spring Data Elasticsearch - Could not safely identify store assignment for repository candidate interface org.pinggu.portforu.domain.scrap.repository.ScrapRepository; If you want this repository to be a Elasticsearch repository, consider annotating your entities with one of these annotations: org.springframework.data.elasticsearch.annotations.Document (preferred), or consider extending one of the following types with your repository: org.springframework.data.elasticsearch.repository.ElasticsearchRepository
2025-04-25T17:27:29.778+09:00  INFO 21204 --- [portforu] [main] .RepositoryConfigurationExtensionSupport : Spring Data Elasticsearch - Could not safely identify store assignment for repository candidate interface org.pinggu.portforu.domain.subscribe.repository.SubscribeRepository; If you want this repository to be a Elasticsearch repository, consider annotating your entities with one of these annotations: org.springframework.data.elasticsearch.annotations.Document (preferred), or consider extending one of the following types with your repository: org.springframework.data.elasticsearch.repository.ElasticsearchRepository
2025-04-25T17:27:29.786+09:00  INFO 21204 --- [portforu] [main] .s.d.r.c.RepositoryConfigurationDelegate : Finished Spring Data repository scanning in 84 ms. Found 1 Elasticsearch repository interface.
2025-04-25T17:27:29.789+09:00  INFO 21204 --- [portforu] [main] .s.d.r.c.RepositoryConfigurationDelegate : Multiple Spring Data modules found, entering strict repository configuration mode
2025-04-25T17:27:29.789+09:00  INFO 21204 --- [portforu] [main] .s.d.r.c.RepositoryConfigurationDelegate : Bootstrapping Spring Data Reactive Elasticsearch repositories in DEFAULT mode.
2025-04-25T17:27:29.794+09:00  INFO 21204 --- [portforu] [main] .RepositoryConfigurationExtensionSupport : Spring Data Reactive Elasticsearch - Could not safely identify store assignment for repository candidate interface org.pinggu.portforu.domain.auth.repository.RefreshTokenRepository; If you want this repository to be a Reactive Elasticsearch repository, consider annotating your entities with one of these annotations: org.springframework.data.elasticsearch.annotations.Document (preferred), or consider extending one of the following types with your repository: org.springframework.data.elasticsearch.repository.ReactiveElasticsearchRepository
2025-04-25T17:27:29.794+09:00  INFO 21204 --- [portforu] [main] .RepositoryConfigurationExtensionSupport : Spring Data Reactive Elasticsearch - Could not safely identify store assignment for repository candidate interface org.pinggu.portforu.domain.comment.repository.CommentRepository; If you want this repository to be a Reactive Elasticsearch repository, consider annotating your entities with one of these annotations: org.springframework.data.elasticsearch.annotations.Document (preferred), or consider extending one of the following types with your repository: org.springframework.data.elasticsearch.repository.ReactiveElasticsearchRepository
2025-04-25T17:27:29.795+09:00  INFO 21204 --- [portforu] [main] .RepositoryConfigurationExtensionSupport : Spring Data Reactive Elasticsearch - Could not safely identify store assignment for repository candidate interface org.pinggu.portforu.domain.jobposting.repository.JobPostingRepository; If you want this repository to be a Reactive Elasticsearch repository, consider annotating your entities with one of these annotations: org.springframework.data.elasticsearch.annotations.Document (preferred), or consider extending one of the following types with your repository: org.springframework.data.elasticsearch.repository.ReactiveElasticsearchRepository
2025-04-25T17:27:29.795+09:00  INFO 21204 --- [portforu] [main] .RepositoryConfigurationExtensionSupport : Spring Data Reactive Elasticsearch - Could not safely identify store assignment for repository candidate interface org.pinggu.portforu.domain.member.repository.MemberRepository; If you want this repository to be a Reactive Elasticsearch repository, consider annotating your entities with one of these annotations: org.springframework.data.elasticsearch.annotations.Document (preferred), or consider extending one of the following types with your repository: org.springframework.data.elasticsearch.repository.ReactiveElasticsearchRepository
2025-04-25T17:27:29.795+09:00  INFO 21204 --- [portforu] [main] .RepositoryConfigurationExtensionSupport : Spring Data Reactive Elasticsearch - Could not safely identify store assignment for repository candidate interface org.pinggu.portforu.domain.membership.repository.MembershipRepository; If you want this repository to be a Reactive Elasticsearch repository, consider annotating your entities with one of these annotations: org.springframework.data.elasticsearch.annotations.Document (preferred), or consider extending one of the following types with your repository: org.springframework.data.elasticsearch.repository.ReactiveElasticsearchRepository
2025-04-25T17:27:29.795+09:00  INFO 21204 --- [portforu] [main] .RepositoryConfigurationExtensionSupport : Spring Data Reactive Elasticsearch - Could not safely identify store assignment for repository candidate interface org.pinggu.portforu.domain.payment.repository.PaymentRepository; If you want this repository to be a Reactive Elasticsearch repository, consider annotating your entities with one of these annotations: org.springframework.data.elasticsearch.annotations.Document (preferred), or consider extending one of the following types with your repository: org.springframework.data.elasticsearch.repository.ReactiveElasticsearchRepository
2025-04-25T17:27:29.795+09:00  INFO 21204 --- [portforu] [main] .RepositoryConfigurationExtensionSupport : Spring Data Reactive Elasticsearch - Could not safely identify store assignment for repository candidate interface org.pinggu.portforu.domain.portfolio.repository.PortfolioRepository; If you want this repository to be a Reactive Elasticsearch repository, consider annotating your entities with one of these annotations: org.springframework.data.elasticsearch.annotations.Document (preferred), or consider extending one of the following types with your repository: org.springframework.data.elasticsearch.repository.ReactiveElasticsearchRepository
2025-04-25T17:27:29.795+09:00  INFO 21204 --- [portforu] [main] .RepositoryConfigurationExtensionSupport : Spring Data Reactive Elasticsearch - Could not safely identify store assignment for repository candidate interface org.pinggu.portforu.domain.portfolio.repository.UploadedFileRepository; If you want this repository to be a Reactive Elasticsearch repository, consider annotating your entities with one of these annotations: org.springframework.data.elasticsearch.annotations.Document (preferred), or consider extending one of the following types with your repository: org.springframework.data.elasticsearch.repository.ReactiveElasticsearchRepository
2025-04-25T17:27:29.795+09:00  INFO 21204 --- [portforu] [main] .RepositoryConfigurationExtensionSupport : Spring Data Reactive Elasticsearch - Could not safely identify store assignment for repository candidate interface org.pinggu.portforu.domain.scrap.repository.ScrapRepository; If you want this repository to be a Reactive Elasticsearch repository, consider annotating your entities with one of these annotations: org.springframework.data.elasticsearch.annotations.Document (preferred), or consider extending one of the following types with your repository: org.springframework.data.elasticsearch.repository.ReactiveElasticsearchRepository
2025-04-25T17:27:29.795+09:00  INFO 21204 --- [portforu] [main] .RepositoryConfigurationExtensionSupport : Spring Data Reactive Elasticsearch - Could not safely identify store assignment for repository candidate interface org.pinggu.portforu.domain.subscribe.repository.SubscribeRepository; If you want this repository to be a Reactive Elasticsearch repository, consider annotating your entities with one of these annotations: org.springframework.data.elasticsearch.annotations.Document (preferred), or consider extending one of the following types with your repository: org.springframework.data.elasticsearch.repository.ReactiveElasticsearchRepository
2025-04-25T17:27:29.796+09:00  INFO 21204 --- [portforu] [main] .s.d.r.c.RepositoryConfigurationDelegate : Finished Spring Data repository scanning in 5 ms. Found 0 Reactive Elasticsearch repository interfaces.
2025-04-25T17:27:29.799+09:00  INFO 21204 --- [portforu] [main] .s.d.r.c.RepositoryConfigurationDelegate : Multiple Spring Data modules found, entering strict repository configuration mode
2025-04-25T17:27:29.799+09:00  INFO 21204 --- [portforu] [main] .s.d.r.c.RepositoryConfigurationDelegate : Bootstrapping Spring Data JPA repositories in DEFAULT mode.
2025-04-25T17:27:29.806+09:00  INFO 21204 --- [portforu] [main] .RepositoryConfigurationExtensionSupport : Spring Data JPA - Could not safely identify store assignment for repository candidate interface org.pinggu.portforu.domain.jobposting.elastic.repository.JobPostingSearchRepository; If you want this repository to be a JPA repository, consider annotating your entities with one of these annotations: jakarta.persistence.Entity, jakarta.persistence.MappedSuperclass (preferred), or consider extending one of the following types with your repository: org.springframework.data.jpa.repository.JpaRepository
2025-04-25T17:27:29.814+09:00  INFO 21204 --- [portforu] [main] .s.d.r.c.RepositoryConfigurationDelegate : Finished Spring Data repository scanning in 12 ms. Found 10 JPA repository interfaces.
2025-04-25T17:27:29.821+09:00  INFO 21204 --- [portforu] [main] .s.d.r.c.RepositoryConfigurationDelegate : Multiple Spring Data modules found, entering strict repository configuration mode
2025-04-25T17:27:29.821+09:00  INFO 21204 --- [portforu] [main] .s.d.r.c.RepositoryConfigurationDelegate : Bootstrapping Spring Data Redis repositories in DEFAULT mode.
2025-04-25T17:27:29.829+09:00  INFO 21204 --- [portforu] [main] .RepositoryConfigurationExtensionSupport : Spring Data Redis - Could not safely identify store assignment for repository candidate interface org.pinggu.portforu.domain.auth.repository.RefreshTokenRepository; If you want this repository to be a Redis repository, consider annotating your entities with one of these annotations: org.springframework.data.redis.core.RedisHash (preferred), or consider extending one of the following types with your repository: org.springframework.data.keyvalue.repository.KeyValueRepository
2025-04-25T17:27:29.829+09:00  INFO 21204 --- [portforu] [main] .RepositoryConfigurationExtensionSupport : Spring Data Redis - Could not safely identify store assignment for repository candidate interface org.pinggu.portforu.domain.comment.repository.CommentRepository; If you want this repository to be a Redis repository, consider annotating your entities with one of these annotations: org.springframework.data.redis.core.RedisHash (preferred), or consider extending one of the following types with your repository: org.springframework.data.keyvalue.repository.KeyValueRepository
2025-04-25T17:27:29.829+09:00  INFO 21204 --- [portforu] [main] .RepositoryConfigurationExtensionSupport : Spring Data Redis - Could not safely identify store assignment for repository candidate interface org.pinggu.portforu.domain.jobposting.elastic.repository.JobPostingSearchRepository; If you want this repository to be a Redis repository, consider annotating your entities with one of these annotations: org.springframework.data.redis.core.RedisHash (preferred), or consider extending one of the following types with your repository: org.springframework.data.keyvalue.repository.KeyValueRepository
2025-04-25T17:27:29.829+09:00  INFO 21204 --- [portforu] [main] .RepositoryConfigurationExtensionSupport : Spring Data Redis - Could not safely identify store assignment for repository candidate interface org.pinggu.portforu.domain.jobposting.repository.JobPostingRepository; If you want this repository to be a Redis repository, consider annotating your entities with one of these annotations: org.springframework.data.redis.core.RedisHash (preferred), or consider extending one of the following types with your repository: org.springframework.data.keyvalue.repository.KeyValueRepository
2025-04-25T17:27:29.829+09:00  INFO 21204 --- [portforu] [main] .RepositoryConfigurationExtensionSupport : Spring Data Redis - Could not safely identify store assignment for repository candidate interface org.pinggu.portforu.domain.member.repository.MemberRepository; If you want this repository to be a Redis repository, consider annotating your entities with one of these annotations: org.springframework.data.redis.core.RedisHash (preferred), or consider extending one of the following types with your repository: org.springframework.data.keyvalue.repository.KeyValueRepository
2025-04-25T17:27:29.829+09:00  INFO 21204 --- [portforu] [main] .RepositoryConfigurationExtensionSupport : Spring Data Redis - Could not safely identify store assignment for repository candidate interface org.pinggu.portforu.domain.membership.repository.MembershipRepository; If you want this repository to be a Redis repository, consider annotating your entities with one of these annotations: org.springframework.data.redis.core.RedisHash (preferred), or consider extending one of the following types with your repository: org.springframework.data.keyvalue.repository.KeyValueRepository
2025-04-25T17:27:29.829+09:00  INFO 21204 --- [portforu] [main] .RepositoryConfigurationExtensionSupport : Spring Data Redis - Could not safely identify store assignment for repository candidate interface org.pinggu.portforu.domain.payment.repository.PaymentRepository; If you want this repository to be a Redis repository, consider annotating your entities with one of these annotations: org.springframework.data.redis.core.RedisHash (preferred), or consider extending one of the following types with your repository: org.springframework.data.keyvalue.repository.KeyValueRepository
2025-04-25T17:27:29.830+09:00  INFO 21204 --- [portforu] [main] .RepositoryConfigurationExtensionSupport : Spring Data Redis - Could not safely identify store assignment for repository candidate interface org.pinggu.portforu.domain.portfolio.repository.PortfolioRepository; If you want this repository to be a Redis repository, consider annotating your entities with one of these annotations: org.springframework.data.redis.core.RedisHash (preferred), or consider extending one of the following types with your repository: org.springframework.data.keyvalue.repository.KeyValueRepository
2025-04-25T17:27:29.830+09:00  INFO 21204 --- [portforu] [main] .RepositoryConfigurationExtensionSupport : Spring Data Redis - Could not safely identify store assignment for repository candidate interface org.pinggu.portforu.domain.portfolio.repository.UploadedFileRepository; If you want this repository to be a Redis repository, consider annotating your entities with one of these annotations: org.springframework.data.redis.core.RedisHash (preferred), or consider extending one of the following types with your repository: org.springframework.data.keyvalue.repository.KeyValueRepository
2025-04-25T17:27:29.830+09:00  INFO 21204 --- [portforu] [main] .RepositoryConfigurationExtensionSupport : Spring Data Redis - Could not safely identify store assignment for repository candidate interface org.pinggu.portforu.domain.scrap.repository.ScrapRepository; If you want this repository to be a Redis repository, consider annotating your entities with one of these annotations: org.springframework.data.redis.core.RedisHash (preferred), or consider extending one of the following types with your repository: org.springframework.data.keyvalue.repository.KeyValueRepository
2025-04-25T17:27:29.830+09:00  INFO 21204 --- [portforu] [main] .RepositoryConfigurationExtensionSupport : Spring Data Redis - Could not safely identify store assignment for repository candidate interface org.pinggu.portforu.domain.subscribe.repository.SubscribeRepository; If you want this repository to be a Redis repository, consider annotating your entities with one of these annotations: org.springframework.data.redis.core.RedisHash (preferred), or consider extending one of the following types with your repository: org.springframework.data.keyvalue.repository.KeyValueRepository
2025-04-25T17:27:29.830+09:00  INFO 21204 --- [portforu] [main] .s.d.r.c.RepositoryConfigurationDelegate : Finished Spring Data repository scanning in 4 ms. Found 0 Redis repository interfaces.
2025-04-25T17:27:30.220+09:00  INFO 21204 --- [portforu] [main] o.s.b.w.embedded.tomcat.TomcatWebServer  : Tomcat initialized with port 8080 (http)
2025-04-25T17:27:30.228+09:00  INFO 21204 --- [portforu] [main] o.apache.catalina.core.StandardService   : Starting service [Tomcat]
2025-04-25T17:27:30.228+09:00  INFO 21204 --- [portforu] [main] o.apache.catalina.core.StandardEngine    : Starting Servlet engine: [Apache Tomcat/10.1.39]
2025-04-25T17:27:30.253+09:00  INFO 21204 --- [portforu] [main] o.a.c.c.C.[Tomcat].[localhost].[/]       : Initializing Spring embedded WebApplicationContext
2025-04-25T17:27:30.253+09:00  INFO 21204 --- [portforu] [main] w.s.c.ServletWebServerApplicationContext : Root WebApplicationContext: initialization completed in 1018 ms
2025-04-25T17:27:30.348+09:00  INFO 21204 --- [portforu] [main] o.hibernate.jpa.internal.util.LogHelper  : HHH000204: Processing PersistenceUnitInfo [name: default]
2025-04-25T17:27:30.380+09:00  INFO 21204 --- [portforu] [main] org.hibernate.Version                    : HHH000412: Hibernate ORM core version 6.6.11.Final
2025-04-25T17:27:30.396+09:00  INFO 21204 --- [portforu] [main] o.h.c.internal.RegionFactoryInitiator    : HHH000026: Second-level cache disabled
2025-04-25T17:27:30.538+09:00  INFO 21204 --- [portforu] [main] o.s.o.j.p.SpringPersistenceUnitInfo      : No LoadTimeWeaver setup: ignoring JPA class transformer
2025-04-25T17:27:30.552+09:00  INFO 21204 --- [portforu] [main] com.zaxxer.hikari.HikariDataSource       : HikariPool-1 - Starting...
2025-04-25T17:27:30.692+09:00  INFO 21204 --- [portforu] [main] com.zaxxer.hikari.pool.HikariPool        : HikariPool-1 - Added connection com.mysql.cj.jdbc.ConnectionImpl@476a2819
2025-04-25T17:27:30.693+09:00  INFO 21204 --- [portforu] [main] com.zaxxer.hikari.HikariDataSource       : HikariPool-1 - Start completed.
2025-04-25T17:27:30.749+09:00  INFO 21204 --- [portforu] [main] org.hibernate.orm.connections.pooling    : HHH10001005: Database info:
	Database JDBC URL [Connecting through datasource 'HikariDataSource (HikariPool-1)']
	Database driver: undefined/unknown
	Database version: 9.2
	Autocommit mode: undefined/unknown
	Isolation level: undefined/unknown
	Minimum pool size: undefined/unknown
	Maximum pool size: undefined/unknown
2025-04-25T17:27:31.245+09:00  INFO 21204 --- [portforu] [main] o.h.e.t.j.p.i.JtaPlatformInitiator       : HHH000489: No JTA platform available (set 'hibernate.transaction.jta.platform' to enable JTA platform integration)
2025-04-25T17:27:31.252+09:00 DEBUG 21204 --- [portforu] [main] org.hibernate.SQL                        : 
    alter table comments 
       drop 
       foreign key FKkv22t54g17a6hvj7hbn6byh5s
2025-04-25T17:27:31.279+09:00 DEBUG 21204 --- [portforu] [main] org.hibernate.SQL                        : 
    alter table comments 
       drop 
       foreign key FK5cwxj0hna6dqmgdwwh8jsncln
2025-04-25T17:27:31.283+09:00 DEBUG 21204 --- [portforu] [main] org.hibernate.SQL                        : 
    alter table payments 
       drop 
       foreign key FKb1214sjecn8nd2f1b0shp3lpo
2025-04-25T17:27:31.287+09:00 DEBUG 21204 --- [portforu] [main] org.hibernate.SQL                        : 
    alter table portfolios 
       drop 
       foreign key FKonyc71oyvfe6f7u5ut93hwfbf
2025-04-25T17:27:31.290+09:00 DEBUG 21204 --- [portforu] [main] org.hibernate.SQL                        : 
    alter table scraps 
       drop 
       foreign key FKmqtt9v6pl7qy7jglcin8bcmkm
2025-04-25T17:27:31.295+09:00 DEBUG 21204 --- [portforu] [main] org.hibernate.SQL                        : 
    alter table scraps 
       drop 
       foreign key FKhe5gvk4bvdo4b68mtxueq0wot
2025-04-25T17:27:31.297+09:00 DEBUG 21204 --- [portforu] [main] org.hibernate.SQL                        : 
    alter table subscribes 
       drop 
       foreign key FK1ll7f1tjs7lt3xiqfcbrfmdum
2025-04-25T17:27:31.301+09:00 DEBUG 21204 --- [portforu] [main] org.hibernate.SQL                        : 
    alter table subscribes 
       drop 
       foreign key FKhnsopwrnsd8c21915rj71d2jx
2025-04-25T17:27:31.305+09:00 DEBUG 21204 --- [portforu] [main] org.hibernate.SQL                        : 
    drop table if exists comments
2025-04-25T17:27:31.307+09:00 DEBUG 21204 --- [portforu] [main] org.hibernate.SQL                        : 
    drop table if exists job_postings
2025-04-25T17:27:31.309+09:00 DEBUG 21204 --- [portforu] [main] org.hibernate.SQL                        : 
    drop table if exists members
2025-04-25T17:27:31.312+09:00 DEBUG 21204 --- [portforu] [main] org.hibernate.SQL                        : 
    drop table if exists memberships
2025-04-25T17:27:31.314+09:00 DEBUG 21204 --- [portforu] [main] org.hibernate.SQL                        : 
    drop table if exists payments
2025-04-25T17:27:31.316+09:00 DEBUG 21204 --- [portforu] [main] org.hibernate.SQL                        : 
    drop table if exists portfolios
2025-04-25T17:27:31.317+09:00 DEBUG 21204 --- [portforu] [main] org.hibernate.SQL                        : 
    drop table if exists refresh_token
2025-04-25T17:27:31.319+09:00 DEBUG 21204 --- [portforu] [main] org.hibernate.SQL                        : 
    drop table if exists scraps
2025-04-25T17:27:31.321+09:00 DEBUG 21204 --- [portforu] [main] org.hibernate.SQL                        : 
    drop table if exists subscribes
2025-04-25T17:27:31.323+09:00 DEBUG 21204 --- [portforu] [main] org.hibernate.SQL                        : 
    drop table if exists uploaded_file
2025-04-25T17:27:31.329+09:00 DEBUG 21204 --- [portforu] [main] org.hibernate.SQL                        : 
    create table comments (
        is_deleted bit not null,
        created_at datetime(6),
        id bigint not null auto_increment,
        member_id bigint not null,
        portfolio_id bigint not null,
        updated_at datetime(6),
        content varchar(255) not null,
        primary key (id)
    ) engine=InnoDB
2025-04-25T17:27:31.332+09:00 DEBUG 21204 --- [portforu] [main] org.hibernate.SQL                        : 
    create table job_postings (
        indexed bit not null,
        is_deleted bit not null,
        max_experience_years integer,
        min_experience_years integer,
        created_at datetime(6),
        hiring_end_at datetime(6),
        hiring_start_at datetime(6),
        id bigint not null auto_increment,
        updated_at datetime(6),
        company varchar(255) not null,
        duty varchar(255) not null,
        education_level varchar(255) not null,
        employment_type varchar(255) not null,
        experience_years varchar(255) not null,
        key_abilities varchar(255) not null,
        link varchar(255) not null,
        location varchar(255) not null,
        salary varchar(255) not null,
        skills varchar(255),
        title varchar(255) not null,
        primary key (id)
    ) engine=InnoDB
2025-04-25T17:27:31.337+09:00 DEBUG 21204 --- [portforu] [main] org.hibernate.SQL                        : 
    create table members (
        is_deleted bit not null,
        view_count integer not null,
        created_at datetime(6),
        id bigint not null auto_increment,
        updated_at datetime(6),
        phone_number varchar(30) not null,
        name varchar(50) not null,
        password varchar(60) not null,
        email varchar(100) not null,
        address varchar(255) not null,
        provider varchar(255),
        user_role enum ('ROLE_ADMIN','ROLE_USER') not null,
        primary key (id)
    ) engine=InnoDB
2025-04-25T17:27:31.340+09:00 DEBUG 21204 --- [portforu] [main] org.hibernate.SQL                        : 
    create table memberships (
        is_deleted bit not null,
        price integer not null,
        quantity integer not null,
        year integer not null,
        created_at datetime(6),
        id bigint not null auto_increment,
        updated_at datetime(6),
        name varchar(50) not null,
        primary key (id)
    ) engine=InnoDB
2025-04-25T17:27:31.342+09:00 DEBUG 21204 --- [portforu] [main] org.hibernate.SQL                        : 
    create table payments (
        is_deleted bit not null,
        created_at datetime(6),
        id bigint not null auto_increment,
        subscribe_id bigint not null,
        updated_at datetime(6),
        payment_key varchar(255),
        payment_method enum ('ACCOUNT_TRANSFER','BOOK_GIFT','CARD','CULTURE_GIFT','GAME_GIFT','MOBILE_PHONE','TOSS_PAY','UNKNOWN','VIRTUAL_ACCOUNT'),
        status enum ('CANCELED','COMPLETED','EXPIRED','FAILED','PENDING'),
        primary key (id)
    ) engine=InnoDB
2025-04-25T17:27:31.346+09:00 DEBUG 21204 --- [portforu] [main] org.hibernate.SQL                        : 
    create table portfolios (
        is_deleted bit not null,
        views integer not null,
        created_at datetime(6),
        id bigint not null auto_increment,
        member_id bigint not null,
        updated_at datetime(6),
        title varchar(50) not null,
        file_url varchar(500),
        description TEXT not null,
        primary key (id)
    ) engine=InnoDB
2025-04-25T17:27:31.349+09:00 DEBUG 21204 --- [portforu] [main] org.hibernate.SQL                        : 
    create table refresh_token (
        member_id bigint not null,
        token varchar(512) not null,
        primary key (member_id)
    ) engine=InnoDB
2025-04-25T17:27:31.352+09:00 DEBUG 21204 --- [portforu] [main] org.hibernate.SQL                        : 
    create table scraps (
        is_deleted bit not null,
        created_at datetime(6),
        id bigint not null auto_increment,
        job_posting_id bigint not null,
        member_id bigint not null,
        updated_at datetime(6),
        primary key (id)
    ) engine=InnoDB
2025-04-25T17:27:31.354+09:00 DEBUG 21204 --- [portforu] [main] org.hibernate.SQL                        : 
    create table subscribes (
        is_deleted bit not null,
        created_at datetime(6),
        end_date datetime(6) not null,
        id bigint not null auto_increment,
        member_id bigint not null,
        membership_id bigint not null,
        start_date datetime(6) not null,
        updated_at datetime(6),
        status enum ('ACTIVE','CANCELED','EXPIRED','FAILED','PENDING') not null,
        primary key (id)
    ) engine=InnoDB
2025-04-25T17:27:31.356+09:00 DEBUG 21204 --- [portforu] [main] org.hibernate.SQL                        : 
    create table uploaded_file (
        used bit not null,
        created_at datetime(6),
        id bigint not null auto_increment,
        file_url varchar(255),
        primary key (id)
    ) engine=InnoDB
2025-04-25T17:27:31.358+09:00 DEBUG 21204 --- [portforu] [main] org.hibernate.SQL                        : 
    alter table job_postings 
       add constraint UKrctqiu9lyyeym768nw1b25ic7 unique (link)
2025-04-25T17:27:31.361+09:00 DEBUG 21204 --- [portforu] [main] org.hibernate.SQL                        : 
    alter table members 
       add constraint UK9d30a9u1qpg8eou0otgkwrp5d unique (email)
2025-04-25T17:27:31.365+09:00 DEBUG 21204 --- [portforu] [main] org.hibernate.SQL                        : 
    alter table payments 
       add constraint UKt2i4hg2yv378mnognr5r20ukw unique (subscribe_id)
2025-04-25T17:27:31.367+09:00 DEBUG 21204 --- [portforu] [main] org.hibernate.SQL                        : 
    alter table comments 
       add constraint FKkv22t54g17a6hvj7hbn6byh5s 
       foreign key (member_id) 
       references members (id)
2025-04-25T17:27:31.373+09:00 DEBUG 21204 --- [portforu] [main] org.hibernate.SQL                        : 
    alter table comments 
       add constraint FK5cwxj0hna6dqmgdwwh8jsncln 
       foreign key (portfolio_id) 
       references portfolios (id)
2025-04-25T17:27:31.379+09:00 DEBUG 21204 --- [portforu] [main] org.hibernate.SQL                        : 
    alter table payments 
       add constraint FKb1214sjecn8nd2f1b0shp3lpo 
       foreign key (subscribe_id) 
       references subscribes (id)
2025-04-25T17:27:31.385+09:00 DEBUG 21204 --- [portforu] [main] org.hibernate.SQL                        : 
    alter table portfolios 
       add constraint FKonyc71oyvfe6f7u5ut93hwfbf 
       foreign key (member_id) 
       references members (id)
2025-04-25T17:27:31.393+09:00 DEBUG 21204 --- [portforu] [main] org.hibernate.SQL                        : 
    alter table scraps 
       add constraint FKmqtt9v6pl7qy7jglcin8bcmkm 
       foreign key (job_posting_id) 
       references job_postings (id)
2025-04-25T17:27:31.398+09:00 DEBUG 21204 --- [portforu] [main] org.hibernate.SQL                        : 
    alter table scraps 
       add constraint FKhe5gvk4bvdo4b68mtxueq0wot 
       foreign key (member_id) 
       references members (id)
2025-04-25T17:27:31.405+09:00 DEBUG 21204 --- [portforu] [main] org.hibernate.SQL                        : 
    alter table subscribes 
       add constraint FK1ll7f1tjs7lt3xiqfcbrfmdum 
       foreign key (member_id) 
       references members (id)
2025-04-25T17:27:31.413+09:00 DEBUG 21204 --- [portforu] [main] org.hibernate.SQL                        : 
    alter table subscribes 
       add constraint FKhnsopwrnsd8c21915rj71d2jx 
       foreign key (membership_id) 
       references memberships (id)
2025-04-25T17:27:31.423+09:00  INFO 21204 --- [portforu] [main] j.LocalContainerEntityManagerFactoryBean : Initialized JPA EntityManagerFactory for persistence unit 'default'
2025-04-25T17:27:31.642+09:00  INFO 21204 --- [portforu] [main] o.s.d.j.r.query.QueryEnhancerFactory     : Hibernate is in classpath; If applicable, HQL parser will be used.
2025-04-25T17:27:32.439+09:00  WARN 21204 --- [portforu] [main] com.amazonaws.util.VersionInfoUtils      : The AWS SDK for Java 1.x entered maintenance mode starting July 31, 2024 and will reach end of support on December 31, 2025. For more information, see https://aws.amazon.com/blogs/developer/the-aws-sdk-for-java-1-x-is-in-maintenance-mode-effective-july-31-2024/
You can print where on the file system the AWS SDK for Java 1.x core runtime is located by setting the AWS_JAVA_V1_PRINT_LOCATION environment variable or aws.java.v1.printLocation system property to 'true'.
This message can be disabled by setting the AWS_JAVA_V1_DISABLE_DEPRECATION_ANNOUNCEMENT environment variable or aws.java.v1.disableDeprecationAnnouncement system property to 'true'.
The AWS SDK for Java 1.x is being used here:
at java.base/java.lang.Thread.getStackTrace(Thread.java:1619)
at com.amazonaws.util.VersionInfoUtils.printDeprecationAnnouncement(VersionInfoUtils.java:81)
at com.amazonaws.util.VersionInfoUtils.<clinit>(VersionInfoUtils.java:59)
at com.amazonaws.internal.EC2ResourceFetcher.<clinit>(EC2ResourceFetcher.java:44)
at com.amazonaws.auth.InstanceMetadataServiceCredentialsFetcher.<init>(InstanceMetadataServiceCredentialsFetcher.java:38)
at com.amazonaws.auth.InstanceProfileCredentialsProvider.<init>(InstanceProfileCredentialsProvider.java:111)
at com.amazonaws.auth.InstanceProfileCredentialsProvider.<init>(InstanceProfileCredentialsProvider.java:91)
at com.amazonaws.auth.InstanceProfileCredentialsProvider.<init>(InstanceProfileCredentialsProvider.java:75)
at com.amazonaws.auth.InstanceProfileCredentialsProvider.<clinit>(InstanceProfileCredentialsProvider.java:58)
at com.amazonaws.auth.EC2ContainerCredentialsProviderWrapper.initializeProvider(EC2ContainerCredentialsProviderWrapper.java:66)
at com.amazonaws.auth.EC2ContainerCredentialsProviderWrapper.<init>(EC2ContainerCredentialsProviderWrapper.java:55)
at com.amazonaws.auth.DefaultAWSCredentialsProviderChain.<init>(DefaultAWSCredentialsProviderChain.java:60)
at com.amazonaws.auth.DefaultAWSCredentialsProviderChain.<clinit>(DefaultAWSCredentialsProviderChain.java:54)
at com.amazonaws.services.s3.AmazonS3ClientBuilder.standard(AmazonS3ClientBuilder.java:46)
at org.pinggu.portforu.config.S3Config.amazonS3(S3Config.java:26)
at org.pinggu.portforu.config.S3Config$$SpringCGLIB$$0.CGLIB$amazonS3$0(<generated>)
at org.pinggu.portforu.config.S3Config$$SpringCGLIB$$FastClass$$1.invoke(<generated>)
at org.springframework.cglib.proxy.MethodProxy.invokeSuper(MethodProxy.java:258)
at org.springframework.context.annotation.ConfigurationClassEnhancer$BeanMethodInterceptor.intercept(ConfigurationClassEnhancer.java:370)
at org.pinggu.portforu.config.S3Config$$SpringCGLIB$$0.amazonS3(<generated>)
at java.base/jdk.internal.reflect.NativeMethodAccessorImpl.invoke0(Native Method)
at java.base/jdk.internal.reflect.NativeMethodAccessorImpl.invoke(NativeMethodAccessorImpl.java:77)
at java.base/jdk.internal.reflect.DelegatingMethodAccessorImpl.invoke(DelegatingMethodAccessorImpl.java:43)
at java.base/java.lang.reflect.Method.invoke(Method.java:569)
at org.springframework.beans.factory.support.SimpleInstantiationStrategy.lambda$instantiate$0(SimpleInstantiationStrategy.java:171)
at org.springframework.beans.factory.support.SimpleInstantiationStrategy.instantiateWithFactoryMethod(SimpleInstantiationStrategy.java:88)
at org.springframework.beans.factory.support.SimpleInstantiationStrategy.instantiate(SimpleInstantiationStrategy.java:168)
at org.springframework.beans.factory.support.ConstructorResolver.instantiate(ConstructorResolver.java:653)
at org.springframework.beans.factory.support.ConstructorResolver.instantiateUsingFactoryMethod(ConstructorResolver.java:489)
at org.springframework.beans.factory.support.AbstractAutowireCapableBeanFactory.instantiateUsingFactoryMethod(AbstractAutowireCapableBeanFactory.java:1361)
at org.springframework.beans.factory.support.AbstractAutowireCapableBeanFactory.createBeanInstance(AbstractAutowireCapableBeanFactory.java:1191)
at org.springframework.beans.factory.support.AbstractAutowireCapableBeanFactory.doCreateBean(AbstractAutowireCapableBeanFactory.java:563)
at org.springframework.beans.factory.support.AbstractAutowireCapableBeanFactory.createBean(AbstractAutowireCapableBeanFactory.java:523)
at org.springframework.beans.factory.support.AbstractBeanFactory.lambda$doGetBean$0(AbstractBeanFactory.java:339)
at org.springframework.beans.factory.support.DefaultSingletonBeanRegistry.getSingleton(DefaultSingletonBeanRegistry.java:347)
at org.springframework.beans.factory.support.AbstractBeanFactory.doGetBean(AbstractBeanFactory.java:337)
at org.springframework.beans.factory.support.AbstractBeanFactory.getBean(AbstractBeanFactory.java:202)
at org.springframework.beans.factory.support.DefaultListableBeanFactory.doResolveDependency(DefaultListableBeanFactory.java:1609)
at org.springframework.beans.factory.support.DefaultListableBeanFactory.resolveDependency(DefaultListableBeanFactory.java:1555)
at org.springframework.beans.factory.support.ConstructorResolver.resolveAutowiredArgument(ConstructorResolver.java:913)
at org.springframework.beans.factory.support.ConstructorResolver.createArgumentArray(ConstructorResolver.java:791)
at org.springframework.beans.factory.support.ConstructorResolver.autowireConstructor(ConstructorResolver.java:240)
at org.springframework.beans.factory.support.AbstractAutowireCapableBeanFactory.autowireConstructor(AbstractAutowireCapableBeanFactory.java:1381)
at org.springframework.beans.factory.support.AbstractAutowireCapableBeanFactory.createBeanInstance(AbstractAutowireCapableBeanFactory.java:1218)
at org.springframework.beans.factory.support.AbstractAutowireCapableBeanFactory.doCreateBean(AbstractAutowireCapableBeanFactory.java:563)
at org.springframework.beans.factory.support.AbstractAutowireCapableBeanFactory.createBean(AbstractAutowireCapableBeanFactory.java:523)
at org.springframework.beans.factory.support.AbstractBeanFactory.lambda$doGetBean$0(AbstractBeanFactory.java:339)
at org.springframework.beans.factory.support.DefaultSingletonBeanRegistry.getSingleton(DefaultSingletonBeanRegistry.java:347)
at org.springframework.beans.factory.support.AbstractBeanFactory.doGetBean(AbstractBeanFactory.java:337)
at org.springframework.beans.factory.support.AbstractBeanFactory.getBean(AbstractBeanFactory.java:202)
at org.springframework.beans.factory.support.DefaultListableBeanFactory.doResolveDependency(DefaultListableBeanFactory.java:1609)
at org.springframework.beans.factory.support.DefaultListableBeanFactory.resolveDependency(DefaultListableBeanFactory.java:1555)
at org.springframework.beans.factory.support.ConstructorResolver.resolveAutowiredArgument(ConstructorResolver.java:913)
at org.springframework.beans.factory.support.ConstructorResolver.createArgumentArray(ConstructorResolver.java:791)
at org.springframework.beans.factory.support.ConstructorResolver.autowireConstructor(ConstructorResolver.java:240)
at org.springframework.beans.factory.support.AbstractAutowireCapableBeanFactory.autowireConstructor(AbstractAutowireCapableBeanFactory.java:1381)
at org.springframework.beans.factory.support.AbstractAutowireCapableBeanFactory.createBeanInstance(AbstractAutowireCapableBeanFactory.java:1218)
at org.springframework.beans.factory.support.AbstractAutowireCapableBeanFactory.doCreateBean(AbstractAutowireCapableBeanFactory.java:563)
at org.springframework.beans.factory.support.AbstractAutowireCapableBeanFactory.createBean(AbstractAutowireCapableBeanFactory.java:523)
at org.springframework.beans.factory.support.AbstractBeanFactory.lambda$doGetBean$0(AbstractBeanFactory.java:339)
at org.springframework.beans.factory.support.DefaultSingletonBeanRegistry.getSingleton(DefaultSingletonBeanRegistry.java:347)
at org.springframework.beans.factory.support.AbstractBeanFactory.doGetBean(AbstractBeanFactory.java:337)
at org.springframework.beans.factory.support.AbstractBeanFactory.getBean(AbstractBeanFactory.java:202)
at org.springframework.beans.factory.support.DefaultListableBeanFactory.doResolveDependency(DefaultListableBeanFactory.java:1609)
at org.springframework.beans.factory.support.DefaultListableBeanFactory.resolveDependency(DefaultListableBeanFactory.java:1555)
at org.springframework.beans.factory.support.ConstructorResolver.resolveAutowiredArgument(ConstructorResolver.java:913)
at org.springframework.beans.factory.support.ConstructorResolver.createArgumentArray(ConstructorResolver.java:791)
at org.springframework.beans.factory.support.ConstructorResolver.autowireConstructor(ConstructorResolver.java:240)
at org.springframework.beans.factory.support.AbstractAutowireCapableBeanFactory.autowireConstructor(AbstractAutowireCapableBeanFactory.java:1381)
at org.springframework.beans.factory.support.AbstractAutowireCapableBeanFactory.createBeanInstance(AbstractAutowireCapableBeanFactory.java:1218)
at org.springframework.beans.factory.support.AbstractAutowireCapableBeanFactory.doCreateBean(AbstractAutowireCapableBeanFactory.java:563)
at org.springframework.beans.factory.support.AbstractAutowireCapableBeanFactory.createBean(AbstractAutowireCapableBeanFactory.java:523)
at org.springframework.beans.factory.support.AbstractBeanFactory.lambda$doGetBean$0(AbstractBeanFactory.java:339)
at org.springframework.beans.factory.support.DefaultSingletonBeanRegistry.getSingleton(DefaultSingletonBeanRegistry.java:347)
at org.springframework.beans.factory.support.AbstractBeanFactory.doGetBean(AbstractBeanFactory.java:337)
at org.springframework.beans.factory.support.AbstractBeanFactory.getBean(AbstractBeanFactory.java:202)
at org.springframework.beans.factory.support.DefaultListableBeanFactory.instantiateSingleton(DefaultListableBeanFactory.java:1155)
at org.springframework.beans.factory.support.DefaultListableBeanFactory.preInstantiateSingleton(DefaultListableBeanFactory.java:1121)
at org.springframework.beans.factory.support.DefaultListableBeanFactory.preInstantiateSingletons(DefaultListableBeanFactory.java:1056)
at org.springframework.context.support.AbstractApplicationContext.finishBeanFactoryInitialization(AbstractApplicationContext.java:987)
at org.springframework.context.support.AbstractApplicationContext.refresh(AbstractApplicationContext.java:627)
at org.springframework.boot.web.servlet.context.ServletWebServerApplicationContext.refresh(ServletWebServerApplicationContext.java:146)
at org.springframework.boot.SpringApplication.refresh(SpringApplication.java:752)
at org.springframework.boot.SpringApplication.refreshContext(SpringApplication.java:439)
at org.springframework.boot.SpringApplication.run(SpringApplication.java:318)
at org.springframework.boot.SpringApplication.run(SpringApplication.java:1361)
at org.springframework.boot.SpringApplication.run(SpringApplication.java:1350)
at org.pinggu.portforu.PortforuApplication.main(PortforuApplication.java:12)
2025-04-25T17:27:32.686+09:00  WARN 21204 --- [portforu] [main] JpaBaseConfiguration$JpaWebConfiguration : spring.jpa.open-in-view is enabled by default. Therefore, database queries may be performed during view rendering. Explicitly configure spring.jpa.open-in-view to disable this warning
2025-04-25T17:27:32.766+09:00 DEBUG 21204 --- [portforu] [main] swordEncoderAuthenticationManagerBuilder : No authenticationProviders and no parentAuthenticationManager defined. Returning null.
2025-04-25T17:27:32.914+09:00 DEBUG 21204 --- [portforu] [main] o.s.s.web.DefaultSecurityFilterChain     : Will secure any request with filters: DisableEncodeUrlFilter, WebAsyncManagerIntegrationFilter, SecurityContextHolderFilter, HeaderWriterFilter, OAuth2AuthorizationRequestRedirectFilter, OAuth2LoginAuthenticationFilter, DefaultResourcesFilter, DefaultLoginPageGeneratingFilter, RequestCacheAwareFilter, JwtAuthenticationFilter, SecurityContextHolderAwareRequestFilter, AnonymousAuthenticationFilter, SessionManagementFilter, ExceptionTranslationFilter, AuthorizationFilter
2025-04-25T17:27:33.282+09:00  INFO 21204 --- [portforu] [main] o.s.b.w.embedded.tomcat.TomcatWebServer  : Tomcat started on port 8080 (http) with context path '/'
2025-04-25T17:27:33.290+09:00  INFO 21204 --- [portforu] [main] o.pinggu.portforu.PortforuApplication    : Started PortforuApplication in 4.296 seconds (process running for 4.648)
2025-04-25T17:27:33.338+09:00 DEBUG 21204 --- [portforu] [scheduling-1] org.hibernate.SQL                        : 
    select
        jp1_0.id,
        jp1_0.company,
        jp1_0.created_at,
        jp1_0.duty,
        jp1_0.education_level,
        jp1_0.employment_type,
        jp1_0.experience_years,
        jp1_0.hiring_end_at,
        jp1_0.hiring_start_at,
        jp1_0.indexed,
        jp1_0.is_deleted,
        jp1_0.key_abilities,
        jp1_0.link,
        jp1_0.location,
        jp1_0.max_experience_years,
        jp1_0.min_experience_years,
        jp1_0.salary,
        jp1_0.skills,
        jp1_0.title,
        jp1_0.updated_at 
    from
        job_postings jp1_0 
    where
        (
            jp1_0.is_deleted = 0
        ) 
        and not(jp1_0.indexed) 
    limit
        ?
2025-04-25T17:27:33.352+09:00  INFO 21204 --- [portforu] [scheduling-1] o.p.p.d.j.e.s.JobPostingIndexScheduler   : 색인 대기 중인 채용공고 없음
2025-04-25T17:30:33.364+09:00 DEBUG 21204 --- [portforu] [scheduling-1] org.hibernate.SQL                        : 
    select
        jp1_0.id,
        jp1_0.company,
        jp1_0.created_at,
        jp1_0.duty,
        jp1_0.education_level,
        jp1_0.employment_type,
        jp1_0.experience_years,
        jp1_0.hiring_end_at,
        jp1_0.hiring_start_at,
        jp1_0.indexed,
        jp1_0.is_deleted,
        jp1_0.key_abilities,
        jp1_0.link,
        jp1_0.location,
        jp1_0.max_experience_years,
        jp1_0.min_experience_years,
        jp1_0.salary,
        jp1_0.skills,
        jp1_0.title,
        jp1_0.updated_at 
    from
        job_postings jp1_0 
    where
        (
            jp1_0.is_deleted = 0
        ) 
        and not(jp1_0.indexed) 
    limit
        ?
2025-04-25T17:30:33.372+09:00  INFO 21204 --- [portforu] [scheduling-1] o.p.p.d.j.e.s.JobPostingIndexScheduler   : 색인 대기 중인 채용공고 없음
2025-04-25T17:33:33.388+09:00 DEBUG 21204 --- [portforu] [scheduling-2] org.hibernate.SQL                        : 
    select
        jp1_0.id,
        jp1_0.company,
        jp1_0.created_at,
        jp1_0.duty,
        jp1_0.education_level,
        jp1_0.employment_type,
        jp1_0.experience_years,
        jp1_0.hiring_end_at,
        jp1_0.hiring_start_at,
        jp1_0.indexed,
        jp1_0.is_deleted,
        jp1_0.key_abilities,
        jp1_0.link,
        jp1_0.location,
        jp1_0.max_experience_years,
        jp1_0.min_experience_years,
        jp1_0.salary,
        jp1_0.skills,
        jp1_0.title,
        jp1_0.updated_at 
    from
        job_postings jp1_0 
    where
        (
            jp1_0.is_deleted = 0
        ) 
        and not(jp1_0.indexed) 
    limit
        ?
2025-04-25T17:33:33.398+09:00  INFO 21204 --- [portforu] [scheduling-2] o.p.p.d.j.e.s.JobPostingIndexScheduler   : 색인 대기 중인 채용공고 없음
2025-04-25T17:36:33.399+09:00 DEBUG 21204 --- [portforu] [scheduling-2] org.hibernate.SQL                        : 
    select
        jp1_0.id,
        jp1_0.company,
        jp1_0.created_at,
        jp1_0.duty,
        jp1_0.education_level,
        jp1_0.employment_type,
        jp1_0.experience_years,
        jp1_0.hiring_end_at,
        jp1_0.hiring_start_at,
        jp1_0.indexed,
        jp1_0.is_deleted,
        jp1_0.key_abilities,
        jp1_0.link,
        jp1_0.location,
        jp1_0.max_experience_years,
        jp1_0.min_experience_years,
        jp1_0.salary,
        jp1_0.skills,
        jp1_0.title,
        jp1_0.updated_at 
    from
        job_postings jp1_0 
    where
        (
            jp1_0.is_deleted = 0
        ) 
        and not(jp1_0.indexed) 
    limit
        ?
2025-04-25T17:36:33.405+09:00  INFO 21204 --- [portforu] [scheduling-2] o.p.p.d.j.e.s.JobPostingIndexScheduler   : 색인 대기 중인 채용공고 없음
2025-04-25T17:37:58.564+09:00  INFO 21204 --- [portforu] [SpringApplicationShutdownHook] o.s.b.w.e.tomcat.GracefulShutdown        : Commencing graceful shutdown. Waiting for active requests to complete
2025-04-25T17:37:58.575+09:00  INFO 21204 --- [portforu] [tomcat-shutdown] o.s.b.w.e.tomcat.GracefulShutdown        : Graceful shutdown complete
2025-04-25T17:37:58.616+09:00  INFO 21204 --- [portforu] [SpringApplicationShutdownHook] j.LocalContainerEntityManagerFactoryBean : Closing JPA EntityManagerFactory for persistence unit 'default'
2025-04-25T17:37:58.617+09:00  INFO 21204 --- [portforu] [SpringApplicationShutdownHook] com.zaxxer.hikari.HikariDataSource       : HikariPool-1 - Shutdown initiated...
2025-04-25T17:37:58.623+09:00  INFO 21204 --- [portforu] [SpringApplicationShutdownHook] com.zaxxer.hikari.HikariDataSource       : HikariPool-1 - Shutdown completed.
2025-04-25T17:38:00.955+09:00  INFO 21808 --- [portforu] [main] o.pinggu.portforu.PortforuApplication    : Starting PortforuApplication using Java 17.0.13 with PID 21808 (/Users/t2023-m0111/IdeaProjects/portforu/build/classes/java/main started by t2023-m0111 in /Users/t2023-m0111/IdeaProjects/portforu)
2025-04-25T17:38:00.956+09:00  INFO 21808 --- [portforu] [main] o.pinggu.portforu.PortforuApplication    : The following 1 profile is active: "local"
2025-04-25T17:38:01.352+09:00  INFO 21808 --- [portforu] [main] .s.d.r.c.RepositoryConfigurationDelegate : Multiple Spring Data modules found, entering strict repository configuration mode
2025-04-25T17:38:01.353+09:00  INFO 21808 --- [portforu] [main] .s.d.r.c.RepositoryConfigurationDelegate : Bootstrapping Spring Data Elasticsearch repositories in DEFAULT mode.
2025-04-25T17:38:01.373+09:00  INFO 21808 --- [portforu] [main] .RepositoryConfigurationExtensionSupport : Spring Data Elasticsearch - Could not safely identify store assignment for repository candidate interface org.pinggu.portforu.domain.auth.repository.RefreshTokenRepository; If you want this repository to be a Elasticsearch repository, consider annotating your entities with one of these annotations: org.springframework.data.elasticsearch.annotations.Document (preferred), or consider extending one of the following types with your repository: org.springframework.data.elasticsearch.repository.ElasticsearchRepository
2025-04-25T17:38:01.375+09:00  INFO 21808 --- [portforu] [main] .RepositoryConfigurationExtensionSupport : Spring Data Elasticsearch - Could not safely identify store assignment for repository candidate interface org.pinggu.portforu.domain.comment.repository.CommentRepository; If you want this repository to be a Elasticsearch repository, consider annotating your entities with one of these annotations: org.springframework.data.elasticsearch.annotations.Document (preferred), or consider extending one of the following types with your repository: org.springframework.data.elasticsearch.repository.ElasticsearchRepository
2025-04-25T17:38:01.421+09:00  INFO 21808 --- [portforu] [main] .RepositoryConfigurationExtensionSupport : Spring Data Elasticsearch - Could not safely identify store assignment for repository candidate interface org.pinggu.portforu.domain.jobposting.repository.JobPostingRepository; If you want this repository to be a Elasticsearch repository, consider annotating your entities with one of these annotations: org.springframework.data.elasticsearch.annotations.Document (preferred), or consider extending one of the following types with your repository: org.springframework.data.elasticsearch.repository.ElasticsearchRepository
2025-04-25T17:38:01.422+09:00  INFO 21808 --- [portforu] [main] .RepositoryConfigurationExtensionSupport : Spring Data Elasticsearch - Could not safely identify store assignment for repository candidate interface org.pinggu.portforu.domain.member.repository.MemberRepository; If you want this repository to be a Elasticsearch repository, consider annotating your entities with one of these annotations: org.springframework.data.elasticsearch.annotations.Document (preferred), or consider extending one of the following types with your repository: org.springframework.data.elasticsearch.repository.ElasticsearchRepository
2025-04-25T17:38:01.422+09:00  INFO 21808 --- [portforu] [main] .RepositoryConfigurationExtensionSupport : Spring Data Elasticsearch - Could not safely identify store assignment for repository candidate interface org.pinggu.portforu.domain.membership.repository.MembershipRepository; If you want this repository to be a Elasticsearch repository, consider annotating your entities with one of these annotations: org.springframework.data.elasticsearch.annotations.Document (preferred), or consider extending one of the following types with your repository: org.springframework.data.elasticsearch.repository.ElasticsearchRepository
2025-04-25T17:38:01.422+09:00  INFO 21808 --- [portforu] [main] .RepositoryConfigurationExtensionSupport : Spring Data Elasticsearch - Could not safely identify store assignment for repository candidate interface org.pinggu.portforu.domain.payment.repository.PaymentRepository; If you want this repository to be a Elasticsearch repository, consider annotating your entities with one of these annotations: org.springframework.data.elasticsearch.annotations.Document (preferred), or consider extending one of the following types with your repository: org.springframework.data.elasticsearch.repository.ElasticsearchRepository
2025-04-25T17:38:01.423+09:00  INFO 21808 --- [portforu] [main] .RepositoryConfigurationExtensionSupport : Spring Data Elasticsearch - Could not safely identify store assignment for repository candidate interface org.pinggu.portforu.domain.portfolio.repository.PortfolioRepository; If you want this repository to be a Elasticsearch repository, consider annotating your entities with one of these annotations: org.springframework.data.elasticsearch.annotations.Document (preferred), or consider extending one of the following types with your repository: org.springframework.data.elasticsearch.repository.ElasticsearchRepository
2025-04-25T17:38:01.423+09:00  INFO 21808 --- [portforu] [main] .RepositoryConfigurationExtensionSupport : Spring Data Elasticsearch - Could not safely identify store assignment for repository candidate interface org.pinggu.portforu.domain.portfolio.repository.UploadedFileRepository; If you want this repository to be a Elasticsearch repository, consider annotating your entities with one of these annotations: org.springframework.data.elasticsearch.annotations.Document (preferred), or consider extending one of the following types with your repository: org.springframework.data.elasticsearch.repository.ElasticsearchRepository
2025-04-25T17:38:01.424+09:00  INFO 21808 --- [portforu] [main] .RepositoryConfigurationExtensionSupport : Spring Data Elasticsearch - Could not safely identify store assignment for repository candidate interface org.pinggu.portforu.domain.scrap.repository.ScrapRepository; If you want this repository to be a Elasticsearch repository, consider annotating your entities with one of these annotations: org.springframework.data.elasticsearch.annotations.Document (preferred), or consider extending one of the following types with your repository: org.springframework.data.elasticsearch.repository.ElasticsearchRepository
2025-04-25T17:38:01.424+09:00  INFO 21808 --- [portforu] [main] .RepositoryConfigurationExtensionSupport : Spring Data Elasticsearch - Could not safely identify store assignment for repository candidate interface org.pinggu.portforu.domain.subscribe.repository.SubscribeRepository; If you want this repository to be a Elasticsearch repository, consider annotating your entities with one of these annotations: org.springframework.data.elasticsearch.annotations.Document (preferred), or consider extending one of the following types with your repository: org.springframework.data.elasticsearch.repository.ElasticsearchRepository
2025-04-25T17:38:01.432+09:00  INFO 21808 --- [portforu] [main] .s.d.r.c.RepositoryConfigurationDelegate : Finished Spring Data repository scanning in 75 ms. Found 1 Elasticsearch repository interface.
2025-04-25T17:38:01.434+09:00  INFO 21808 --- [portforu] [main] .s.d.r.c.RepositoryConfigurationDelegate : Multiple Spring Data modules found, entering strict repository configuration mode
2025-04-25T17:38:01.435+09:00  INFO 21808 --- [portforu] [main] .s.d.r.c.RepositoryConfigurationDelegate : Bootstrapping Spring Data Reactive Elasticsearch repositories in DEFAULT mode.
2025-04-25T17:38:01.439+09:00  INFO 21808 --- [portforu] [main] .RepositoryConfigurationExtensionSupport : Spring Data Reactive Elasticsearch - Could not safely identify store assignment for repository candidate interface org.pinggu.portforu.domain.auth.repository.RefreshTokenRepository; If you want this repository to be a Reactive Elasticsearch repository, consider annotating your entities with one of these annotations: org.springframework.data.elasticsearch.annotations.Document (preferred), or consider extending one of the following types with your repository: org.springframework.data.elasticsearch.repository.ReactiveElasticsearchRepository
2025-04-25T17:38:01.439+09:00  INFO 21808 --- [portforu] [main] .RepositoryConfigurationExtensionSupport : Spring Data Reactive Elasticsearch - Could not safely identify store assignment for repository candidate interface org.pinggu.portforu.domain.comment.repository.CommentRepository; If you want this repository to be a Reactive Elasticsearch repository, consider annotating your entities with one of these annotations: org.springframework.data.elasticsearch.annotations.Document (preferred), or consider extending one of the following types with your repository: org.springframework.data.elasticsearch.repository.ReactiveElasticsearchRepository
2025-04-25T17:38:01.440+09:00  INFO 21808 --- [portforu] [main] .RepositoryConfigurationExtensionSupport : Spring Data Reactive Elasticsearch - Could not safely identify store assignment for repository candidate interface org.pinggu.portforu.domain.jobposting.repository.JobPostingRepository; If you want this repository to be a Reactive Elasticsearch repository, consider annotating your entities with one of these annotations: org.springframework.data.elasticsearch.annotations.Document (preferred), or consider extending one of the following types with your repository: org.springframework.data.elasticsearch.repository.ReactiveElasticsearchRepository
2025-04-25T17:38:01.440+09:00  INFO 21808 --- [portforu] [main] .RepositoryConfigurationExtensionSupport : Spring Data Reactive Elasticsearch - Could not safely identify store assignment for repository candidate interface org.pinggu.portforu.domain.member.repository.MemberRepository; If you want this repository to be a Reactive Elasticsearch repository, consider annotating your entities with one of these annotations: org.springframework.data.elasticsearch.annotations.Document (preferred), or consider extending one of the following types with your repository: org.springframework.data.elasticsearch.repository.ReactiveElasticsearchRepository
2025-04-25T17:38:01.441+09:00  INFO 21808 --- [portforu] [main] .RepositoryConfigurationExtensionSupport : Spring Data Reactive Elasticsearch - Could not safely identify store assignment for repository candidate interface org.pinggu.portforu.domain.membership.repository.MembershipRepository; If you want this repository to be a Reactive Elasticsearch repository, consider annotating your entities with one of these annotations: org.springframework.data.elasticsearch.annotations.Document (preferred), or consider extending one of the following types with your repository: org.springframework.data.elasticsearch.repository.ReactiveElasticsearchRepository
2025-04-25T17:38:01.441+09:00  INFO 21808 --- [portforu] [main] .RepositoryConfigurationExtensionSupport : Spring Data Reactive Elasticsearch - Could not safely identify store assignment for repository candidate interface org.pinggu.portforu.domain.payment.repository.PaymentRepository; If you want this repository to be a Reactive Elasticsearch repository, consider annotating your entities with one of these annotations: org.springframework.data.elasticsearch.annotations.Document (preferred), or consider extending one of the following types with your repository: org.springframework.data.elasticsearch.repository.ReactiveElasticsearchRepository
2025-04-25T17:38:01.441+09:00  INFO 21808 --- [portforu] [main] .RepositoryConfigurationExtensionSupport : Spring Data Reactive Elasticsearch - Could not safely identify store assignment for repository candidate interface org.pinggu.portforu.domain.portfolio.repository.PortfolioRepository; If you want this repository to be a Reactive Elasticsearch repository, consider annotating your entities with one of these annotations: org.springframework.data.elasticsearch.annotations.Document (preferred), or consider extending one of the following types with your repository: org.springframework.data.elasticsearch.repository.ReactiveElasticsearchRepository
2025-04-25T17:38:01.441+09:00  INFO 21808 --- [portforu] [main] .RepositoryConfigurationExtensionSupport : Spring Data Reactive Elasticsearch - Could not safely identify store assignment for repository candidate interface org.pinggu.portforu.domain.portfolio.repository.UploadedFileRepository; If you want this repository to be a Reactive Elasticsearch repository, consider annotating your entities with one of these annotations: org.springframework.data.elasticsearch.annotations.Document (preferred), or consider extending one of the following types with your repository: org.springframework.data.elasticsearch.repository.ReactiveElasticsearchRepository
2025-04-25T17:38:01.441+09:00  INFO 21808 --- [portforu] [main] .RepositoryConfigurationExtensionSupport : Spring Data Reactive Elasticsearch - Could not safely identify store assignment for repository candidate interface org.pinggu.portforu.domain.scrap.repository.ScrapRepository; If you want this repository to be a Reactive Elasticsearch repository, consider annotating your entities with one of these annotations: org.springframework.data.elasticsearch.annotations.Document (preferred), or consider extending one of the following types with your repository: org.springframework.data.elasticsearch.repository.ReactiveElasticsearchRepository
2025-04-25T17:38:01.441+09:00  INFO 21808 --- [portforu] [main] .RepositoryConfigurationExtensionSupport : Spring Data Reactive Elasticsearch - Could not safely identify store assignment for repository candidate interface org.pinggu.portforu.domain.subscribe.repository.SubscribeRepository; If you want this repository to be a Reactive Elasticsearch repository, consider annotating your entities with one of these annotations: org.springframework.data.elasticsearch.annotations.Document (preferred), or consider extending one of the following types with your repository: org.springframework.data.elasticsearch.repository.ReactiveElasticsearchRepository
2025-04-25T17:38:01.441+09:00  INFO 21808 --- [portforu] [main] .s.d.r.c.RepositoryConfigurationDelegate : Finished Spring Data repository scanning in 5 ms. Found 0 Reactive Elasticsearch repository interfaces.
2025-04-25T17:38:01.444+09:00  INFO 21808 --- [portforu] [main] .s.d.r.c.RepositoryConfigurationDelegate : Multiple Spring Data modules found, entering strict repository configuration mode
2025-04-25T17:38:01.445+09:00  INFO 21808 --- [portforu] [main] .s.d.r.c.RepositoryConfigurationDelegate : Bootstrapping Spring Data JPA repositories in DEFAULT mode.
2025-04-25T17:38:01.452+09:00  INFO 21808 --- [portforu] [main] .RepositoryConfigurationExtensionSupport : Spring Data JPA - Could not safely identify store assignment for repository candidate interface org.pinggu.portforu.domain.jobposting.elastic.repository.JobPostingSearchRepository; If you want this repository to be a JPA repository, consider annotating your entities with one of these annotations: jakarta.persistence.Entity, jakarta.persistence.MappedSuperclass (preferred), or consider extending one of the following types with your repository: org.springframework.data.jpa.repository.JpaRepository
2025-04-25T17:38:01.460+09:00  INFO 21808 --- [portforu] [main] .s.d.r.c.RepositoryConfigurationDelegate : Finished Spring Data repository scanning in 12 ms. Found 10 JPA repository interfaces.
2025-04-25T17:38:01.466+09:00  INFO 21808 --- [portforu] [main] .s.d.r.c.RepositoryConfigurationDelegate : Multiple Spring Data modules found, entering strict repository configuration mode
2025-04-25T17:38:01.467+09:00  INFO 21808 --- [portforu] [main] .s.d.r.c.RepositoryConfigurationDelegate : Bootstrapping Spring Data Redis repositories in DEFAULT mode.
2025-04-25T17:38:01.474+09:00  INFO 21808 --- [portforu] [main] .RepositoryConfigurationExtensionSupport : Spring Data Redis - Could not safely identify store assignment for repository candidate interface org.pinggu.portforu.domain.auth.repository.RefreshTokenRepository; If you want this repository to be a Redis repository, consider annotating your entities with one of these annotations: org.springframework.data.redis.core.RedisHash (preferred), or consider extending one of the following types with your repository: org.springframework.data.keyvalue.repository.KeyValueRepository
2025-04-25T17:38:01.474+09:00  INFO 21808 --- [portforu] [main] .RepositoryConfigurationExtensionSupport : Spring Data Redis - Could not safely identify store assignment for repository candidate interface org.pinggu.portforu.domain.comment.repository.CommentRepository; If you want this repository to be a Redis repository, consider annotating your entities with one of these annotations: org.springframework.data.redis.core.RedisHash (preferred), or consider extending one of the following types with your repository: org.springframework.data.keyvalue.repository.KeyValueRepository
2025-04-25T17:38:01.474+09:00  INFO 21808 --- [portforu] [main] .RepositoryConfigurationExtensionSupport : Spring Data Redis - Could not safely identify store assignment for repository candidate interface org.pinggu.portforu.domain.jobposting.elastic.repository.JobPostingSearchRepository; If you want this repository to be a Redis repository, consider annotating your entities with one of these annotations: org.springframework.data.redis.core.RedisHash (preferred), or consider extending one of the following types with your repository: org.springframework.data.keyvalue.repository.KeyValueRepository
2025-04-25T17:38:01.474+09:00  INFO 21808 --- [portforu] [main] .RepositoryConfigurationExtensionSupport : Spring Data Redis - Could not safely identify store assignment for repository candidate interface org.pinggu.portforu.domain.jobposting.repository.JobPostingRepository; If you want this repository to be a Redis repository, consider annotating your entities with one of these annotations: org.springframework.data.redis.core.RedisHash (preferred), or consider extending one of the following types with your repository: org.springframework.data.keyvalue.repository.KeyValueRepository
2025-04-25T17:38:01.474+09:00  INFO 21808 --- [portforu] [main] .RepositoryConfigurationExtensionSupport : Spring Data Redis - Could not safely identify store assignment for repository candidate interface org.pinggu.portforu.domain.member.repository.MemberRepository; If you want this repository to be a Redis repository, consider annotating your entities with one of these annotations: org.springframework.data.redis.core.RedisHash (preferred), or consider extending one of the following types with your repository: org.springframework.data.keyvalue.repository.KeyValueRepository
2025-04-25T17:38:01.474+09:00  INFO 21808 --- [portforu] [main] .RepositoryConfigurationExtensionSupport : Spring Data Redis - Could not safely identify store assignment for repository candidate interface org.pinggu.portforu.domain.membership.repository.MembershipRepository; If you want this repository to be a Redis repository, consider annotating your entities with one of these annotations: org.springframework.data.redis.core.RedisHash (preferred), or consider extending one of the following types with your repository: org.springframework.data.keyvalue.repository.KeyValueRepository
2025-04-25T17:38:01.474+09:00  INFO 21808 --- [portforu] [main] .RepositoryConfigurationExtensionSupport : Spring Data Redis - Could not safely identify store assignment for repository candidate interface org.pinggu.portforu.domain.payment.repository.PaymentRepository; If you want this repository to be a Redis repository, consider annotating your entities with one of these annotations: org.springframework.data.redis.core.RedisHash (preferred), or consider extending one of the following types with your repository: org.springframework.data.keyvalue.repository.KeyValueRepository
2025-04-25T17:38:01.474+09:00  INFO 21808 --- [portforu] [main] .RepositoryConfigurationExtensionSupport : Spring Data Redis - Could not safely identify store assignment for repository candidate interface org.pinggu.portforu.domain.portfolio.repository.PortfolioRepository; If you want this repository to be a Redis repository, consider annotating your entities with one of these annotations: org.springframework.data.redis.core.RedisHash (preferred), or consider extending one of the following types with your repository: org.springframework.data.keyvalue.repository.KeyValueRepository
2025-04-25T17:38:01.475+09:00  INFO 21808 --- [portforu] [main] .RepositoryConfigurationExtensionSupport : Spring Data Redis - Could not safely identify store assignment for repository candidate interface org.pinggu.portforu.domain.portfolio.repository.UploadedFileRepository; If you want this repository to be a Redis repository, consider annotating your entities with one of these annotations: org.springframework.data.redis.core.RedisHash (preferred), or consider extending one of the following types with your repository: org.springframework.data.keyvalue.repository.KeyValueRepository
2025-04-25T17:38:01.475+09:00  INFO 21808 --- [portforu] [main] .RepositoryConfigurationExtensionSupport : Spring Data Redis - Could not safely identify store assignment for repository candidate interface org.pinggu.portforu.domain.scrap.repository.ScrapRepository; If you want this repository to be a Redis repository, consider annotating your entities with one of these annotations: org.springframework.data.redis.core.RedisHash (preferred), or consider extending one of the following types with your repository: org.springframework.data.keyvalue.repository.KeyValueRepository
2025-04-25T17:38:01.475+09:00  INFO 21808 --- [portforu] [main] .RepositoryConfigurationExtensionSupport : Spring Data Redis - Could not safely identify store assignment for repository candidate interface org.pinggu.portforu.domain.subscribe.repository.SubscribeRepository; If you want this repository to be a Redis repository, consider annotating your entities with one of these annotations: org.springframework.data.redis.core.RedisHash (preferred), or consider extending one of the following types with your repository: org.springframework.data.keyvalue.repository.KeyValueRepository
2025-04-25T17:38:01.475+09:00  INFO 21808 --- [portforu] [main] .s.d.r.c.RepositoryConfigurationDelegate : Finished Spring Data repository scanning in 4 ms. Found 0 Redis repository interfaces.
2025-04-25T17:38:01.828+09:00  INFO 21808 --- [portforu] [main] o.s.b.w.embedded.tomcat.TomcatWebServer  : Tomcat initialized with port 8080 (http)
2025-04-25T17:38:01.834+09:00  INFO 21808 --- [portforu] [main] o.apache.catalina.core.StandardService   : Starting service [Tomcat]
2025-04-25T17:38:01.834+09:00  INFO 21808 --- [portforu] [main] o.apache.catalina.core.StandardEngine    : Starting Servlet engine: [Apache Tomcat/10.1.39]
2025-04-25T17:38:01.855+09:00  INFO 21808 --- [portforu] [main] o.a.c.c.C.[Tomcat].[localhost].[/]       : Initializing Spring embedded WebApplicationContext
2025-04-25T17:38:01.856+09:00  INFO 21808 --- [portforu] [main] w.s.c.ServletWebServerApplicationContext : Root WebApplicationContext: initialization completed in 882 ms
2025-04-25T17:38:01.953+09:00  INFO 21808 --- [portforu] [main] o.hibernate.jpa.internal.util.LogHelper  : HHH000204: Processing PersistenceUnitInfo [name: default]
2025-04-25T17:38:01.975+09:00  INFO 21808 --- [portforu] [main] org.hibernate.Version                    : HHH000412: Hibernate ORM core version 6.6.11.Final
2025-04-25T17:38:01.988+09:00  INFO 21808 --- [portforu] [main] o.h.c.internal.RegionFactoryInitiator    : HHH000026: Second-level cache disabled
2025-04-25T17:38:02.123+09:00  INFO 21808 --- [portforu] [main] o.s.o.j.p.SpringPersistenceUnitInfo      : No LoadTimeWeaver setup: ignoring JPA class transformer
2025-04-25T17:38:02.139+09:00  INFO 21808 --- [portforu] [main] com.zaxxer.hikari.HikariDataSource       : HikariPool-1 - Starting...
2025-04-25T17:38:02.259+09:00  INFO 21808 --- [portforu] [main] com.zaxxer.hikari.pool.HikariPool        : HikariPool-1 - Added connection com.mysql.cj.jdbc.ConnectionImpl@49bc71b4
2025-04-25T17:38:02.260+09:00  INFO 21808 --- [portforu] [main] com.zaxxer.hikari.HikariDataSource       : HikariPool-1 - Start completed.
2025-04-25T17:38:02.299+09:00  INFO 21808 --- [portforu] [main] org.hibernate.orm.connections.pooling    : HHH10001005: Database info:
	Database JDBC URL [Connecting through datasource 'HikariDataSource (HikariPool-1)']
	Database driver: undefined/unknown
	Database version: 9.2
	Autocommit mode: undefined/unknown
	Isolation level: undefined/unknown
	Minimum pool size: undefined/unknown
	Maximum pool size: undefined/unknown
2025-04-25T17:38:02.770+09:00  INFO 21808 --- [portforu] [main] o.h.e.t.j.p.i.JtaPlatformInitiator       : HHH000489: No JTA platform available (set 'hibernate.transaction.jta.platform' to enable JTA platform integration)
2025-04-25T17:38:02.776+09:00 DEBUG 21808 --- [portforu] [main] org.hibernate.SQL                        : 
    alter table comments 
       drop 
       foreign key FKkv22t54g17a6hvj7hbn6byh5s
2025-04-25T17:38:02.795+09:00 DEBUG 21808 --- [portforu] [main] org.hibernate.SQL                        : 
    alter table comments 
       drop 
       foreign key FK5cwxj0hna6dqmgdwwh8jsncln
2025-04-25T17:38:02.802+09:00 DEBUG 21808 --- [portforu] [main] org.hibernate.SQL                        : 
    alter table payments 
       drop 
       foreign key FKb1214sjecn8nd2f1b0shp3lpo
2025-04-25T17:38:02.809+09:00 DEBUG 21808 --- [portforu] [main] org.hibernate.SQL                        : 
    alter table portfolios 
       drop 
       foreign key FKonyc71oyvfe6f7u5ut93hwfbf
2025-04-25T17:38:02.813+09:00 DEBUG 21808 --- [portforu] [main] org.hibernate.SQL                        : 
    alter table scraps 
       drop 
       foreign key FKmqtt9v6pl7qy7jglcin8bcmkm
2025-04-25T17:38:02.817+09:00 DEBUG 21808 --- [portforu] [main] org.hibernate.SQL                        : 
    alter table scraps 
       drop 
       foreign key FKhe5gvk4bvdo4b68mtxueq0wot
2025-04-25T17:38:02.820+09:00 DEBUG 21808 --- [portforu] [main] org.hibernate.SQL                        : 
    alter table subscribes 
       drop 
       foreign key FK1ll7f1tjs7lt3xiqfcbrfmdum
2025-04-25T17:38:02.823+09:00 DEBUG 21808 --- [portforu] [main] org.hibernate.SQL                        : 
    alter table subscribes 
       drop 
       foreign key FKhnsopwrnsd8c21915rj71d2jx
2025-04-25T17:38:02.827+09:00 DEBUG 21808 --- [portforu] [main] org.hibernate.SQL                        : 
    drop table if exists comments
2025-04-25T17:38:02.829+09:00 DEBUG 21808 --- [portforu] [main] org.hibernate.SQL                        : 
    drop table if exists job_postings
2025-04-25T17:38:02.832+09:00 DEBUG 21808 --- [portforu] [main] org.hibernate.SQL                        : 
    drop table if exists members
2025-04-25T17:38:02.834+09:00 DEBUG 21808 --- [portforu] [main] org.hibernate.SQL                        : 
    drop table if exists memberships
2025-04-25T17:38:02.837+09:00 DEBUG 21808 --- [portforu] [main] org.hibernate.SQL                        : 
    drop table if exists payments
2025-04-25T17:38:02.841+09:00 DEBUG 21808 --- [portforu] [main] org.hibernate.SQL                        : 
    drop table if exists portfolios
2025-04-25T17:38:02.844+09:00 DEBUG 21808 --- [portforu] [main] org.hibernate.SQL                        : 
    drop table if exists refresh_token
2025-04-25T17:38:02.848+09:00 DEBUG 21808 --- [portforu] [main] org.hibernate.SQL                        : 
    drop table if exists scraps
2025-04-25T17:38:02.852+09:00 DEBUG 21808 --- [portforu] [main] org.hibernate.SQL                        : 
    drop table if exists subscribes
2025-04-25T17:38:02.856+09:00 DEBUG 21808 --- [portforu] [main] org.hibernate.SQL                        : 
    drop table if exists uploaded_file
2025-04-25T17:38:02.864+09:00 DEBUG 21808 --- [portforu] [main] org.hibernate.SQL                        : 
    create table comments (
        is_deleted bit not null,
        created_at datetime(6),
        id bigint not null auto_increment,
        member_id bigint not null,
        portfolio_id bigint not null,
        updated_at datetime(6),
        content varchar(255) not null,
        primary key (id)
    ) engine=InnoDB
2025-04-25T17:38:02.869+09:00 DEBUG 21808 --- [portforu] [main] org.hibernate.SQL                        : 
    create table job_postings (
        indexed bit not null,
        is_deleted bit not null,
        max_experience_years integer,
        min_experience_years integer,
        created_at datetime(6),
        hiring_end_at datetime(6),
        hiring_start_at datetime(6),
        id bigint not null auto_increment,
        updated_at datetime(6),
        company varchar(255) not null,
        duty varchar(255) not null,
        education_level varchar(255) not null,
        employment_type varchar(255) not null,
        experience_years varchar(255) not null,
        key_abilities varchar(255) not null,
        link varchar(255) not null,
        location varchar(255) not null,
        salary varchar(255) not null,
        skills varchar(255),
        title varchar(255) not null,
        primary key (id)
    ) engine=InnoDB
2025-04-25T17:38:02.876+09:00 DEBUG 21808 --- [portforu] [main] org.hibernate.SQL                        : 
    create table members (
        is_deleted bit not null,
        view_count integer not null,
        created_at datetime(6),
        id bigint not null auto_increment,
        updated_at datetime(6),
        phone_number varchar(30) not null,
        name varchar(50) not null,
        password varchar(60) not null,
        email varchar(100) not null,
        address varchar(255) not null,
        provider varchar(255),
        user_role enum ('ROLE_ADMIN','ROLE_USER') not null,
        primary key (id)
    ) engine=InnoDB
2025-04-25T17:38:02.881+09:00 DEBUG 21808 --- [portforu] [main] org.hibernate.SQL                        : 
    create table memberships (
        is_deleted bit not null,
        price integer not null,
        quantity integer not null,
        year integer not null,
        created_at datetime(6),
        id bigint not null auto_increment,
        updated_at datetime(6),
        name varchar(50) not null,
        primary key (id)
    ) engine=InnoDB
2025-04-25T17:38:02.885+09:00 DEBUG 21808 --- [portforu] [main] org.hibernate.SQL                        : 
    create table payments (
        is_deleted bit not null,
        created_at datetime(6),
        id bigint not null auto_increment,
        subscribe_id bigint not null,
        updated_at datetime(6),
        payment_key varchar(255),
        payment_method enum ('ACCOUNT_TRANSFER','BOOK_GIFT','CARD','CULTURE_GIFT','GAME_GIFT','MOBILE_PHONE','TOSS_PAY','UNKNOWN','VIRTUAL_ACCOUNT'),
        status enum ('CANCELED','COMPLETED','EXPIRED','FAILED','PENDING'),
        primary key (id)
    ) engine=InnoDB
2025-04-25T17:38:02.889+09:00 DEBUG 21808 --- [portforu] [main] org.hibernate.SQL                        : 
    create table portfolios (
        is_deleted bit not null,
        views integer not null,
        created_at datetime(6),
        id bigint not null auto_increment,
        member_id bigint not null,
        updated_at datetime(6),
        title varchar(50) not null,
        file_url varchar(500),
        description TEXT not null,
        primary key (id)
    ) engine=InnoDB
2025-04-25T17:38:02.893+09:00 DEBUG 21808 --- [portforu] [main] org.hibernate.SQL                        : 
    create table refresh_token (
        member_id bigint not null,
        token varchar(512) not null,
        primary key (member_id)
    ) engine=InnoDB
2025-04-25T17:38:02.899+09:00 DEBUG 21808 --- [portforu] [main] org.hibernate.SQL                        : 
    create table scraps (
        is_deleted bit not null,
        created_at datetime(6),
        id bigint not null auto_increment,
        job_posting_id bigint not null,
        member_id bigint not null,
        updated_at datetime(6),
        primary key (id)
    ) engine=InnoDB
2025-04-25T17:38:02.902+09:00 DEBUG 21808 --- [portforu] [main] org.hibernate.SQL                        : 
    create table subscribes (
        is_deleted bit not null,
        created_at datetime(6),
        end_date datetime(6) not null,
        id bigint not null auto_increment,
        member_id bigint not null,
        membership_id bigint not null,
        start_date datetime(6) not null,
        updated_at datetime(6),
        status enum ('ACTIVE','CANCELED','EXPIRED','FAILED','PENDING') not null,
        primary key (id)
    ) engine=InnoDB
2025-04-25T17:38:02.905+09:00 DEBUG 21808 --- [portforu] [main] org.hibernate.SQL                        : 
    create table uploaded_file (
        used bit not null,
        created_at datetime(6),
        id bigint not null auto_increment,
        file_url varchar(255),
        primary key (id)
    ) engine=InnoDB
2025-04-25T17:38:02.906+09:00 DEBUG 21808 --- [portforu] [main] org.hibernate.SQL                        : 
    alter table job_postings 
       add constraint UKrctqiu9lyyeym768nw1b25ic7 unique (link)
2025-04-25T17:38:02.910+09:00 DEBUG 21808 --- [portforu] [main] org.hibernate.SQL                        : 
    alter table members 
       add constraint UK9d30a9u1qpg8eou0otgkwrp5d unique (email)
2025-04-25T17:38:02.913+09:00 DEBUG 21808 --- [portforu] [main] org.hibernate.SQL                        : 
    alter table payments 
       add constraint UKt2i4hg2yv378mnognr5r20ukw unique (subscribe_id)
2025-04-25T17:38:02.915+09:00 DEBUG 21808 --- [portforu] [main] org.hibernate.SQL                        : 
    alter table comments 
       add constraint FKkv22t54g17a6hvj7hbn6byh5s 
       foreign key (member_id) 
       references members (id)
2025-04-25T17:38:02.922+09:00 DEBUG 21808 --- [portforu] [main] org.hibernate.SQL                        : 
    alter table comments 
       add constraint FK5cwxj0hna6dqmgdwwh8jsncln 
       foreign key (portfolio_id) 
       references portfolios (id)
2025-04-25T17:38:02.929+09:00 DEBUG 21808 --- [portforu] [main] org.hibernate.SQL                        : 
    alter table payments 
       add constraint FKb1214sjecn8nd2f1b0shp3lpo 
       foreign key (subscribe_id) 
       references subscribes (id)
2025-04-25T17:38:02.935+09:00 DEBUG 21808 --- [portforu] [main] org.hibernate.SQL                        : 
    alter table portfolios 
       add constraint FKonyc71oyvfe6f7u5ut93hwfbf 
       foreign key (member_id) 
       references members (id)
2025-04-25T17:38:02.942+09:00 DEBUG 21808 --- [portforu] [main] org.hibernate.SQL                        : 
    alter table scraps 
       add constraint FKmqtt9v6pl7qy7jglcin8bcmkm 
       foreign key (job_posting_id) 
       references job_postings (id)
2025-04-25T17:38:02.949+09:00 DEBUG 21808 --- [portforu] [main] org.hibernate.SQL                        : 
    alter table scraps 
       add constraint FKhe5gvk4bvdo4b68mtxueq0wot 
       foreign key (member_id) 
       references members (id)
2025-04-25T17:38:02.956+09:00 DEBUG 21808 --- [portforu] [main] org.hibernate.SQL                        : 
    alter table subscribes 
       add constraint FK1ll7f1tjs7lt3xiqfcbrfmdum 
       foreign key (member_id) 
       references members (id)
2025-04-25T17:38:02.963+09:00 DEBUG 21808 --- [portforu] [main] org.hibernate.SQL                        : 
    alter table subscribes 
       add constraint FKhnsopwrnsd8c21915rj71d2jx 
       foreign key (membership_id) 
       references memberships (id)
2025-04-25T17:38:02.973+09:00  INFO 21808 --- [portforu] [main] j.LocalContainerEntityManagerFactoryBean : Initialized JPA EntityManagerFactory for persistence unit 'default'
2025-04-25T17:38:03.167+09:00  INFO 21808 --- [portforu] [main] o.s.d.j.r.query.QueryEnhancerFactory     : Hibernate is in classpath; If applicable, HQL parser will be used.
2025-04-25T17:38:03.832+09:00  WARN 21808 --- [portforu] [main] com.amazonaws.util.VersionInfoUtils      : The AWS SDK for Java 1.x entered maintenance mode starting July 31, 2024 and will reach end of support on December 31, 2025. For more information, see https://aws.amazon.com/blogs/developer/the-aws-sdk-for-java-1-x-is-in-maintenance-mode-effective-july-31-2024/
You can print where on the file system the AWS SDK for Java 1.x core runtime is located by setting the AWS_JAVA_V1_PRINT_LOCATION environment variable or aws.java.v1.printLocation system property to 'true'.
This message can be disabled by setting the AWS_JAVA_V1_DISABLE_DEPRECATION_ANNOUNCEMENT environment variable or aws.java.v1.disableDeprecationAnnouncement system property to 'true'.
The AWS SDK for Java 1.x is being used here:
at java.base/java.lang.Thread.getStackTrace(Thread.java:1619)
at com.amazonaws.util.VersionInfoUtils.printDeprecationAnnouncement(VersionInfoUtils.java:81)
at com.amazonaws.util.VersionInfoUtils.<clinit>(VersionInfoUtils.java:59)
at com.amazonaws.internal.EC2ResourceFetcher.<clinit>(EC2ResourceFetcher.java:44)
at com.amazonaws.auth.InstanceMetadataServiceCredentialsFetcher.<init>(InstanceMetadataServiceCredentialsFetcher.java:38)
at com.amazonaws.auth.InstanceProfileCredentialsProvider.<init>(InstanceProfileCredentialsProvider.java:111)
at com.amazonaws.auth.InstanceProfileCredentialsProvider.<init>(InstanceProfileCredentialsProvider.java:91)
at com.amazonaws.auth.InstanceProfileCredentialsProvider.<init>(InstanceProfileCredentialsProvider.java:75)
at com.amazonaws.auth.InstanceProfileCredentialsProvider.<clinit>(InstanceProfileCredentialsProvider.java:58)
at com.amazonaws.auth.EC2ContainerCredentialsProviderWrapper.initializeProvider(EC2ContainerCredentialsProviderWrapper.java:66)
at com.amazonaws.auth.EC2ContainerCredentialsProviderWrapper.<init>(EC2ContainerCredentialsProviderWrapper.java:55)
at com.amazonaws.auth.DefaultAWSCredentialsProviderChain.<init>(DefaultAWSCredentialsProviderChain.java:60)
at com.amazonaws.auth.DefaultAWSCredentialsProviderChain.<clinit>(DefaultAWSCredentialsProviderChain.java:54)
at com.amazonaws.services.s3.AmazonS3ClientBuilder.standard(AmazonS3ClientBuilder.java:46)
at org.pinggu.portforu.config.S3Config.amazonS3(S3Config.java:26)
at org.pinggu.portforu.config.S3Config$$SpringCGLIB$$0.CGLIB$amazonS3$0(<generated>)
at org.pinggu.portforu.config.S3Config$$SpringCGLIB$$FastClass$$1.invoke(<generated>)
at org.springframework.cglib.proxy.MethodProxy.invokeSuper(MethodProxy.java:258)
at org.springframework.context.annotation.ConfigurationClassEnhancer$BeanMethodInterceptor.intercept(ConfigurationClassEnhancer.java:370)
at org.pinggu.portforu.config.S3Config$$SpringCGLIB$$0.amazonS3(<generated>)
at java.base/jdk.internal.reflect.NativeMethodAccessorImpl.invoke0(Native Method)
at java.base/jdk.internal.reflect.NativeMethodAccessorImpl.invoke(NativeMethodAccessorImpl.java:77)
at java.base/jdk.internal.reflect.DelegatingMethodAccessorImpl.invoke(DelegatingMethodAccessorImpl.java:43)
at java.base/java.lang.reflect.Method.invoke(Method.java:569)
at org.springframework.beans.factory.support.SimpleInstantiationStrategy.lambda$instantiate$0(SimpleInstantiationStrategy.java:171)
at org.springframework.beans.factory.support.SimpleInstantiationStrategy.instantiateWithFactoryMethod(SimpleInstantiationStrategy.java:88)
at org.springframework.beans.factory.support.SimpleInstantiationStrategy.instantiate(SimpleInstantiationStrategy.java:168)
at org.springframework.beans.factory.support.ConstructorResolver.instantiate(ConstructorResolver.java:653)
at org.springframework.beans.factory.support.ConstructorResolver.instantiateUsingFactoryMethod(ConstructorResolver.java:489)
at org.springframework.beans.factory.support.AbstractAutowireCapableBeanFactory.instantiateUsingFactoryMethod(AbstractAutowireCapableBeanFactory.java:1361)
at org.springframework.beans.factory.support.AbstractAutowireCapableBeanFactory.createBeanInstance(AbstractAutowireCapableBeanFactory.java:1191)
at org.springframework.beans.factory.support.AbstractAutowireCapableBeanFactory.doCreateBean(AbstractAutowireCapableBeanFactory.java:563)
at org.springframework.beans.factory.support.AbstractAutowireCapableBeanFactory.createBean(AbstractAutowireCapableBeanFactory.java:523)
at org.springframework.beans.factory.support.AbstractBeanFactory.lambda$doGetBean$0(AbstractBeanFactory.java:339)
at org.springframework.beans.factory.support.DefaultSingletonBeanRegistry.getSingleton(DefaultSingletonBeanRegistry.java:347)
at org.springframework.beans.factory.support.AbstractBeanFactory.doGetBean(AbstractBeanFactory.java:337)
at org.springframework.beans.factory.support.AbstractBeanFactory.getBean(AbstractBeanFactory.java:202)
at org.springframework.beans.factory.support.DefaultListableBeanFactory.doResolveDependency(DefaultListableBeanFactory.java:1609)
at org.springframework.beans.factory.support.DefaultListableBeanFactory.resolveDependency(DefaultListableBeanFactory.java:1555)
at org.springframework.beans.factory.support.ConstructorResolver.resolveAutowiredArgument(ConstructorResolver.java:913)
at org.springframework.beans.factory.support.ConstructorResolver.createArgumentArray(ConstructorResolver.java:791)
at org.springframework.beans.factory.support.ConstructorResolver.autowireConstructor(ConstructorResolver.java:240)
at org.springframework.beans.factory.support.AbstractAutowireCapableBeanFactory.autowireConstructor(AbstractAutowireCapableBeanFactory.java:1381)
at org.springframework.beans.factory.support.AbstractAutowireCapableBeanFactory.createBeanInstance(AbstractAutowireCapableBeanFactory.java:1218)
at org.springframework.beans.factory.support.AbstractAutowireCapableBeanFactory.doCreateBean(AbstractAutowireCapableBeanFactory.java:563)
at org.springframework.beans.factory.support.AbstractAutowireCapableBeanFactory.createBean(AbstractAutowireCapableBeanFactory.java:523)
at org.springframework.beans.factory.support.AbstractBeanFactory.lambda$doGetBean$0(AbstractBeanFactory.java:339)
at org.springframework.beans.factory.support.DefaultSingletonBeanRegistry.getSingleton(DefaultSingletonBeanRegistry.java:347)
at org.springframework.beans.factory.support.AbstractBeanFactory.doGetBean(AbstractBeanFactory.java:337)
at org.springframework.beans.factory.support.AbstractBeanFactory.getBean(AbstractBeanFactory.java:202)
at org.springframework.beans.factory.support.DefaultListableBeanFactory.doResolveDependency(DefaultListableBeanFactory.java:1609)
at org.springframework.beans.factory.support.DefaultListableBeanFactory.resolveDependency(DefaultListableBeanFactory.java:1555)
at org.springframework.beans.factory.support.ConstructorResolver.resolveAutowiredArgument(ConstructorResolver.java:913)
at org.springframework.beans.factory.support.ConstructorResolver.createArgumentArray(ConstructorResolver.java:791)
at org.springframework.beans.factory.support.ConstructorResolver.autowireConstructor(ConstructorResolver.java:240)
at org.springframework.beans.factory.support.AbstractAutowireCapableBeanFactory.autowireConstructor(AbstractAutowireCapableBeanFactory.java:1381)
at org.springframework.beans.factory.support.AbstractAutowireCapableBeanFactory.createBeanInstance(AbstractAutowireCapableBeanFactory.java:1218)
at org.springframework.beans.factory.support.AbstractAutowireCapableBeanFactory.doCreateBean(AbstractAutowireCapableBeanFactory.java:563)
at org.springframework.beans.factory.support.AbstractAutowireCapableBeanFactory.createBean(AbstractAutowireCapableBeanFactory.java:523)
at org.springframework.beans.factory.support.AbstractBeanFactory.lambda$doGetBean$0(AbstractBeanFactory.java:339)
at org.springframework.beans.factory.support.DefaultSingletonBeanRegistry.getSingleton(DefaultSingletonBeanRegistry.java:347)
at org.springframework.beans.factory.support.AbstractBeanFactory.doGetBean(AbstractBeanFactory.java:337)
at org.springframework.beans.factory.support.AbstractBeanFactory.getBean(AbstractBeanFactory.java:202)
at org.springframework.beans.factory.support.DefaultListableBeanFactory.doResolveDependency(DefaultListableBeanFactory.java:1609)
at org.springframework.beans.factory.support.DefaultListableBeanFactory.resolveDependency(DefaultListableBeanFactory.java:1555)
at org.springframework.beans.factory.support.ConstructorResolver.resolveAutowiredArgument(ConstructorResolver.java:913)
at org.springframework.beans.factory.support.ConstructorResolver.createArgumentArray(ConstructorResolver.java:791)
at org.springframework.beans.factory.support.ConstructorResolver.autowireConstructor(ConstructorResolver.java:240)
at org.springframework.beans.factory.support.AbstractAutowireCapableBeanFactory.autowireConstructor(AbstractAutowireCapableBeanFactory.java:1381)
at org.springframework.beans.factory.support.AbstractAutowireCapableBeanFactory.createBeanInstance(AbstractAutowireCapableBeanFactory.java:1218)
at org.springframework.beans.factory.support.AbstractAutowireCapableBeanFactory.doCreateBean(AbstractAutowireCapableBeanFactory.java:563)
at org.springframework.beans.factory.support.AbstractAutowireCapableBeanFactory.createBean(AbstractAutowireCapableBeanFactory.java:523)
at org.springframework.beans.factory.support.AbstractBeanFactory.lambda$doGetBean$0(AbstractBeanFactory.java:339)
at org.springframework.beans.factory.support.DefaultSingletonBeanRegistry.getSingleton(DefaultSingletonBeanRegistry.java:347)
at org.springframework.beans.factory.support.AbstractBeanFactory.doGetBean(AbstractBeanFactory.java:337)
at org.springframework.beans.factory.support.AbstractBeanFactory.getBean(AbstractBeanFactory.java:202)
at org.springframework.beans.factory.support.DefaultListableBeanFactory.instantiateSingleton(DefaultListableBeanFactory.java:1155)
at org.springframework.beans.factory.support.DefaultListableBeanFactory.preInstantiateSingleton(DefaultListableBeanFactory.java:1121)
at org.springframework.beans.factory.support.DefaultListableBeanFactory.preInstantiateSingletons(DefaultListableBeanFactory.java:1056)
at org.springframework.context.support.AbstractApplicationContext.finishBeanFactoryInitialization(AbstractApplicationContext.java:987)
at org.springframework.context.support.AbstractApplicationContext.refresh(AbstractApplicationContext.java:627)
at org.springframework.boot.web.servlet.context.ServletWebServerApplicationContext.refresh(ServletWebServerApplicationContext.java:146)
at org.springframework.boot.SpringApplication.refresh(SpringApplication.java:752)
at org.springframework.boot.SpringApplication.refreshContext(SpringApplication.java:439)
at org.springframework.boot.SpringApplication.run(SpringApplication.java:318)
at org.springframework.boot.SpringApplication.run(SpringApplication.java:1361)
at org.springframework.boot.SpringApplication.run(SpringApplication.java:1350)
at org.pinggu.portforu.PortforuApplication.main(PortforuApplication.java:12)
2025-04-25T17:38:03.993+09:00  WARN 21808 --- [portforu] [main] JpaBaseConfiguration$JpaWebConfiguration : spring.jpa.open-in-view is enabled by default. Therefore, database queries may be performed during view rendering. Explicitly configure spring.jpa.open-in-view to disable this warning
2025-04-25T17:38:04.032+09:00 DEBUG 21808 --- [portforu] [main] swordEncoderAuthenticationManagerBuilder : No authenticationProviders and no parentAuthenticationManager defined. Returning null.
2025-04-25T17:38:04.184+09:00 DEBUG 21808 --- [portforu] [main] o.s.s.web.DefaultSecurityFilterChain     : Will secure any request with filters: DisableEncodeUrlFilter, WebAsyncManagerIntegrationFilter, SecurityContextHolderFilter, HeaderWriterFilter, OAuth2AuthorizationRequestRedirectFilter, OAuth2LoginAuthenticationFilter, DefaultResourcesFilter, DefaultLoginPageGeneratingFilter, RequestCacheAwareFilter, JwtAuthenticationFilter, SecurityContextHolderAwareRequestFilter, AnonymousAuthenticationFilter, SessionManagementFilter, ExceptionTranslationFilter, AuthorizationFilter
2025-04-25T17:38:04.501+09:00  INFO 21808 --- [portforu] [main] o.s.b.w.embedded.tomcat.TomcatWebServer  : Tomcat started on port 8080 (http) with context path '/'
2025-04-25T17:38:04.509+09:00  INFO 21808 --- [portforu] [main] o.pinggu.portforu.PortforuApplication    : Started PortforuApplication in 3.753 seconds (process running for 3.995)
2025-04-25T17:38:04.548+09:00 DEBUG 21808 --- [portforu] [scheduling-1] org.hibernate.SQL                        : 
    select
        jp1_0.id,
        jp1_0.company,
        jp1_0.created_at,
        jp1_0.duty,
        jp1_0.education_level,
        jp1_0.employment_type,
        jp1_0.experience_years,
        jp1_0.hiring_end_at,
        jp1_0.hiring_start_at,
        jp1_0.indexed,
        jp1_0.is_deleted,
        jp1_0.key_abilities,
        jp1_0.link,
        jp1_0.location,
        jp1_0.max_experience_years,
        jp1_0.min_experience_years,
        jp1_0.salary,
        jp1_0.skills,
        jp1_0.title,
        jp1_0.updated_at 
    from
        job_postings jp1_0 
    where
        (
            jp1_0.is_deleted = 0
        ) 
        and not(jp1_0.indexed) 
    limit
        ?
2025-04-25T17:38:04.563+09:00  INFO 21808 --- [portforu] [scheduling-1] o.p.p.d.j.e.s.JobPostingIndexScheduler   : 색인 대기 중인 채용공고 없음
2025-04-25T17:39:34.024+09:00  INFO 21808 --- [portforu] [SpringApplicationShutdownHook] o.s.b.w.e.tomcat.GracefulShutdown        : Commencing graceful shutdown. Waiting for active requests to complete
2025-04-25T17:39:34.028+09:00  INFO 21808 --- [portforu] [tomcat-shutdown] o.s.b.w.e.tomcat.GracefulShutdown        : Graceful shutdown complete
2025-04-25T17:39:34.075+09:00  INFO 21808 --- [portforu] [SpringApplicationShutdownHook] j.LocalContainerEntityManagerFactoryBean : Closing JPA EntityManagerFactory for persistence unit 'default'
2025-04-25T17:39:34.076+09:00  INFO 21808 --- [portforu] [SpringApplicationShutdownHook] com.zaxxer.hikari.HikariDataSource       : HikariPool-1 - Shutdown initiated...
2025-04-25T17:39:34.080+09:00  INFO 21808 --- [portforu] [SpringApplicationShutdownHook] com.zaxxer.hikari.HikariDataSource       : HikariPool-1 - Shutdown completed.
2025-04-25T17:39:36.287+09:00  INFO 21882 --- [portforu] [main] o.pinggu.portforu.PortforuApplication    : Starting PortforuApplication using Java 17.0.13 with PID 21882 (/Users/t2023-m0111/IdeaProjects/portforu/build/classes/java/main started by t2023-m0111 in /Users/t2023-m0111/IdeaProjects/portforu)
2025-04-25T17:39:36.288+09:00  INFO 21882 --- [portforu] [main] o.pinggu.portforu.PortforuApplication    : The following 1 profile is active: "local"
2025-04-25T17:39:36.686+09:00  INFO 21882 --- [portforu] [main] .s.d.r.c.RepositoryConfigurationDelegate : Multiple Spring Data modules found, entering strict repository configuration mode
2025-04-25T17:39:36.687+09:00  INFO 21882 --- [portforu] [main] .s.d.r.c.RepositoryConfigurationDelegate : Bootstrapping Spring Data Elasticsearch repositories in DEFAULT mode.
2025-04-25T17:39:36.708+09:00  INFO 21882 --- [portforu] [main] .RepositoryConfigurationExtensionSupport : Spring Data Elasticsearch - Could not safely identify store assignment for repository candidate interface org.pinggu.portforu.domain.auth.repository.RefreshTokenRepository; If you want this repository to be a Elasticsearch repository, consider annotating your entities with one of these annotations: org.springframework.data.elasticsearch.annotations.Document (preferred), or consider extending one of the following types with your repository: org.springframework.data.elasticsearch.repository.ElasticsearchRepository
2025-04-25T17:39:36.710+09:00  INFO 21882 --- [portforu] [main] .RepositoryConfigurationExtensionSupport : Spring Data Elasticsearch - Could not safely identify store assignment for repository candidate interface org.pinggu.portforu.domain.comment.repository.CommentRepository; If you want this repository to be a Elasticsearch repository, consider annotating your entities with one of these annotations: org.springframework.data.elasticsearch.annotations.Document (preferred), or consider extending one of the following types with your repository: org.springframework.data.elasticsearch.repository.ElasticsearchRepository
2025-04-25T17:39:36.757+09:00  INFO 21882 --- [portforu] [main] .RepositoryConfigurationExtensionSupport : Spring Data Elasticsearch - Could not safely identify store assignment for repository candidate interface org.pinggu.portforu.domain.jobposting.repository.JobPostingRepository; If you want this repository to be a Elasticsearch repository, consider annotating your entities with one of these annotations: org.springframework.data.elasticsearch.annotations.Document (preferred), or consider extending one of the following types with your repository: org.springframework.data.elasticsearch.repository.ElasticsearchRepository
2025-04-25T17:39:36.757+09:00  INFO 21882 --- [portforu] [main] .RepositoryConfigurationExtensionSupport : Spring Data Elasticsearch - Could not safely identify store assignment for repository candidate interface org.pinggu.portforu.domain.member.repository.MemberRepository; If you want this repository to be a Elasticsearch repository, consider annotating your entities with one of these annotations: org.springframework.data.elasticsearch.annotations.Document (preferred), or consider extending one of the following types with your repository: org.springframework.data.elasticsearch.repository.ElasticsearchRepository
2025-04-25T17:39:36.758+09:00  INFO 21882 --- [portforu] [main] .RepositoryConfigurationExtensionSupport : Spring Data Elasticsearch - Could not safely identify store assignment for repository candidate interface org.pinggu.portforu.domain.membership.repository.MembershipRepository; If you want this repository to be a Elasticsearch repository, consider annotating your entities with one of these annotations: org.springframework.data.elasticsearch.annotations.Document (preferred), or consider extending one of the following types with your repository: org.springframework.data.elasticsearch.repository.ElasticsearchRepository
2025-04-25T17:39:36.758+09:00  INFO 21882 --- [portforu] [main] .RepositoryConfigurationExtensionSupport : Spring Data Elasticsearch - Could not safely identify store assignment for repository candidate interface org.pinggu.portforu.domain.payment.repository.PaymentRepository; If you want this repository to be a Elasticsearch repository, consider annotating your entities with one of these annotations: org.springframework.data.elasticsearch.annotations.Document (preferred), or consider extending one of the following types with your repository: org.springframework.data.elasticsearch.repository.ElasticsearchRepository
2025-04-25T17:39:36.758+09:00  INFO 21882 --- [portforu] [main] .RepositoryConfigurationExtensionSupport : Spring Data Elasticsearch - Could not safely identify store assignment for repository candidate interface org.pinggu.portforu.domain.portfolio.repository.PortfolioRepository; If you want this repository to be a Elasticsearch repository, consider annotating your entities with one of these annotations: org.springframework.data.elasticsearch.annotations.Document (preferred), or consider extending one of the following types with your repository: org.springframework.data.elasticsearch.repository.ElasticsearchRepository
2025-04-25T17:39:36.759+09:00  INFO 21882 --- [portforu] [main] .RepositoryConfigurationExtensionSupport : Spring Data Elasticsearch - Could not safely identify store assignment for repository candidate interface org.pinggu.portforu.domain.portfolio.repository.UploadedFileRepository; If you want this repository to be a Elasticsearch repository, consider annotating your entities with one of these annotations: org.springframework.data.elasticsearch.annotations.Document (preferred), or consider extending one of the following types with your repository: org.springframework.data.elasticsearch.repository.ElasticsearchRepository
2025-04-25T17:39:36.759+09:00  INFO 21882 --- [portforu] [main] .RepositoryConfigurationExtensionSupport : Spring Data Elasticsearch - Could not safely identify store assignment for repository candidate interface org.pinggu.portforu.domain.scrap.repository.ScrapRepository; If you want this repository to be a Elasticsearch repository, consider annotating your entities with one of these annotations: org.springframework.data.elasticsearch.annotations.Document (preferred), or consider extending one of the following types with your repository: org.springframework.data.elasticsearch.repository.ElasticsearchRepository
2025-04-25T17:39:36.759+09:00  INFO 21882 --- [portforu] [main] .RepositoryConfigurationExtensionSupport : Spring Data Elasticsearch - Could not safely identify store assignment for repository candidate interface org.pinggu.portforu.domain.subscribe.repository.SubscribeRepository; If you want this repository to be a Elasticsearch repository, consider annotating your entities with one of these annotations: org.springframework.data.elasticsearch.annotations.Document (preferred), or consider extending one of the following types with your repository: org.springframework.data.elasticsearch.repository.ElasticsearchRepository
2025-04-25T17:39:36.767+09:00  INFO 21882 --- [portforu] [main] .s.d.r.c.RepositoryConfigurationDelegate : Finished Spring Data repository scanning in 77 ms. Found 1 Elasticsearch repository interface.
2025-04-25T17:39:36.770+09:00  INFO 21882 --- [portforu] [main] .s.d.r.c.RepositoryConfigurationDelegate : Multiple Spring Data modules found, entering strict repository configuration mode
2025-04-25T17:39:36.770+09:00  INFO 21882 --- [portforu] [main] .s.d.r.c.RepositoryConfigurationDelegate : Bootstrapping Spring Data Reactive Elasticsearch repositories in DEFAULT mode.
2025-04-25T17:39:36.775+09:00  INFO 21882 --- [portforu] [main] .RepositoryConfigurationExtensionSupport : Spring Data Reactive Elasticsearch - Could not safely identify store assignment for repository candidate interface org.pinggu.portforu.domain.auth.repository.RefreshTokenRepository; If you want this repository to be a Reactive Elasticsearch repository, consider annotating your entities with one of these annotations: org.springframework.data.elasticsearch.annotations.Document (preferred), or consider extending one of the following types with your repository: org.springframework.data.elasticsearch.repository.ReactiveElasticsearchRepository
2025-04-25T17:39:36.775+09:00  INFO 21882 --- [portforu] [main] .RepositoryConfigurationExtensionSupport : Spring Data Reactive Elasticsearch - Could not safely identify store assignment for repository candidate interface org.pinggu.portforu.domain.comment.repository.CommentRepository; If you want this repository to be a Reactive Elasticsearch repository, consider annotating your entities with one of these annotations: org.springframework.data.elasticsearch.annotations.Document (preferred), or consider extending one of the following types with your repository: org.springframework.data.elasticsearch.repository.ReactiveElasticsearchRepository
2025-04-25T17:39:36.776+09:00  INFO 21882 --- [portforu] [main] .RepositoryConfigurationExtensionSupport : Spring Data Reactive Elasticsearch - Could not safely identify store assignment for repository candidate interface org.pinggu.portforu.domain.jobposting.repository.JobPostingRepository; If you want this repository to be a Reactive Elasticsearch repository, consider annotating your entities with one of these annotations: org.springframework.data.elasticsearch.annotations.Document (preferred), or consider extending one of the following types with your repository: org.springframework.data.elasticsearch.repository.ReactiveElasticsearchRepository
2025-04-25T17:39:36.776+09:00  INFO 21882 --- [portforu] [main] .RepositoryConfigurationExtensionSupport : Spring Data Reactive Elasticsearch - Could not safely identify store assignment for repository candidate interface org.pinggu.portforu.domain.member.repository.MemberRepository; If you want this repository to be a Reactive Elasticsearch repository, consider annotating your entities with one of these annotations: org.springframework.data.elasticsearch.annotations.Document (preferred), or consider extending one of the following types with your repository: org.springframework.data.elasticsearch.repository.ReactiveElasticsearchRepository
2025-04-25T17:39:36.776+09:00  INFO 21882 --- [portforu] [main] .RepositoryConfigurationExtensionSupport : Spring Data Reactive Elasticsearch - Could not safely identify store assignment for repository candidate interface org.pinggu.portforu.domain.membership.repository.MembershipRepository; If you want this repository to be a Reactive Elasticsearch repository, consider annotating your entities with one of these annotations: org.springframework.data.elasticsearch.annotations.Document (preferred), or consider extending one of the following types with your repository: org.springframework.data.elasticsearch.repository.ReactiveElasticsearchRepository
2025-04-25T17:39:36.776+09:00  INFO 21882 --- [portforu] [main] .RepositoryConfigurationExtensionSupport : Spring Data Reactive Elasticsearch - Could not safely identify store assignment for repository candidate interface org.pinggu.portforu.domain.payment.repository.PaymentRepository; If you want this repository to be a Reactive Elasticsearch repository, consider annotating your entities with one of these annotations: org.springframework.data.elasticsearch.annotations.Document (preferred), or consider extending one of the following types with your repository: org.springframework.data.elasticsearch.repository.ReactiveElasticsearchRepository
2025-04-25T17:39:36.776+09:00  INFO 21882 --- [portforu] [main] .RepositoryConfigurationExtensionSupport : Spring Data Reactive Elasticsearch - Could not safely identify store assignment for repository candidate interface org.pinggu.portforu.domain.portfolio.repository.PortfolioRepository; If you want this repository to be a Reactive Elasticsearch repository, consider annotating your entities with one of these annotations: org.springframework.data.elasticsearch.annotations.Document (preferred), or consider extending one of the following types with your repository: org.springframework.data.elasticsearch.repository.ReactiveElasticsearchRepository
2025-04-25T17:39:36.776+09:00  INFO 21882 --- [portforu] [main] .RepositoryConfigurationExtensionSupport : Spring Data Reactive Elasticsearch - Could not safely identify store assignment for repository candidate interface org.pinggu.portforu.domain.portfolio.repository.UploadedFileRepository; If you want this repository to be a Reactive Elasticsearch repository, consider annotating your entities with one of these annotations: org.springframework.data.elasticsearch.annotations.Document (preferred), or consider extending one of the following types with your repository: org.springframework.data.elasticsearch.repository.ReactiveElasticsearchRepository
2025-04-25T17:39:36.776+09:00  INFO 21882 --- [portforu] [main] .RepositoryConfigurationExtensionSupport : Spring Data Reactive Elasticsearch - Could not safely identify store assignment for repository candidate interface org.pinggu.portforu.domain.scrap.repository.ScrapRepository; If you want this repository to be a Reactive Elasticsearch repository, consider annotating your entities with one of these annotations: org.springframework.data.elasticsearch.annotations.Document (preferred), or consider extending one of the following types with your repository: org.springframework.data.elasticsearch.repository.ReactiveElasticsearchRepository
2025-04-25T17:39:36.776+09:00  INFO 21882 --- [portforu] [main] .RepositoryConfigurationExtensionSupport : Spring Data Reactive Elasticsearch - Could not safely identify store assignment for repository candidate interface org.pinggu.portforu.domain.subscribe.repository.SubscribeRepository; If you want this repository to be a Reactive Elasticsearch repository, consider annotating your entities with one of these annotations: org.springframework.data.elasticsearch.annotations.Document (preferred), or consider extending one of the following types with your repository: org.springframework.data.elasticsearch.repository.ReactiveElasticsearchRepository
2025-04-25T17:39:36.777+09:00  INFO 21882 --- [portforu] [main] .s.d.r.c.RepositoryConfigurationDelegate : Finished Spring Data repository scanning in 5 ms. Found 0 Reactive Elasticsearch repository interfaces.
2025-04-25T17:39:36.780+09:00  INFO 21882 --- [portforu] [main] .s.d.r.c.RepositoryConfigurationDelegate : Multiple Spring Data modules found, entering strict repository configuration mode
2025-04-25T17:39:36.781+09:00  INFO 21882 --- [portforu] [main] .s.d.r.c.RepositoryConfigurationDelegate : Bootstrapping Spring Data JPA repositories in DEFAULT mode.
2025-04-25T17:39:36.788+09:00  INFO 21882 --- [portforu] [main] .RepositoryConfigurationExtensionSupport : Spring Data JPA - Could not safely identify store assignment for repository candidate interface org.pinggu.portforu.domain.jobposting.elastic.repository.JobPostingSearchRepository; If you want this repository to be a JPA repository, consider annotating your entities with one of these annotations: jakarta.persistence.Entity, jakarta.persistence.MappedSuperclass (preferred), or consider extending one of the following types with your repository: org.springframework.data.jpa.repository.JpaRepository
2025-04-25T17:39:36.796+09:00  INFO 21882 --- [portforu] [main] .s.d.r.c.RepositoryConfigurationDelegate : Finished Spring Data repository scanning in 13 ms. Found 10 JPA repository interfaces.
2025-04-25T17:39:36.803+09:00  INFO 21882 --- [portforu] [main] .s.d.r.c.RepositoryConfigurationDelegate : Multiple Spring Data modules found, entering strict repository configuration mode
2025-04-25T17:39:36.804+09:00  INFO 21882 --- [portforu] [main] .s.d.r.c.RepositoryConfigurationDelegate : Bootstrapping Spring Data Redis repositories in DEFAULT mode.
2025-04-25T17:39:36.811+09:00  INFO 21882 --- [portforu] [main] .RepositoryConfigurationExtensionSupport : Spring Data Redis - Could not safely identify store assignment for repository candidate interface org.pinggu.portforu.domain.auth.repository.RefreshTokenRepository; If you want this repository to be a Redis repository, consider annotating your entities with one of these annotations: org.springframework.data.redis.core.RedisHash (preferred), or consider extending one of the following types with your repository: org.springframework.data.keyvalue.repository.KeyValueRepository
2025-04-25T17:39:36.811+09:00  INFO 21882 --- [portforu] [main] .RepositoryConfigurationExtensionSupport : Spring Data Redis - Could not safely identify store assignment for repository candidate interface org.pinggu.portforu.domain.comment.repository.CommentRepository; If you want this repository to be a Redis repository, consider annotating your entities with one of these annotations: org.springframework.data.redis.core.RedisHash (preferred), or consider extending one of the following types with your repository: org.springframework.data.keyvalue.repository.KeyValueRepository
2025-04-25T17:39:36.811+09:00  INFO 21882 --- [portforu] [main] .RepositoryConfigurationExtensionSupport : Spring Data Redis - Could not safely identify store assignment for repository candidate interface org.pinggu.portforu.domain.jobposting.elastic.repository.JobPostingSearchRepository; If you want this repository to be a Redis repository, consider annotating your entities with one of these annotations: org.springframework.data.redis.core.RedisHash (preferred), or consider extending one of the following types with your repository: org.springframework.data.keyvalue.repository.KeyValueRepository
2025-04-25T17:39:36.812+09:00  INFO 21882 --- [portforu] [main] .RepositoryConfigurationExtensionSupport : Spring Data Redis - Could not safely identify store assignment for repository candidate interface org.pinggu.portforu.domain.jobposting.repository.JobPostingRepository; If you want this repository to be a Redis repository, consider annotating your entities with one of these annotations: org.springframework.data.redis.core.RedisHash (preferred), or consider extending one of the following types with your repository: org.springframework.data.keyvalue.repository.KeyValueRepository
2025-04-25T17:39:36.812+09:00  INFO 21882 --- [portforu] [main] .RepositoryConfigurationExtensionSupport : Spring Data Redis - Could not safely identify store assignment for repository candidate interface org.pinggu.portforu.domain.member.repository.MemberRepository; If you want this repository to be a Redis repository, consider annotating your entities with one of these annotations: org.springframework.data.redis.core.RedisHash (preferred), or consider extending one of the following types with your repository: org.springframework.data.keyvalue.repository.KeyValueRepository
2025-04-25T17:39:36.812+09:00  INFO 21882 --- [portforu] [main] .RepositoryConfigurationExtensionSupport : Spring Data Redis - Could not safely identify store assignment for repository candidate interface org.pinggu.portforu.domain.membership.repository.MembershipRepository; If you want this repository to be a Redis repository, consider annotating your entities with one of these annotations: org.springframework.data.redis.core.RedisHash (preferred), or consider extending one of the following types with your repository: org.springframework.data.keyvalue.repository.KeyValueRepository
2025-04-25T17:39:36.812+09:00  INFO 21882 --- [portforu] [main] .RepositoryConfigurationExtensionSupport : Spring Data Redis - Could not safely identify store assignment for repository candidate interface org.pinggu.portforu.domain.payment.repository.PaymentRepository; If you want this repository to be a Redis repository, consider annotating your entities with one of these annotations: org.springframework.data.redis.core.RedisHash (preferred), or consider extending one of the following types with your repository: org.springframework.data.keyvalue.repository.KeyValueRepository
2025-04-25T17:39:36.812+09:00  INFO 21882 --- [portforu] [main] .RepositoryConfigurationExtensionSupport : Spring Data Redis - Could not safely identify store assignment for repository candidate interface org.pinggu.portforu.domain.portfolio.repository.PortfolioRepository; If you want this repository to be a Redis repository, consider annotating your entities with one of these annotations: org.springframework.data.redis.core.RedisHash (preferred), or consider extending one of the following types with your repository: org.springframework.data.keyvalue.repository.KeyValueRepository
2025-04-25T17:39:36.812+09:00  INFO 21882 --- [portforu] [main] .RepositoryConfigurationExtensionSupport : Spring Data Redis - Could not safely identify store assignment for repository candidate interface org.pinggu.portforu.domain.portfolio.repository.UploadedFileRepository; If you want this repository to be a Redis repository, consider annotating your entities with one of these annotations: org.springframework.data.redis.core.RedisHash (preferred), or consider extending one of the following types with your repository: org.springframework.data.keyvalue.repository.KeyValueRepository
2025-04-25T17:39:36.812+09:00  INFO 21882 --- [portforu] [main] .RepositoryConfigurationExtensionSupport : Spring Data Redis - Could not safely identify store assignment for repository candidate interface org.pinggu.portforu.domain.scrap.repository.ScrapRepository; If you want this repository to be a Redis repository, consider annotating your entities with one of these annotations: org.springframework.data.redis.core.RedisHash (preferred), or consider extending one of the following types with your repository: org.springframework.data.keyvalue.repository.KeyValueRepository
2025-04-25T17:39:36.812+09:00  INFO 21882 --- [portforu] [main] .RepositoryConfigurationExtensionSupport : Spring Data Redis - Could not safely identify store assignment for repository candidate interface org.pinggu.portforu.domain.subscribe.repository.SubscribeRepository; If you want this repository to be a Redis repository, consider annotating your entities with one of these annotations: org.springframework.data.redis.core.RedisHash (preferred), or consider extending one of the following types with your repository: org.springframework.data.keyvalue.repository.KeyValueRepository
2025-04-25T17:39:36.812+09:00  INFO 21882 --- [portforu] [main] .s.d.r.c.RepositoryConfigurationDelegate : Finished Spring Data repository scanning in 5 ms. Found 0 Redis repository interfaces.
2025-04-25T17:39:37.180+09:00  INFO 21882 --- [portforu] [main] o.s.b.w.embedded.tomcat.TomcatWebServer  : Tomcat initialized with port 8080 (http)
2025-04-25T17:39:37.186+09:00  INFO 21882 --- [portforu] [main] o.apache.catalina.core.StandardService   : Starting service [Tomcat]
2025-04-25T17:39:37.186+09:00  INFO 21882 --- [portforu] [main] o.apache.catalina.core.StandardEngine    : Starting Servlet engine: [Apache Tomcat/10.1.39]
2025-04-25T17:39:37.209+09:00  INFO 21882 --- [portforu] [main] o.a.c.c.C.[Tomcat].[localhost].[/]       : Initializing Spring embedded WebApplicationContext
2025-04-25T17:39:37.209+09:00  INFO 21882 --- [portforu] [main] w.s.c.ServletWebServerApplicationContext : Root WebApplicationContext: initialization completed in 903 ms
2025-04-25T17:39:37.292+09:00  INFO 21882 --- [portforu] [main] o.hibernate.jpa.internal.util.LogHelper  : HHH000204: Processing PersistenceUnitInfo [name: default]
2025-04-25T17:39:37.320+09:00  INFO 21882 --- [portforu] [main] org.hibernate.Version                    : HHH000412: Hibernate ORM core version 6.6.11.Final
2025-04-25T17:39:37.334+09:00  INFO 21882 --- [portforu] [main] o.h.c.internal.RegionFactoryInitiator    : HHH000026: Second-level cache disabled
2025-04-25T17:39:37.463+09:00  INFO 21882 --- [portforu] [main] o.s.o.j.p.SpringPersistenceUnitInfo      : No LoadTimeWeaver setup: ignoring JPA class transformer
2025-04-25T17:39:37.476+09:00  INFO 21882 --- [portforu] [main] com.zaxxer.hikari.HikariDataSource       : HikariPool-1 - Starting...
2025-04-25T17:39:37.598+09:00  INFO 21882 --- [portforu] [main] com.zaxxer.hikari.pool.HikariPool        : HikariPool-1 - Added connection com.mysql.cj.jdbc.ConnectionImpl@402c9a60
2025-04-25T17:39:37.599+09:00  INFO 21882 --- [portforu] [main] com.zaxxer.hikari.HikariDataSource       : HikariPool-1 - Start completed.
2025-04-25T17:39:37.640+09:00  INFO 21882 --- [portforu] [main] org.hibernate.orm.connections.pooling    : HHH10001005: Database info:
	Database JDBC URL [Connecting through datasource 'HikariDataSource (HikariPool-1)']
	Database driver: undefined/unknown
	Database version: 9.2
	Autocommit mode: undefined/unknown
	Isolation level: undefined/unknown
	Minimum pool size: undefined/unknown
	Maximum pool size: undefined/unknown
2025-04-25T17:39:38.115+09:00  INFO 21882 --- [portforu] [main] o.h.e.t.j.p.i.JtaPlatformInitiator       : HHH000489: No JTA platform available (set 'hibernate.transaction.jta.platform' to enable JTA platform integration)
2025-04-25T17:39:38.121+09:00 DEBUG 21882 --- [portforu] [main] org.hibernate.SQL                        : 
    alter table comments 
       drop 
       foreign key FKkv22t54g17a6hvj7hbn6byh5s
2025-04-25T17:39:38.137+09:00 DEBUG 21882 --- [portforu] [main] org.hibernate.SQL                        : 
    alter table comments 
       drop 
       foreign key FK5cwxj0hna6dqmgdwwh8jsncln
2025-04-25T17:39:38.147+09:00 DEBUG 21882 --- [portforu] [main] org.hibernate.SQL                        : 
    alter table payments 
       drop 
       foreign key FKb1214sjecn8nd2f1b0shp3lpo
2025-04-25T17:39:38.155+09:00 DEBUG 21882 --- [portforu] [main] org.hibernate.SQL                        : 
    alter table portfolios 
       drop 
       foreign key FKonyc71oyvfe6f7u5ut93hwfbf
2025-04-25T17:39:38.159+09:00 DEBUG 21882 --- [portforu] [main] org.hibernate.SQL                        : 
    alter table scraps 
       drop 
       foreign key FKmqtt9v6pl7qy7jglcin8bcmkm
2025-04-25T17:39:38.162+09:00 DEBUG 21882 --- [portforu] [main] org.hibernate.SQL                        : 
    alter table scraps 
       drop 
       foreign key FKhe5gvk4bvdo4b68mtxueq0wot
2025-04-25T17:39:38.165+09:00 DEBUG 21882 --- [portforu] [main] org.hibernate.SQL                        : 
    alter table subscribes 
       drop 
       foreign key FK1ll7f1tjs7lt3xiqfcbrfmdum
2025-04-25T17:39:38.169+09:00 DEBUG 21882 --- [portforu] [main] org.hibernate.SQL                        : 
    alter table subscribes 
       drop 
       foreign key FKhnsopwrnsd8c21915rj71d2jx
2025-04-25T17:39:38.172+09:00 DEBUG 21882 --- [portforu] [main] org.hibernate.SQL                        : 
    drop table if exists comments
2025-04-25T17:39:38.175+09:00 DEBUG 21882 --- [portforu] [main] org.hibernate.SQL                        : 
    drop table if exists job_postings
2025-04-25T17:39:38.177+09:00 DEBUG 21882 --- [portforu] [main] org.hibernate.SQL                        : 
    drop table if exists members
2025-04-25T17:39:38.179+09:00 DEBUG 21882 --- [portforu] [main] org.hibernate.SQL                        : 
    drop table if exists memberships
2025-04-25T17:39:38.181+09:00 DEBUG 21882 --- [portforu] [main] org.hibernate.SQL                        : 
    drop table if exists payments
2025-04-25T17:39:38.183+09:00 DEBUG 21882 --- [portforu] [main] org.hibernate.SQL                        : 
    drop table if exists portfolios
2025-04-25T17:39:38.186+09:00 DEBUG 21882 --- [portforu] [main] org.hibernate.SQL                        : 
    drop table if exists refresh_token
2025-04-25T17:39:38.187+09:00 DEBUG 21882 --- [portforu] [main] org.hibernate.SQL                        : 
    drop table if exists scraps
2025-04-25T17:39:38.189+09:00 DEBUG 21882 --- [portforu] [main] org.hibernate.SQL                        : 
    drop table if exists subscribes
2025-04-25T17:39:38.191+09:00 DEBUG 21882 --- [portforu] [main] org.hibernate.SQL                        : 
    drop table if exists uploaded_file
2025-04-25T17:39:38.197+09:00 DEBUG 21882 --- [portforu] [main] org.hibernate.SQL                        : 
    create table comments (
        is_deleted bit not null,
        created_at datetime(6),
        id bigint not null auto_increment,
        member_id bigint not null,
        portfolio_id bigint not null,
        updated_at datetime(6),
        content varchar(255) not null,
        primary key (id)
    ) engine=InnoDB
2025-04-25T17:39:38.201+09:00 DEBUG 21882 --- [portforu] [main] org.hibernate.SQL                        : 
    create table job_postings (
        indexed bit not null,
        is_deleted bit not null,
        max_experience_years integer,
        min_experience_years integer,
        created_at datetime(6),
        hiring_end_at datetime(6),
        hiring_start_at datetime(6),
        id bigint not null auto_increment,
        updated_at datetime(6),
        company varchar(255) not null,
        duty varchar(255) not null,
        education_level varchar(255) not null,
        employment_type varchar(255) not null,
        experience_years varchar(255) not null,
        key_abilities varchar(255) not null,
        link varchar(255) not null,
        location varchar(255) not null,
        salary varchar(255) not null,
        skills varchar(255),
        title varchar(255) not null,
        primary key (id)
    ) engine=InnoDB
2025-04-25T17:39:38.207+09:00 DEBUG 21882 --- [portforu] [main] org.hibernate.SQL                        : 
    create table members (
        is_deleted bit not null,
        view_count integer not null,
        created_at datetime(6),
        id bigint not null auto_increment,
        updated_at datetime(6),
        phone_number varchar(30) not null,
        name varchar(50) not null,
        password varchar(60) not null,
        email varchar(100) not null,
        address varchar(255) not null,
        provider varchar(255),
        user_role enum ('ROLE_ADMIN','ROLE_USER') not null,
        primary key (id)
    ) engine=InnoDB
2025-04-25T17:39:38.211+09:00 DEBUG 21882 --- [portforu] [main] org.hibernate.SQL                        : 
    create table memberships (
        is_deleted bit not null,
        price integer not null,
        quantity integer not null,
        year integer not null,
        created_at datetime(6),
        id bigint not null auto_increment,
        updated_at datetime(6),
        name varchar(50) not null,
        primary key (id)
    ) engine=InnoDB
2025-04-25T17:39:38.214+09:00 DEBUG 21882 --- [portforu] [main] org.hibernate.SQL                        : 
    create table payments (
        is_deleted bit not null,
        created_at datetime(6),
        id bigint not null auto_increment,
        subscribe_id bigint not null,
        updated_at datetime(6),
        payment_key varchar(255),
        payment_method enum ('ACCOUNT_TRANSFER','BOOK_GIFT','CARD','CULTURE_GIFT','GAME_GIFT','MOBILE_PHONE','TOSS_PAY','UNKNOWN','VIRTUAL_ACCOUNT'),
        status enum ('CANCELED','COMPLETED','EXPIRED','FAILED','PENDING'),
        primary key (id)
    ) engine=InnoDB
2025-04-25T17:39:38.218+09:00 DEBUG 21882 --- [portforu] [main] org.hibernate.SQL                        : 
    create table portfolios (
        is_deleted bit not null,
        views integer not null,
        created_at datetime(6),
        id bigint not null auto_increment,
        member_id bigint not null,
        updated_at datetime(6),
        title varchar(50) not null,
        file_url varchar(500),
        description TEXT not null,
        primary key (id)
    ) engine=InnoDB
2025-04-25T17:39:38.220+09:00 DEBUG 21882 --- [portforu] [main] org.hibernate.SQL                        : 
    create table refresh_token (
        member_id bigint not null,
        token varchar(512) not null,
        primary key (member_id)
    ) engine=InnoDB
2025-04-25T17:39:38.223+09:00 DEBUG 21882 --- [portforu] [main] org.hibernate.SQL                        : 
    create table scraps (
        is_deleted bit not null,
        created_at datetime(6),
        id bigint not null auto_increment,
        job_posting_id bigint not null,
        member_id bigint not null,
        updated_at datetime(6),
        primary key (id)
    ) engine=InnoDB
2025-04-25T17:39:38.225+09:00 DEBUG 21882 --- [portforu] [main] org.hibernate.SQL                        : 
    create table subscribes (
        is_deleted bit not null,
        created_at datetime(6),
        end_date datetime(6) not null,
        id bigint not null auto_increment,
        member_id bigint not null,
        membership_id bigint not null,
        start_date datetime(6) not null,
        updated_at datetime(6),
        status enum ('ACTIVE','CANCELED','EXPIRED','FAILED','PENDING') not null,
        primary key (id)
    ) engine=InnoDB
2025-04-25T17:39:38.227+09:00 DEBUG 21882 --- [portforu] [main] org.hibernate.SQL                        : 
    create table uploaded_file (
        used bit not null,
        created_at datetime(6),
        id bigint not null auto_increment,
        file_url varchar(255),
        primary key (id)
    ) engine=InnoDB
2025-04-25T17:39:38.230+09:00 DEBUG 21882 --- [portforu] [main] org.hibernate.SQL                        : 
    alter table job_postings 
       add constraint UKrctqiu9lyyeym768nw1b25ic7 unique (link)
2025-04-25T17:39:38.233+09:00 DEBUG 21882 --- [portforu] [main] org.hibernate.SQL                        : 
    alter table members 
       add constraint UK9d30a9u1qpg8eou0otgkwrp5d unique (email)
2025-04-25T17:39:38.236+09:00 DEBUG 21882 --- [portforu] [main] org.hibernate.SQL                        : 
    alter table payments 
       add constraint UKt2i4hg2yv378mnognr5r20ukw unique (subscribe_id)
2025-04-25T17:39:38.238+09:00 DEBUG 21882 --- [portforu] [main] org.hibernate.SQL                        : 
    alter table comments 
       add constraint FKkv22t54g17a6hvj7hbn6byh5s 
       foreign key (member_id) 
       references members (id)
2025-04-25T17:39:38.246+09:00 DEBUG 21882 --- [portforu] [main] org.hibernate.SQL                        : 
    alter table comments 
       add constraint FK5cwxj0hna6dqmgdwwh8jsncln 
       foreign key (portfolio_id) 
       references portfolios (id)
2025-04-25T17:39:38.253+09:00 DEBUG 21882 --- [portforu] [main] org.hibernate.SQL                        : 
    alter table payments 
       add constraint FKb1214sjecn8nd2f1b0shp3lpo 
       foreign key (subscribe_id) 
       references subscribes (id)
2025-04-25T17:39:38.259+09:00 DEBUG 21882 --- [portforu] [main] org.hibernate.SQL                        : 
    alter table portfolios 
       add constraint FKonyc71oyvfe6f7u5ut93hwfbf 
       foreign key (member_id) 
       references members (id)
2025-04-25T17:39:38.265+09:00 DEBUG 21882 --- [portforu] [main] org.hibernate.SQL                        : 
    alter table scraps 
       add constraint FKmqtt9v6pl7qy7jglcin8bcmkm 
       foreign key (job_posting_id) 
       references job_postings (id)
2025-04-25T17:39:38.271+09:00 DEBUG 21882 --- [portforu] [main] org.hibernate.SQL                        : 
    alter table scraps 
       add constraint FKhe5gvk4bvdo4b68mtxueq0wot 
       foreign key (member_id) 
       references members (id)
2025-04-25T17:39:38.279+09:00 DEBUG 21882 --- [portforu] [main] org.hibernate.SQL                        : 
    alter table subscribes 
       add constraint FK1ll7f1tjs7lt3xiqfcbrfmdum 
       foreign key (member_id) 
       references members (id)
2025-04-25T17:39:38.286+09:00 DEBUG 21882 --- [portforu] [main] org.hibernate.SQL                        : 
    alter table subscribes 
       add constraint FKhnsopwrnsd8c21915rj71d2jx 
       foreign key (membership_id) 
       references memberships (id)
2025-04-25T17:39:38.295+09:00  INFO 21882 --- [portforu] [main] j.LocalContainerEntityManagerFactoryBean : Initialized JPA EntityManagerFactory for persistence unit 'default'
2025-04-25T17:39:38.503+09:00  INFO 21882 --- [portforu] [main] o.s.d.j.r.query.QueryEnhancerFactory     : Hibernate is in classpath; If applicable, HQL parser will be used.
2025-04-25T17:39:39.064+09:00  WARN 21882 --- [portforu] [main] ConfigServletWebServerApplicationContext : Exception encountered during context initialization - cancelling refresh attempt: org.springframework.beans.factory.BeanCreationException: Error creating bean with name 'jobPostingIndexScheduler' defined in file [/Users/t2023-m0111/IdeaProjects/portforu/build/classes/java/main/org/pinggu/portforu/domain/jobposting/elastic/scheduler/JobPostingIndexScheduler.class]: Encountered invalid @Scheduled method 'indexUnindexedJobPostings': One-time task only supported with specified initial delay
2025-04-25T17:39:39.066+09:00  INFO 21882 --- [portforu] [main] j.LocalContainerEntityManagerFactoryBean : Closing JPA EntityManagerFactory for persistence unit 'default'
2025-04-25T17:39:39.067+09:00  INFO 21882 --- [portforu] [main] com.zaxxer.hikari.HikariDataSource       : HikariPool-1 - Shutdown initiated...
2025-04-25T17:39:39.070+09:00  INFO 21882 --- [portforu] [main] com.zaxxer.hikari.HikariDataSource       : HikariPool-1 - Shutdown completed.
2025-04-25T17:39:39.071+09:00  INFO 21882 --- [portforu] [main] o.apache.catalina.core.StandardService   : Stopping service [Tomcat]
2025-04-25T17:39:39.078+09:00  INFO 21882 --- [portforu] [main] .s.b.a.l.ConditionEvaluationReportLogger : 

Error starting ApplicationContext. To display the condition evaluation report re-run your application with 'debug' enabled.
2025-04-25T17:39:39.086+09:00 ERROR 21882 --- [portforu] [main] o.s.boot.SpringApplication               : Application run failed

org.springframework.beans.factory.BeanCreationException: Error creating bean with name 'jobPostingIndexScheduler' defined in file [/Users/t2023-m0111/IdeaProjects/portforu/build/classes/java/main/org/pinggu/portforu/domain/jobposting/elastic/scheduler/JobPostingIndexScheduler.class]: Encountered invalid @Scheduled method 'indexUnindexedJobPostings': One-time task only supported with specified initial delay
	at org.springframework.beans.factory.support.AbstractAutowireCapableBeanFactory.doCreateBean(AbstractAutowireCapableBeanFactory.java:608) ~[spring-beans-6.2.5.jar:6.2.5]
	at org.springframework.beans.factory.support.AbstractAutowireCapableBeanFactory.createBean(AbstractAutowireCapableBeanFactory.java:523) ~[spring-beans-6.2.5.jar:6.2.5]
	at org.springframework.beans.factory.support.AbstractBeanFactory.lambda$doGetBean$0(AbstractBeanFactory.java:339) ~[spring-beans-6.2.5.jar:6.2.5]
	at org.springframework.beans.factory.support.DefaultSingletonBeanRegistry.getSingleton(DefaultSingletonBeanRegistry.java:347) ~[spring-beans-6.2.5.jar:6.2.5]
	at org.springframework.beans.factory.support.AbstractBeanFactory.doGetBean(AbstractBeanFactory.java:337) ~[spring-beans-6.2.5.jar:6.2.5]
	at org.springframework.beans.factory.support.AbstractBeanFactory.getBean(AbstractBeanFactory.java:202) ~[spring-beans-6.2.5.jar:6.2.5]
	at org.springframework.beans.factory.support.DefaultListableBeanFactory.instantiateSingleton(DefaultListableBeanFactory.java:1155) ~[spring-beans-6.2.5.jar:6.2.5]
	at org.springframework.beans.factory.support.DefaultListableBeanFactory.preInstantiateSingleton(DefaultListableBeanFactory.java:1121) ~[spring-beans-6.2.5.jar:6.2.5]
	at org.springframework.beans.factory.support.DefaultListableBeanFactory.preInstantiateSingletons(DefaultListableBeanFactory.java:1056) ~[spring-beans-6.2.5.jar:6.2.5]
	at org.springframework.context.support.AbstractApplicationContext.finishBeanFactoryInitialization(AbstractApplicationContext.java:987) ~[spring-context-6.2.5.jar:6.2.5]
	at org.springframework.context.support.AbstractApplicationContext.refresh(AbstractApplicationContext.java:627) ~[spring-context-6.2.5.jar:6.2.5]
	at org.springframework.boot.web.servlet.context.ServletWebServerApplicationContext.refresh(ServletWebServerApplicationContext.java:146) ~[spring-boot-3.4.4.jar:3.4.4]
	at org.springframework.boot.SpringApplication.refresh(SpringApplication.java:752) ~[spring-boot-3.4.4.jar:3.4.4]
	at org.springframework.boot.SpringApplication.refreshContext(SpringApplication.java:439) ~[spring-boot-3.4.4.jar:3.4.4]
	at org.springframework.boot.SpringApplication.run(SpringApplication.java:318) ~[spring-boot-3.4.4.jar:3.4.4]
	at org.springframework.boot.SpringApplication.run(SpringApplication.java:1361) ~[spring-boot-3.4.4.jar:3.4.4]
	at org.springframework.boot.SpringApplication.run(SpringApplication.java:1350) ~[spring-boot-3.4.4.jar:3.4.4]
	at org.pinggu.portforu.PortforuApplication.main(PortforuApplication.java:12) ~[main/:na]
Caused by: java.lang.IllegalStateException: Encountered invalid @Scheduled method 'indexUnindexedJobPostings': One-time task only supported with specified initial delay
	at org.springframework.scheduling.annotation.ScheduledAnnotationBeanPostProcessor.processScheduledTask(ScheduledAnnotationBeanPostProcessor.java:525) ~[spring-context-6.2.5.jar:6.2.5]
	at org.springframework.scheduling.annotation.ScheduledAnnotationBeanPostProcessor.processScheduledSync(ScheduledAnnotationBeanPostProcessor.java:364) ~[spring-context-6.2.5.jar:6.2.5]
	at org.springframework.scheduling.annotation.ScheduledAnnotationBeanPostProcessor.processScheduled(ScheduledAnnotationBeanPostProcessor.java:343) ~[spring-context-6.2.5.jar:6.2.5]
	at org.springframework.scheduling.annotation.ScheduledAnnotationBeanPostProcessor.lambda$postProcessAfterInitialization$1(ScheduledAnnotationBeanPostProcessor.java:308) ~[spring-context-6.2.5.jar:6.2.5]
	at java.base/java.lang.Iterable.forEach(Iterable.java:75) ~[na:na]
	at org.springframework.scheduling.annotation.ScheduledAnnotationBeanPostProcessor.lambda$postProcessAfterInitialization$2(ScheduledAnnotationBeanPostProcessor.java:308) ~[spring-context-6.2.5.jar:6.2.5]
	at java.base/java.util.LinkedHashMap.forEach(LinkedHashMap.java:721) ~[na:na]
	at org.springframework.scheduling.annotation.ScheduledAnnotationBeanPostProcessor.postProcessAfterInitialization(ScheduledAnnotationBeanPostProcessor.java:307) ~[spring-context-6.2.5.jar:6.2.5]
	at org.springframework.beans.factory.support.AbstractAutowireCapableBeanFactory.applyBeanPostProcessorsAfterInitialization(AbstractAutowireCapableBeanFactory.java:439) ~[spring-beans-6.2.5.jar:6.2.5]
	at org.springframework.beans.factory.support.AbstractAutowireCapableBeanFactory.initializeBean(AbstractAutowireCapableBeanFactory.java:1815) ~[spring-beans-6.2.5.jar:6.2.5]
	at org.springframework.beans.factory.support.AbstractAutowireCapableBeanFactory.doCreateBean(AbstractAutowireCapableBeanFactory.java:601) ~[spring-beans-6.2.5.jar:6.2.5]
	... 17 common frames omitted

2025-04-25T17:39:48.834+09:00  INFO 21895 --- [portforu] [main] o.pinggu.portforu.PortforuApplication    : Starting PortforuApplication using Java 17.0.13 with PID 21895 (/Users/t2023-m0111/IdeaProjects/portforu/build/classes/java/main started by t2023-m0111 in /Users/t2023-m0111/IdeaProjects/portforu)
2025-04-25T17:39:48.835+09:00  INFO 21895 --- [portforu] [main] o.pinggu.portforu.PortforuApplication    : The following 1 profile is active: "local"
2025-04-25T17:39:49.243+09:00  INFO 21895 --- [portforu] [main] .s.d.r.c.RepositoryConfigurationDelegate : Multiple Spring Data modules found, entering strict repository configuration mode
2025-04-25T17:39:49.244+09:00  INFO 21895 --- [portforu] [main] .s.d.r.c.RepositoryConfigurationDelegate : Bootstrapping Spring Data Elasticsearch repositories in DEFAULT mode.
2025-04-25T17:39:49.265+09:00  INFO 21895 --- [portforu] [main] .RepositoryConfigurationExtensionSupport : Spring Data Elasticsearch - Could not safely identify store assignment for repository candidate interface org.pinggu.portforu.domain.auth.repository.RefreshTokenRepository; If you want this repository to be a Elasticsearch repository, consider annotating your entities with one of these annotations: org.springframework.data.elasticsearch.annotations.Document (preferred), or consider extending one of the following types with your repository: org.springframework.data.elasticsearch.repository.ElasticsearchRepository
2025-04-25T17:39:49.267+09:00  INFO 21895 --- [portforu] [main] .RepositoryConfigurationExtensionSupport : Spring Data Elasticsearch - Could not safely identify store assignment for repository candidate interface org.pinggu.portforu.domain.comment.repository.CommentRepository; If you want this repository to be a Elasticsearch repository, consider annotating your entities with one of these annotations: org.springframework.data.elasticsearch.annotations.Document (preferred), or consider extending one of the following types with your repository: org.springframework.data.elasticsearch.repository.ElasticsearchRepository
2025-04-25T17:39:49.313+09:00  INFO 21895 --- [portforu] [main] .RepositoryConfigurationExtensionSupport : Spring Data Elasticsearch - Could not safely identify store assignment for repository candidate interface org.pinggu.portforu.domain.jobposting.repository.JobPostingRepository; If you want this repository to be a Elasticsearch repository, consider annotating your entities with one of these annotations: org.springframework.data.elasticsearch.annotations.Document (preferred), or consider extending one of the following types with your repository: org.springframework.data.elasticsearch.repository.ElasticsearchRepository
2025-04-25T17:39:49.314+09:00  INFO 21895 --- [portforu] [main] .RepositoryConfigurationExtensionSupport : Spring Data Elasticsearch - Could not safely identify store assignment for repository candidate interface org.pinggu.portforu.domain.member.repository.MemberRepository; If you want this repository to be a Elasticsearch repository, consider annotating your entities with one of these annotations: org.springframework.data.elasticsearch.annotations.Document (preferred), or consider extending one of the following types with your repository: org.springframework.data.elasticsearch.repository.ElasticsearchRepository
2025-04-25T17:39:49.314+09:00  INFO 21895 --- [portforu] [main] .RepositoryConfigurationExtensionSupport : Spring Data Elasticsearch - Could not safely identify store assignment for repository candidate interface org.pinggu.portforu.domain.membership.repository.MembershipRepository; If you want this repository to be a Elasticsearch repository, consider annotating your entities with one of these annotations: org.springframework.data.elasticsearch.annotations.Document (preferred), or consider extending one of the following types with your repository: org.springframework.data.elasticsearch.repository.ElasticsearchRepository
2025-04-25T17:39:49.315+09:00  INFO 21895 --- [portforu] [main] .RepositoryConfigurationExtensionSupport : Spring Data Elasticsearch - Could not safely identify store assignment for repository candidate interface org.pinggu.portforu.domain.payment.repository.PaymentRepository; If you want this repository to be a Elasticsearch repository, consider annotating your entities with one of these annotations: org.springframework.data.elasticsearch.annotations.Document (preferred), or consider extending one of the following types with your repository: org.springframework.data.elasticsearch.repository.ElasticsearchRepository
2025-04-25T17:39:49.315+09:00  INFO 21895 --- [portforu] [main] .RepositoryConfigurationExtensionSupport : Spring Data Elasticsearch - Could not safely identify store assignment for repository candidate interface org.pinggu.portforu.domain.portfolio.repository.PortfolioRepository; If you want this repository to be a Elasticsearch repository, consider annotating your entities with one of these annotations: org.springframework.data.elasticsearch.annotations.Document (preferred), or consider extending one of the following types with your repository: org.springframework.data.elasticsearch.repository.ElasticsearchRepository
2025-04-25T17:39:49.315+09:00  INFO 21895 --- [portforu] [main] .RepositoryConfigurationExtensionSupport : Spring Data Elasticsearch - Could not safely identify store assignment for repository candidate interface org.pinggu.portforu.domain.portfolio.repository.UploadedFileRepository; If you want this repository to be a Elasticsearch repository, consider annotating your entities with one of these annotations: org.springframework.data.elasticsearch.annotations.Document (preferred), or consider extending one of the following types with your repository: org.springframework.data.elasticsearch.repository.ElasticsearchRepository
2025-04-25T17:39:49.316+09:00  INFO 21895 --- [portforu] [main] .RepositoryConfigurationExtensionSupport : Spring Data Elasticsearch - Could not safely identify store assignment for repository candidate interface org.pinggu.portforu.domain.scrap.repository.ScrapRepository; If you want this repository to be a Elasticsearch repository, consider annotating your entities with one of these annotations: org.springframework.data.elasticsearch.annotations.Document (preferred), or consider extending one of the following types with your repository: org.springframework.data.elasticsearch.repository.ElasticsearchRepository
2025-04-25T17:39:49.316+09:00  INFO 21895 --- [portforu] [main] .RepositoryConfigurationExtensionSupport : Spring Data Elasticsearch - Could not safely identify store assignment for repository candidate interface org.pinggu.portforu.domain.subscribe.repository.SubscribeRepository; If you want this repository to be a Elasticsearch repository, consider annotating your entities with one of these annotations: org.springframework.data.elasticsearch.annotations.Document (preferred), or consider extending one of the following types with your repository: org.springframework.data.elasticsearch.repository.ElasticsearchRepository
2025-04-25T17:39:49.324+09:00  INFO 21895 --- [portforu] [main] .s.d.r.c.RepositoryConfigurationDelegate : Finished Spring Data repository scanning in 76 ms. Found 1 Elasticsearch repository interface.
2025-04-25T17:39:49.326+09:00  INFO 21895 --- [portforu] [main] .s.d.r.c.RepositoryConfigurationDelegate : Multiple Spring Data modules found, entering strict repository configuration mode
2025-04-25T17:39:49.327+09:00  INFO 21895 --- [portforu] [main] .s.d.r.c.RepositoryConfigurationDelegate : Bootstrapping Spring Data Reactive Elasticsearch repositories in DEFAULT mode.
2025-04-25T17:39:49.331+09:00  INFO 21895 --- [portforu] [main] .RepositoryConfigurationExtensionSupport : Spring Data Reactive Elasticsearch - Could not safely identify store assignment for repository candidate interface org.pinggu.portforu.domain.auth.repository.RefreshTokenRepository; If you want this repository to be a Reactive Elasticsearch repository, consider annotating your entities with one of these annotations: org.springframework.data.elasticsearch.annotations.Document (preferred), or consider extending one of the following types with your repository: org.springframework.data.elasticsearch.repository.ReactiveElasticsearchRepository
2025-04-25T17:39:49.331+09:00  INFO 21895 --- [portforu] [main] .RepositoryConfigurationExtensionSupport : Spring Data Reactive Elasticsearch - Could not safely identify store assignment for repository candidate interface org.pinggu.portforu.domain.comment.repository.CommentRepository; If you want this repository to be a Reactive Elasticsearch repository, consider annotating your entities with one of these annotations: org.springframework.data.elasticsearch.annotations.Document (preferred), or consider extending one of the following types with your repository: org.springframework.data.elasticsearch.repository.ReactiveElasticsearchRepository
2025-04-25T17:39:49.332+09:00  INFO 21895 --- [portforu] [main] .RepositoryConfigurationExtensionSupport : Spring Data Reactive Elasticsearch - Could not safely identify store assignment for repository candidate interface org.pinggu.portforu.domain.jobposting.repository.JobPostingRepository; If you want this repository to be a Reactive Elasticsearch repository, consider annotating your entities with one of these annotations: org.springframework.data.elasticsearch.annotations.Document (preferred), or consider extending one of the following types with your repository: org.springframework.data.elasticsearch.repository.ReactiveElasticsearchRepository
2025-04-25T17:39:49.332+09:00  INFO 21895 --- [portforu] [main] .RepositoryConfigurationExtensionSupport : Spring Data Reactive Elasticsearch - Could not safely identify store assignment for repository candidate interface org.pinggu.portforu.domain.member.repository.MemberRepository; If you want this repository to be a Reactive Elasticsearch repository, consider annotating your entities with one of these annotations: org.springframework.data.elasticsearch.annotations.Document (preferred), or consider extending one of the following types with your repository: org.springframework.data.elasticsearch.repository.ReactiveElasticsearchRepository
2025-04-25T17:39:49.332+09:00  INFO 21895 --- [portforu] [main] .RepositoryConfigurationExtensionSupport : Spring Data Reactive Elasticsearch - Could not safely identify store assignment for repository candidate interface org.pinggu.portforu.domain.membership.repository.MembershipRepository; If you want this repository to be a Reactive Elasticsearch repository, consider annotating your entities with one of these annotations: org.springframework.data.elasticsearch.annotations.Document (preferred), or consider extending one of the following types with your repository: org.springframework.data.elasticsearch.repository.ReactiveElasticsearchRepository
2025-04-25T17:39:49.333+09:00  INFO 21895 --- [portforu] [main] .RepositoryConfigurationExtensionSupport : Spring Data Reactive Elasticsearch - Could not safely identify store assignment for repository candidate interface org.pinggu.portforu.domain.payment.repository.PaymentRepository; If you want this repository to be a Reactive Elasticsearch repository, consider annotating your entities with one of these annotations: org.springframework.data.elasticsearch.annotations.Document (preferred), or consider extending one of the following types with your repository: org.springframework.data.elasticsearch.repository.ReactiveElasticsearchRepository
2025-04-25T17:39:49.333+09:00  INFO 21895 --- [portforu] [main] .RepositoryConfigurationExtensionSupport : Spring Data Reactive Elasticsearch - Could not safely identify store assignment for repository candidate interface org.pinggu.portforu.domain.portfolio.repository.PortfolioRepository; If you want this repository to be a Reactive Elasticsearch repository, consider annotating your entities with one of these annotations: org.springframework.data.elasticsearch.annotations.Document (preferred), or consider extending one of the following types with your repository: org.springframework.data.elasticsearch.repository.ReactiveElasticsearchRepository
2025-04-25T17:39:49.333+09:00  INFO 21895 --- [portforu] [main] .RepositoryConfigurationExtensionSupport : Spring Data Reactive Elasticsearch - Could not safely identify store assignment for repository candidate interface org.pinggu.portforu.domain.portfolio.repository.UploadedFileRepository; If you want this repository to be a Reactive Elasticsearch repository, consider annotating your entities with one of these annotations: org.springframework.data.elasticsearch.annotations.Document (preferred), or consider extending one of the following types with your repository: org.springframework.data.elasticsearch.repository.ReactiveElasticsearchRepository
2025-04-25T17:39:49.333+09:00  INFO 21895 --- [portforu] [main] .RepositoryConfigurationExtensionSupport : Spring Data Reactive Elasticsearch - Could not safely identify store assignment for repository candidate interface org.pinggu.portforu.domain.scrap.repository.ScrapRepository; If you want this repository to be a Reactive Elasticsearch repository, consider annotating your entities with one of these annotations: org.springframework.data.elasticsearch.annotations.Document (preferred), or consider extending one of the following types with your repository: org.springframework.data.elasticsearch.repository.ReactiveElasticsearchRepository
2025-04-25T17:39:49.333+09:00  INFO 21895 --- [portforu] [main] .RepositoryConfigurationExtensionSupport : Spring Data Reactive Elasticsearch - Could not safely identify store assignment for repository candidate interface org.pinggu.portforu.domain.subscribe.repository.SubscribeRepository; If you want this repository to be a Reactive Elasticsearch repository, consider annotating your entities with one of these annotations: org.springframework.data.elasticsearch.annotations.Document (preferred), or consider extending one of the following types with your repository: org.springframework.data.elasticsearch.repository.ReactiveElasticsearchRepository
2025-04-25T17:39:49.333+09:00  INFO 21895 --- [portforu] [main] .s.d.r.c.RepositoryConfigurationDelegate : Finished Spring Data repository scanning in 5 ms. Found 0 Reactive Elasticsearch repository interfaces.
2025-04-25T17:39:49.336+09:00  INFO 21895 --- [portforu] [main] .s.d.r.c.RepositoryConfigurationDelegate : Multiple Spring Data modules found, entering strict repository configuration mode
2025-04-25T17:39:49.337+09:00  INFO 21895 --- [portforu] [main] .s.d.r.c.RepositoryConfigurationDelegate : Bootstrapping Spring Data JPA repositories in DEFAULT mode.
2025-04-25T17:39:49.343+09:00  INFO 21895 --- [portforu] [main] .RepositoryConfigurationExtensionSupport : Spring Data JPA - Could not safely identify store assignment for repository candidate interface org.pinggu.portforu.domain.jobposting.elastic.repository.JobPostingSearchRepository; If you want this repository to be a JPA repository, consider annotating your entities with one of these annotations: jakarta.persistence.Entity, jakarta.persistence.MappedSuperclass (preferred), or consider extending one of the following types with your repository: org.springframework.data.jpa.repository.JpaRepository
2025-04-25T17:39:49.351+09:00  INFO 21895 --- [portforu] [main] .s.d.r.c.RepositoryConfigurationDelegate : Finished Spring Data repository scanning in 12 ms. Found 10 JPA repository interfaces.
2025-04-25T17:39:49.359+09:00  INFO 21895 --- [portforu] [main] .s.d.r.c.RepositoryConfigurationDelegate : Multiple Spring Data modules found, entering strict repository configuration mode
2025-04-25T17:39:49.359+09:00  INFO 21895 --- [portforu] [main] .s.d.r.c.RepositoryConfigurationDelegate : Bootstrapping Spring Data Redis repositories in DEFAULT mode.
2025-04-25T17:39:49.367+09:00  INFO 21895 --- [portforu] [main] .RepositoryConfigurationExtensionSupport : Spring Data Redis - Could not safely identify store assignment for repository candidate interface org.pinggu.portforu.domain.auth.repository.RefreshTokenRepository; If you want this repository to be a Redis repository, consider annotating your entities with one of these annotations: org.springframework.data.redis.core.RedisHash (preferred), or consider extending one of the following types with your repository: org.springframework.data.keyvalue.repository.KeyValueRepository
2025-04-25T17:39:49.367+09:00  INFO 21895 --- [portforu] [main] .RepositoryConfigurationExtensionSupport : Spring Data Redis - Could not safely identify store assignment for repository candidate interface org.pinggu.portforu.domain.comment.repository.CommentRepository; If you want this repository to be a Redis repository, consider annotating your entities with one of these annotations: org.springframework.data.redis.core.RedisHash (preferred), or consider extending one of the following types with your repository: org.springframework.data.keyvalue.repository.KeyValueRepository
2025-04-25T17:39:49.367+09:00  INFO 21895 --- [portforu] [main] .RepositoryConfigurationExtensionSupport : Spring Data Redis - Could not safely identify store assignment for repository candidate interface org.pinggu.portforu.domain.jobposting.elastic.repository.JobPostingSearchRepository; If you want this repository to be a Redis repository, consider annotating your entities with one of these annotations: org.springframework.data.redis.core.RedisHash (preferred), or consider extending one of the following types with your repository: org.springframework.data.keyvalue.repository.KeyValueRepository
2025-04-25T17:39:49.367+09:00  INFO 21895 --- [portforu] [main] .RepositoryConfigurationExtensionSupport : Spring Data Redis - Could not safely identify store assignment for repository candidate interface org.pinggu.portforu.domain.jobposting.repository.JobPostingRepository; If you want this repository to be a Redis repository, consider annotating your entities with one of these annotations: org.springframework.data.redis.core.RedisHash (preferred), or consider extending one of the following types with your repository: org.springframework.data.keyvalue.repository.KeyValueRepository
2025-04-25T17:39:49.367+09:00  INFO 21895 --- [portforu] [main] .RepositoryConfigurationExtensionSupport : Spring Data Redis - Could not safely identify store assignment for repository candidate interface org.pinggu.portforu.domain.member.repository.MemberRepository; If you want this repository to be a Redis repository, consider annotating your entities with one of these annotations: org.springframework.data.redis.core.RedisHash (preferred), or consider extending one of the following types with your repository: org.springframework.data.keyvalue.repository.KeyValueRepository
2025-04-25T17:39:49.367+09:00  INFO 21895 --- [portforu] [main] .RepositoryConfigurationExtensionSupport : Spring Data Redis - Could not safely identify store assignment for repository candidate interface org.pinggu.portforu.domain.membership.repository.MembershipRepository; If you want this repository to be a Redis repository, consider annotating your entities with one of these annotations: org.springframework.data.redis.core.RedisHash (preferred), or consider extending one of the following types with your repository: org.springframework.data.keyvalue.repository.KeyValueRepository
2025-04-25T17:39:49.367+09:00  INFO 21895 --- [portforu] [main] .RepositoryConfigurationExtensionSupport : Spring Data Redis - Could not safely identify store assignment for repository candidate interface org.pinggu.portforu.domain.payment.repository.PaymentRepository; If you want this repository to be a Redis repository, consider annotating your entities with one of these annotations: org.springframework.data.redis.core.RedisHash (preferred), or consider extending one of the following types with your repository: org.springframework.data.keyvalue.repository.KeyValueRepository
2025-04-25T17:39:49.367+09:00  INFO 21895 --- [portforu] [main] .RepositoryConfigurationExtensionSupport : Spring Data Redis - Could not safely identify store assignment for repository candidate interface org.pinggu.portforu.domain.portfolio.repository.PortfolioRepository; If you want this repository to be a Redis repository, consider annotating your entities with one of these annotations: org.springframework.data.redis.core.RedisHash (preferred), or consider extending one of the following types with your repository: org.springframework.data.keyvalue.repository.KeyValueRepository
2025-04-25T17:39:49.368+09:00  INFO 21895 --- [portforu] [main] .RepositoryConfigurationExtensionSupport : Spring Data Redis - Could not safely identify store assignment for repository candidate interface org.pinggu.portforu.domain.portfolio.repository.UploadedFileRepository; If you want this repository to be a Redis repository, consider annotating your entities with one of these annotations: org.springframework.data.redis.core.RedisHash (preferred), or consider extending one of the following types with your repository: org.springframework.data.keyvalue.repository.KeyValueRepository
2025-04-25T17:39:49.368+09:00  INFO 21895 --- [portforu] [main] .RepositoryConfigurationExtensionSupport : Spring Data Redis - Could not safely identify store assignment for repository candidate interface org.pinggu.portforu.domain.scrap.repository.ScrapRepository; If you want this repository to be a Redis repository, consider annotating your entities with one of these annotations: org.springframework.data.redis.core.RedisHash (preferred), or consider extending one of the following types with your repository: org.springframework.data.keyvalue.repository.KeyValueRepository
2025-04-25T17:39:49.368+09:00  INFO 21895 --- [portforu] [main] .RepositoryConfigurationExtensionSupport : Spring Data Redis - Could not safely identify store assignment for repository candidate interface org.pinggu.portforu.domain.subscribe.repository.SubscribeRepository; If you want this repository to be a Redis repository, consider annotating your entities with one of these annotations: org.springframework.data.redis.core.RedisHash (preferred), or consider extending one of the following types with your repository: org.springframework.data.keyvalue.repository.KeyValueRepository
2025-04-25T17:39:49.368+09:00  INFO 21895 --- [portforu] [main] .s.d.r.c.RepositoryConfigurationDelegate : Finished Spring Data repository scanning in 4 ms. Found 0 Redis repository interfaces.
2025-04-25T17:39:49.728+09:00  INFO 21895 --- [portforu] [main] o.s.b.w.embedded.tomcat.TomcatWebServer  : Tomcat initialized with port 8080 (http)
2025-04-25T17:39:49.734+09:00  INFO 21895 --- [portforu] [main] o.apache.catalina.core.StandardService   : Starting service [Tomcat]
2025-04-25T17:39:49.735+09:00  INFO 21895 --- [portforu] [main] o.apache.catalina.core.StandardEngine    : Starting Servlet engine: [Apache Tomcat/10.1.39]
2025-04-25T17:39:49.757+09:00  INFO 21895 --- [portforu] [main] o.a.c.c.C.[Tomcat].[localhost].[/]       : Initializing Spring embedded WebApplicationContext
2025-04-25T17:39:49.757+09:00  INFO 21895 --- [portforu] [main] w.s.c.ServletWebServerApplicationContext : Root WebApplicationContext: initialization completed in 905 ms
2025-04-25T17:39:49.838+09:00  INFO 21895 --- [portforu] [main] o.hibernate.jpa.internal.util.LogHelper  : HHH000204: Processing PersistenceUnitInfo [name: default]
2025-04-25T17:39:49.865+09:00  INFO 21895 --- [portforu] [main] org.hibernate.Version                    : HHH000412: Hibernate ORM core version 6.6.11.Final
2025-04-25T17:39:49.879+09:00  INFO 21895 --- [portforu] [main] o.h.c.internal.RegionFactoryInitiator    : HHH000026: Second-level cache disabled
2025-04-25T17:39:50.006+09:00  INFO 21895 --- [portforu] [main] o.s.o.j.p.SpringPersistenceUnitInfo      : No LoadTimeWeaver setup: ignoring JPA class transformer
2025-04-25T17:39:50.020+09:00  INFO 21895 --- [portforu] [main] com.zaxxer.hikari.HikariDataSource       : HikariPool-1 - Starting...
2025-04-25T17:39:50.138+09:00  INFO 21895 --- [portforu] [main] com.zaxxer.hikari.pool.HikariPool        : HikariPool-1 - Added connection com.mysql.cj.jdbc.ConnectionImpl@51c6e775
2025-04-25T17:39:50.139+09:00  INFO 21895 --- [portforu] [main] com.zaxxer.hikari.HikariDataSource       : HikariPool-1 - Start completed.
2025-04-25T17:39:50.183+09:00  INFO 21895 --- [portforu] [main] org.hibernate.orm.connections.pooling    : HHH10001005: Database info:
	Database JDBC URL [Connecting through datasource 'HikariDataSource (HikariPool-1)']
	Database driver: undefined/unknown
	Database version: 9.2
	Autocommit mode: undefined/unknown
	Isolation level: undefined/unknown
	Minimum pool size: undefined/unknown
	Maximum pool size: undefined/unknown
2025-04-25T17:39:50.671+09:00  INFO 21895 --- [portforu] [main] o.h.e.t.j.p.i.JtaPlatformInitiator       : HHH000489: No JTA platform available (set 'hibernate.transaction.jta.platform' to enable JTA platform integration)
2025-04-25T17:39:50.677+09:00 DEBUG 21895 --- [portforu] [main] org.hibernate.SQL                        : 
    alter table comments 
       drop 
       foreign key FKkv22t54g17a6hvj7hbn6byh5s
2025-04-25T17:39:50.691+09:00 DEBUG 21895 --- [portforu] [main] org.hibernate.SQL                        : 
    alter table comments 
       drop 
       foreign key FK5cwxj0hna6dqmgdwwh8jsncln
2025-04-25T17:39:50.698+09:00 DEBUG 21895 --- [portforu] [main] org.hibernate.SQL                        : 
    alter table payments 
       drop 
       foreign key FKb1214sjecn8nd2f1b0shp3lpo
2025-04-25T17:39:50.708+09:00 DEBUG 21895 --- [portforu] [main] org.hibernate.SQL                        : 
    alter table portfolios 
       drop 
       foreign key FKonyc71oyvfe6f7u5ut93hwfbf
2025-04-25T17:39:50.715+09:00 DEBUG 21895 --- [portforu] [main] org.hibernate.SQL                        : 
    alter table scraps 
       drop 
       foreign key FKmqtt9v6pl7qy7jglcin8bcmkm
2025-04-25T17:39:50.719+09:00 DEBUG 21895 --- [portforu] [main] org.hibernate.SQL                        : 
    alter table scraps 
       drop 
       foreign key FKhe5gvk4bvdo4b68mtxueq0wot
2025-04-25T17:39:50.722+09:00 DEBUG 21895 --- [portforu] [main] org.hibernate.SQL                        : 
    alter table subscribes 
       drop 
       foreign key FK1ll7f1tjs7lt3xiqfcbrfmdum
2025-04-25T17:39:50.725+09:00 DEBUG 21895 --- [portforu] [main] org.hibernate.SQL                        : 
    alter table subscribes 
       drop 
       foreign key FKhnsopwrnsd8c21915rj71d2jx
2025-04-25T17:39:50.728+09:00 DEBUG 21895 --- [portforu] [main] org.hibernate.SQL                        : 
    drop table if exists comments
2025-04-25T17:39:50.731+09:00 DEBUG 21895 --- [portforu] [main] org.hibernate.SQL                        : 
    drop table if exists job_postings
2025-04-25T17:39:50.733+09:00 DEBUG 21895 --- [portforu] [main] org.hibernate.SQL                        : 
    drop table if exists members
2025-04-25T17:39:50.735+09:00 DEBUG 21895 --- [portforu] [main] org.hibernate.SQL                        : 
    drop table if exists memberships
2025-04-25T17:39:50.737+09:00 DEBUG 21895 --- [portforu] [main] org.hibernate.SQL                        : 
    drop table if exists payments
2025-04-25T17:39:50.739+09:00 DEBUG 21895 --- [portforu] [main] org.hibernate.SQL                        : 
    drop table if exists portfolios
2025-04-25T17:39:50.740+09:00 DEBUG 21895 --- [portforu] [main] org.hibernate.SQL                        : 
    drop table if exists refresh_token
2025-04-25T17:39:50.743+09:00 DEBUG 21895 --- [portforu] [main] org.hibernate.SQL                        : 
    drop table if exists scraps
2025-04-25T17:39:50.744+09:00 DEBUG 21895 --- [portforu] [main] org.hibernate.SQL                        : 
    drop table if exists subscribes
2025-04-25T17:39:50.746+09:00 DEBUG 21895 --- [portforu] [main] org.hibernate.SQL                        : 
    drop table if exists uploaded_file
2025-04-25T17:39:50.751+09:00 DEBUG 21895 --- [portforu] [main] org.hibernate.SQL                        : 
    create table comments (
        is_deleted bit not null,
        created_at datetime(6),
        id bigint not null auto_increment,
        member_id bigint not null,
        portfolio_id bigint not null,
        updated_at datetime(6),
        content varchar(255) not null,
        primary key (id)
    ) engine=InnoDB
2025-04-25T17:39:50.757+09:00 DEBUG 21895 --- [portforu] [main] org.hibernate.SQL                        : 
    create table job_postings (
        indexed bit not null,
        is_deleted bit not null,
        max_experience_years integer,
        min_experience_years integer,
        created_at datetime(6),
        hiring_end_at datetime(6),
        hiring_start_at datetime(6),
        id bigint not null auto_increment,
        updated_at datetime(6),
        company varchar(255) not null,
        duty varchar(255) not null,
        education_level varchar(255) not null,
        employment_type varchar(255) not null,
        experience_years varchar(255) not null,
        key_abilities varchar(255) not null,
        link varchar(255) not null,
        location varchar(255) not null,
        salary varchar(255) not null,
        skills varchar(255),
        title varchar(255) not null,
        primary key (id)
    ) engine=InnoDB
2025-04-25T17:39:50.763+09:00 DEBUG 21895 --- [portforu] [main] org.hibernate.SQL                        : 
    create table members (
        is_deleted bit not null,
        view_count integer not null,
        created_at datetime(6),
        id bigint not null auto_increment,
        updated_at datetime(6),
        phone_number varchar(30) not null,
        name varchar(50) not null,
        password varchar(60) not null,
        email varchar(100) not null,
        address varchar(255) not null,
        provider varchar(255),
        user_role enum ('ROLE_ADMIN','ROLE_USER') not null,
        primary key (id)
    ) engine=InnoDB
2025-04-25T17:39:50.766+09:00 DEBUG 21895 --- [portforu] [main] org.hibernate.SQL                        : 
    create table memberships (
        is_deleted bit not null,
        price integer not null,
        quantity integer not null,
        year integer not null,
        created_at datetime(6),
        id bigint not null auto_increment,
        updated_at datetime(6),
        name varchar(50) not null,
        primary key (id)
    ) engine=InnoDB
2025-04-25T17:39:50.770+09:00 DEBUG 21895 --- [portforu] [main] org.hibernate.SQL                        : 
    create table payments (
        is_deleted bit not null,
        created_at datetime(6),
        id bigint not null auto_increment,
        subscribe_id bigint not null,
        updated_at datetime(6),
        payment_key varchar(255),
        payment_method enum ('ACCOUNT_TRANSFER','BOOK_GIFT','CARD','CULTURE_GIFT','GAME_GIFT','MOBILE_PHONE','TOSS_PAY','UNKNOWN','VIRTUAL_ACCOUNT'),
        status enum ('CANCELED','COMPLETED','EXPIRED','FAILED','PENDING'),
        primary key (id)
    ) engine=InnoDB
2025-04-25T17:39:50.773+09:00 DEBUG 21895 --- [portforu] [main] org.hibernate.SQL                        : 
    create table portfolios (
        is_deleted bit not null,
        views integer not null,
        created_at datetime(6),
        id bigint not null auto_increment,
        member_id bigint not null,
        updated_at datetime(6),
        title varchar(50) not null,
        file_url varchar(500),
        description TEXT not null,
        primary key (id)
    ) engine=InnoDB
2025-04-25T17:39:50.776+09:00 DEBUG 21895 --- [portforu] [main] org.hibernate.SQL                        : 
    create table refresh_token (
        member_id bigint not null,
        token varchar(512) not null,
        primary key (member_id)
    ) engine=InnoDB
2025-04-25T17:39:50.778+09:00 DEBUG 21895 --- [portforu] [main] org.hibernate.SQL                        : 
    create table scraps (
        is_deleted bit not null,
        created_at datetime(6),
        id bigint not null auto_increment,
        job_posting_id bigint not null,
        member_id bigint not null,
        updated_at datetime(6),
        primary key (id)
    ) engine=InnoDB
2025-04-25T17:39:50.780+09:00 DEBUG 21895 --- [portforu] [main] org.hibernate.SQL                        : 
    create table subscribes (
        is_deleted bit not null,
        created_at datetime(6),
        end_date datetime(6) not null,
        id bigint not null auto_increment,
        member_id bigint not null,
        membership_id bigint not null,
        start_date datetime(6) not null,
        updated_at datetime(6),
        status enum ('ACTIVE','CANCELED','EXPIRED','FAILED','PENDING') not null,
        primary key (id)
    ) engine=InnoDB
2025-04-25T17:39:50.782+09:00 DEBUG 21895 --- [portforu] [main] org.hibernate.SQL                        : 
    create table uploaded_file (
        used bit not null,
        created_at datetime(6),
        id bigint not null auto_increment,
        file_url varchar(255),
        primary key (id)
    ) engine=InnoDB
2025-04-25T17:39:50.785+09:00 DEBUG 21895 --- [portforu] [main] org.hibernate.SQL                        : 
    alter table job_postings 
       add constraint UKrctqiu9lyyeym768nw1b25ic7 unique (link)
2025-04-25T17:39:50.788+09:00 DEBUG 21895 --- [portforu] [main] org.hibernate.SQL                        : 
    alter table members 
       add constraint UK9d30a9u1qpg8eou0otgkwrp5d unique (email)
2025-04-25T17:39:50.794+09:00 DEBUG 21895 --- [portforu] [main] org.hibernate.SQL                        : 
    alter table payments 
       add constraint UKt2i4hg2yv378mnognr5r20ukw unique (subscribe_id)
2025-04-25T17:39:50.797+09:00 DEBUG 21895 --- [portforu] [main] org.hibernate.SQL                        : 
    alter table comments 
       add constraint FKkv22t54g17a6hvj7hbn6byh5s 
       foreign key (member_id) 
       references members (id)
2025-04-25T17:39:50.802+09:00 DEBUG 21895 --- [portforu] [main] org.hibernate.SQL                        : 
    alter table comments 
       add constraint FK5cwxj0hna6dqmgdwwh8jsncln 
       foreign key (portfolio_id) 
       references portfolios (id)
2025-04-25T17:39:50.810+09:00 DEBUG 21895 --- [portforu] [main] org.hibernate.SQL                        : 
    alter table payments 
       add constraint FKb1214sjecn8nd2f1b0shp3lpo 
       foreign key (subscribe_id) 
       references subscribes (id)
2025-04-25T17:39:50.816+09:00 DEBUG 21895 --- [portforu] [main] org.hibernate.SQL                        : 
    alter table portfolios 
       add constraint FKonyc71oyvfe6f7u5ut93hwfbf 
       foreign key (member_id) 
       references members (id)
2025-04-25T17:39:50.822+09:00 DEBUG 21895 --- [portforu] [main] org.hibernate.SQL                        : 
    alter table scraps 
       add constraint FKmqtt9v6pl7qy7jglcin8bcmkm 
       foreign key (job_posting_id) 
       references job_postings (id)
2025-04-25T17:39:50.828+09:00 DEBUG 21895 --- [portforu] [main] org.hibernate.SQL                        : 
    alter table scraps 
       add constraint FKhe5gvk4bvdo4b68mtxueq0wot 
       foreign key (member_id) 
       references members (id)
2025-04-25T17:39:50.835+09:00 DEBUG 21895 --- [portforu] [main] org.hibernate.SQL                        : 
    alter table subscribes 
       add constraint FK1ll7f1tjs7lt3xiqfcbrfmdum 
       foreign key (member_id) 
       references members (id)
2025-04-25T17:39:50.841+09:00 DEBUG 21895 --- [portforu] [main] org.hibernate.SQL                        : 
    alter table subscribes 
       add constraint FKhnsopwrnsd8c21915rj71d2jx 
       foreign key (membership_id) 
       references memberships (id)
2025-04-25T17:39:50.850+09:00  INFO 21895 --- [portforu] [main] j.LocalContainerEntityManagerFactoryBean : Initialized JPA EntityManagerFactory for persistence unit 'default'
2025-04-25T17:39:51.066+09:00  INFO 21895 --- [portforu] [main] o.s.d.j.r.query.QueryEnhancerFactory     : Hibernate is in classpath; If applicable, HQL parser will be used.
2025-04-25T17:39:51.729+09:00  WARN 21895 --- [portforu] [main] com.amazonaws.util.VersionInfoUtils      : The AWS SDK for Java 1.x entered maintenance mode starting July 31, 2024 and will reach end of support on December 31, 2025. For more information, see https://aws.amazon.com/blogs/developer/the-aws-sdk-for-java-1-x-is-in-maintenance-mode-effective-july-31-2024/
You can print where on the file system the AWS SDK for Java 1.x core runtime is located by setting the AWS_JAVA_V1_PRINT_LOCATION environment variable or aws.java.v1.printLocation system property to 'true'.
This message can be disabled by setting the AWS_JAVA_V1_DISABLE_DEPRECATION_ANNOUNCEMENT environment variable or aws.java.v1.disableDeprecationAnnouncement system property to 'true'.
The AWS SDK for Java 1.x is being used here:
at java.base/java.lang.Thread.getStackTrace(Thread.java:1619)
at com.amazonaws.util.VersionInfoUtils.printDeprecationAnnouncement(VersionInfoUtils.java:81)
at com.amazonaws.util.VersionInfoUtils.<clinit>(VersionInfoUtils.java:59)
at com.amazonaws.internal.EC2ResourceFetcher.<clinit>(EC2ResourceFetcher.java:44)
at com.amazonaws.auth.InstanceMetadataServiceCredentialsFetcher.<init>(InstanceMetadataServiceCredentialsFetcher.java:38)
at com.amazonaws.auth.InstanceProfileCredentialsProvider.<init>(InstanceProfileCredentialsProvider.java:111)
at com.amazonaws.auth.InstanceProfileCredentialsProvider.<init>(InstanceProfileCredentialsProvider.java:91)
at com.amazonaws.auth.InstanceProfileCredentialsProvider.<init>(InstanceProfileCredentialsProvider.java:75)
at com.amazonaws.auth.InstanceProfileCredentialsProvider.<clinit>(InstanceProfileCredentialsProvider.java:58)
at com.amazonaws.auth.EC2ContainerCredentialsProviderWrapper.initializeProvider(EC2ContainerCredentialsProviderWrapper.java:66)
at com.amazonaws.auth.EC2ContainerCredentialsProviderWrapper.<init>(EC2ContainerCredentialsProviderWrapper.java:55)
at com.amazonaws.auth.DefaultAWSCredentialsProviderChain.<init>(DefaultAWSCredentialsProviderChain.java:60)
at com.amazonaws.auth.DefaultAWSCredentialsProviderChain.<clinit>(DefaultAWSCredentialsProviderChain.java:54)
at com.amazonaws.services.s3.AmazonS3ClientBuilder.standard(AmazonS3ClientBuilder.java:46)
at org.pinggu.portforu.config.S3Config.amazonS3(S3Config.java:26)
at org.pinggu.portforu.config.S3Config$$SpringCGLIB$$0.CGLIB$amazonS3$0(<generated>)
at org.pinggu.portforu.config.S3Config$$SpringCGLIB$$FastClass$$1.invoke(<generated>)
at org.springframework.cglib.proxy.MethodProxy.invokeSuper(MethodProxy.java:258)
at org.springframework.context.annotation.ConfigurationClassEnhancer$BeanMethodInterceptor.intercept(ConfigurationClassEnhancer.java:370)
at org.pinggu.portforu.config.S3Config$$SpringCGLIB$$0.amazonS3(<generated>)
at java.base/jdk.internal.reflect.NativeMethodAccessorImpl.invoke0(Native Method)
at java.base/jdk.internal.reflect.NativeMethodAccessorImpl.invoke(NativeMethodAccessorImpl.java:77)
at java.base/jdk.internal.reflect.DelegatingMethodAccessorImpl.invoke(DelegatingMethodAccessorImpl.java:43)
at java.base/java.lang.reflect.Method.invoke(Method.java:569)
at org.springframework.beans.factory.support.SimpleInstantiationStrategy.lambda$instantiate$0(SimpleInstantiationStrategy.java:171)
at org.springframework.beans.factory.support.SimpleInstantiationStrategy.instantiateWithFactoryMethod(SimpleInstantiationStrategy.java:88)
at org.springframework.beans.factory.support.SimpleInstantiationStrategy.instantiate(SimpleInstantiationStrategy.java:168)
at org.springframework.beans.factory.support.ConstructorResolver.instantiate(ConstructorResolver.java:653)
at org.springframework.beans.factory.support.ConstructorResolver.instantiateUsingFactoryMethod(ConstructorResolver.java:489)
at org.springframework.beans.factory.support.AbstractAutowireCapableBeanFactory.instantiateUsingFactoryMethod(AbstractAutowireCapableBeanFactory.java:1361)
at org.springframework.beans.factory.support.AbstractAutowireCapableBeanFactory.createBeanInstance(AbstractAutowireCapableBeanFactory.java:1191)
at org.springframework.beans.factory.support.AbstractAutowireCapableBeanFactory.doCreateBean(AbstractAutowireCapableBeanFactory.java:563)
at org.springframework.beans.factory.support.AbstractAutowireCapableBeanFactory.createBean(AbstractAutowireCapableBeanFactory.java:523)
at org.springframework.beans.factory.support.AbstractBeanFactory.lambda$doGetBean$0(AbstractBeanFactory.java:339)
at org.springframework.beans.factory.support.DefaultSingletonBeanRegistry.getSingleton(DefaultSingletonBeanRegistry.java:347)
at org.springframework.beans.factory.support.AbstractBeanFactory.doGetBean(AbstractBeanFactory.java:337)
at org.springframework.beans.factory.support.AbstractBeanFactory.getBean(AbstractBeanFactory.java:202)
at org.springframework.beans.factory.support.DefaultListableBeanFactory.doResolveDependency(DefaultListableBeanFactory.java:1609)
at org.springframework.beans.factory.support.DefaultListableBeanFactory.resolveDependency(DefaultListableBeanFactory.java:1555)
at org.springframework.beans.factory.support.ConstructorResolver.resolveAutowiredArgument(ConstructorResolver.java:913)
at org.springframework.beans.factory.support.ConstructorResolver.createArgumentArray(ConstructorResolver.java:791)
at org.springframework.beans.factory.support.ConstructorResolver.autowireConstructor(ConstructorResolver.java:240)
at org.springframework.beans.factory.support.AbstractAutowireCapableBeanFactory.autowireConstructor(AbstractAutowireCapableBeanFactory.java:1381)
at org.springframework.beans.factory.support.AbstractAutowireCapableBeanFactory.createBeanInstance(AbstractAutowireCapableBeanFactory.java:1218)
at org.springframework.beans.factory.support.AbstractAutowireCapableBeanFactory.doCreateBean(AbstractAutowireCapableBeanFactory.java:563)
at org.springframework.beans.factory.support.AbstractAutowireCapableBeanFactory.createBean(AbstractAutowireCapableBeanFactory.java:523)
at org.springframework.beans.factory.support.AbstractBeanFactory.lambda$doGetBean$0(AbstractBeanFactory.java:339)
at org.springframework.beans.factory.support.DefaultSingletonBeanRegistry.getSingleton(DefaultSingletonBeanRegistry.java:347)
at org.springframework.beans.factory.support.AbstractBeanFactory.doGetBean(AbstractBeanFactory.java:337)
at org.springframework.beans.factory.support.AbstractBeanFactory.getBean(AbstractBeanFactory.java:202)
at org.springframework.beans.factory.support.DefaultListableBeanFactory.doResolveDependency(DefaultListableBeanFactory.java:1609)
at org.springframework.beans.factory.support.DefaultListableBeanFactory.resolveDependency(DefaultListableBeanFactory.java:1555)
at org.springframework.beans.factory.support.ConstructorResolver.resolveAutowiredArgument(ConstructorResolver.java:913)
at org.springframework.beans.factory.support.ConstructorResolver.createArgumentArray(ConstructorResolver.java:791)
at org.springframework.beans.factory.support.ConstructorResolver.autowireConstructor(ConstructorResolver.java:240)
at org.springframework.beans.factory.support.AbstractAutowireCapableBeanFactory.autowireConstructor(AbstractAutowireCapableBeanFactory.java:1381)
at org.springframework.beans.factory.support.AbstractAutowireCapableBeanFactory.createBeanInstance(AbstractAutowireCapableBeanFactory.java:1218)
at org.springframework.beans.factory.support.AbstractAutowireCapableBeanFactory.doCreateBean(AbstractAutowireCapableBeanFactory.java:563)
at org.springframework.beans.factory.support.AbstractAutowireCapableBeanFactory.createBean(AbstractAutowireCapableBeanFactory.java:523)
at org.springframework.beans.factory.support.AbstractBeanFactory.lambda$doGetBean$0(AbstractBeanFactory.java:339)
at org.springframework.beans.factory.support.DefaultSingletonBeanRegistry.getSingleton(DefaultSingletonBeanRegistry.java:347)
at org.springframework.beans.factory.support.AbstractBeanFactory.doGetBean(AbstractBeanFactory.java:337)
at org.springframework.beans.factory.support.AbstractBeanFactory.getBean(AbstractBeanFactory.java:202)
at org.springframework.beans.factory.support.DefaultListableBeanFactory.doResolveDependency(DefaultListableBeanFactory.java:1609)
at org.springframework.beans.factory.support.DefaultListableBeanFactory.resolveDependency(DefaultListableBeanFactory.java:1555)
at org.springframework.beans.factory.support.ConstructorResolver.resolveAutowiredArgument(ConstructorResolver.java:913)
at org.springframework.beans.factory.support.ConstructorResolver.createArgumentArray(ConstructorResolver.java:791)
at org.springframework.beans.factory.support.ConstructorResolver.autowireConstructor(ConstructorResolver.java:240)
at org.springframework.beans.factory.support.AbstractAutowireCapableBeanFactory.autowireConstructor(AbstractAutowireCapableBeanFactory.java:1381)
at org.springframework.beans.factory.support.AbstractAutowireCapableBeanFactory.createBeanInstance(AbstractAutowireCapableBeanFactory.java:1218)
at org.springframework.beans.factory.support.AbstractAutowireCapableBeanFactory.doCreateBean(AbstractAutowireCapableBeanFactory.java:563)
at org.springframework.beans.factory.support.AbstractAutowireCapableBeanFactory.createBean(AbstractAutowireCapableBeanFactory.java:523)
at org.springframework.beans.factory.support.AbstractBeanFactory.lambda$doGetBean$0(AbstractBeanFactory.java:339)
at org.springframework.beans.factory.support.DefaultSingletonBeanRegistry.getSingleton(DefaultSingletonBeanRegistry.java:347)
at org.springframework.beans.factory.support.AbstractBeanFactory.doGetBean(AbstractBeanFactory.java:337)
at org.springframework.beans.factory.support.AbstractBeanFactory.getBean(AbstractBeanFactory.java:202)
at org.springframework.beans.factory.support.DefaultListableBeanFactory.instantiateSingleton(DefaultListableBeanFactory.java:1155)
at org.springframework.beans.factory.support.DefaultListableBeanFactory.preInstantiateSingleton(DefaultListableBeanFactory.java:1121)
at org.springframework.beans.factory.support.DefaultListableBeanFactory.preInstantiateSingletons(DefaultListableBeanFactory.java:1056)
at org.springframework.context.support.AbstractApplicationContext.finishBeanFactoryInitialization(AbstractApplicationContext.java:987)
at org.springframework.context.support.AbstractApplicationContext.refresh(AbstractApplicationContext.java:627)
at org.springframework.boot.web.servlet.context.ServletWebServerApplicationContext.refresh(ServletWebServerApplicationContext.java:146)
at org.springframework.boot.SpringApplication.refresh(SpringApplication.java:752)
at org.springframework.boot.SpringApplication.refreshContext(SpringApplication.java:439)
at org.springframework.boot.SpringApplication.run(SpringApplication.java:318)
at org.springframework.boot.SpringApplication.run(SpringApplication.java:1361)
at org.springframework.boot.SpringApplication.run(SpringApplication.java:1350)
at org.pinggu.portforu.PortforuApplication.main(PortforuApplication.java:12)
2025-04-25T17:39:51.887+09:00  WARN 21895 --- [portforu] [main] JpaBaseConfiguration$JpaWebConfiguration : spring.jpa.open-in-view is enabled by default. Therefore, database queries may be performed during view rendering. Explicitly configure spring.jpa.open-in-view to disable this warning
2025-04-25T17:39:51.925+09:00 DEBUG 21895 --- [portforu] [main] swordEncoderAuthenticationManagerBuilder : No authenticationProviders and no parentAuthenticationManager defined. Returning null.
2025-04-25T17:39:52.073+09:00 DEBUG 21895 --- [portforu] [main] o.s.s.web.DefaultSecurityFilterChain     : Will secure any request with filters: DisableEncodeUrlFilter, WebAsyncManagerIntegrationFilter, SecurityContextHolderFilter, HeaderWriterFilter, OAuth2AuthorizationRequestRedirectFilter, OAuth2LoginAuthenticationFilter, DefaultResourcesFilter, DefaultLoginPageGeneratingFilter, RequestCacheAwareFilter, JwtAuthenticationFilter, SecurityContextHolderAwareRequestFilter, AnonymousAuthenticationFilter, SessionManagementFilter, ExceptionTranslationFilter, AuthorizationFilter
2025-04-25T17:39:52.402+09:00  INFO 21895 --- [portforu] [main] o.s.b.w.embedded.tomcat.TomcatWebServer  : Tomcat started on port 8080 (http) with context path '/'
2025-04-25T17:39:52.410+09:00  INFO 21895 --- [portforu] [main] o.pinggu.portforu.PortforuApplication    : Started PortforuApplication in 3.769 seconds (process running for 4.006)
2025-04-25T17:39:52.452+09:00 DEBUG 21895 --- [portforu] [scheduling-2] org.hibernate.SQL                        : 
    select
        jp1_0.id,
        jp1_0.company,
        jp1_0.created_at,
        jp1_0.duty,
        jp1_0.education_level,
        jp1_0.employment_type,
        jp1_0.experience_years,
        jp1_0.hiring_end_at,
        jp1_0.hiring_start_at,
        jp1_0.indexed,
        jp1_0.is_deleted,
        jp1_0.key_abilities,
        jp1_0.link,
        jp1_0.location,
        jp1_0.max_experience_years,
        jp1_0.min_experience_years,
        jp1_0.salary,
        jp1_0.skills,
        jp1_0.title,
        jp1_0.updated_at 
    from
        job_postings jp1_0 
    where
        (
            jp1_0.is_deleted = 0
        ) 
        and not(jp1_0.indexed) 
    limit
        ?
2025-04-25T17:39:52.466+09:00  INFO 21895 --- [portforu] [scheduling-2] o.p.p.d.j.e.s.JobPostingIndexScheduler   : 색인 대기 중인 채용공고 없음
2025-04-25T17:42:52.480+09:00 DEBUG 21895 --- [portforu] [scheduling-2] org.hibernate.SQL                        : 
    select
        jp1_0.id,
        jp1_0.company,
        jp1_0.created_at,
        jp1_0.duty,
        jp1_0.education_level,
        jp1_0.employment_type,
        jp1_0.experience_years,
        jp1_0.hiring_end_at,
        jp1_0.hiring_start_at,
        jp1_0.indexed,
        jp1_0.is_deleted,
        jp1_0.key_abilities,
        jp1_0.link,
        jp1_0.location,
        jp1_0.max_experience_years,
        jp1_0.min_experience_years,
        jp1_0.salary,
        jp1_0.skills,
        jp1_0.title,
        jp1_0.updated_at 
    from
        job_postings jp1_0 
    where
        (
            jp1_0.is_deleted = 0
        ) 
        and not(jp1_0.indexed) 
    limit
        ?
2025-04-25T17:42:52.494+09:00  INFO 21895 --- [portforu] [scheduling-2] o.p.p.d.j.e.s.JobPostingIndexScheduler   : 색인 대기 중인 채용공고 없음
2025-04-25T17:45:52.497+09:00 DEBUG 21895 --- [portforu] [scheduling-2] org.hibernate.SQL                        : 
    select
        jp1_0.id,
        jp1_0.company,
        jp1_0.created_at,
        jp1_0.duty,
        jp1_0.education_level,
        jp1_0.employment_type,
        jp1_0.experience_years,
        jp1_0.hiring_end_at,
        jp1_0.hiring_start_at,
        jp1_0.indexed,
        jp1_0.is_deleted,
        jp1_0.key_abilities,
        jp1_0.link,
        jp1_0.location,
        jp1_0.max_experience_years,
        jp1_0.min_experience_years,
        jp1_0.salary,
        jp1_0.skills,
        jp1_0.title,
        jp1_0.updated_at 
    from
        job_postings jp1_0 
    where
        (
            jp1_0.is_deleted = 0
        ) 
        and not(jp1_0.indexed) 
    limit
        ?
2025-04-25T17:45:52.502+09:00  INFO 21895 --- [portforu] [scheduling-2] o.p.p.d.j.e.s.JobPostingIndexScheduler   : 색인 대기 중인 채용공고 없음
2025-04-25T17:46:50.154+09:00  WARN 21895 --- [portforu] [HikariPool-1 housekeeper] com.zaxxer.hikari.pool.HikariPool        : HikariPool-1 - Retrograde clock change detected (housekeeper delta=29s869ms), soft-evicting connections from pool.
2025-04-25T17:48:09.299+09:00  INFO 21895 --- [portforu] [SpringApplicationShutdownHook] o.s.b.w.e.tomcat.GracefulShutdown        : Commencing graceful shutdown. Waiting for active requests to complete
2025-04-25T17:48:09.304+09:00  INFO 21895 --- [portforu] [tomcat-shutdown] o.s.b.w.e.tomcat.GracefulShutdown        : Graceful shutdown complete
2025-04-25T17:48:09.346+09:00  INFO 21895 --- [portforu] [SpringApplicationShutdownHook] j.LocalContainerEntityManagerFactoryBean : Closing JPA EntityManagerFactory for persistence unit 'default'
2025-04-25T17:48:09.348+09:00  INFO 21895 --- [portforu] [SpringApplicationShutdownHook] com.zaxxer.hikari.HikariDataSource       : HikariPool-1 - Shutdown initiated...
2025-04-25T17:48:09.356+09:00  INFO 21895 --- [portforu] [SpringApplicationShutdownHook] com.zaxxer.hikari.HikariDataSource       : HikariPool-1 - Shutdown completed.
2025-04-25T17:48:11.760+09:00  INFO 22359 --- [portforu] [main] o.pinggu.portforu.PortforuApplication    : Starting PortforuApplication using Java 17.0.13 with PID 22359 (/Users/t2023-m0111/IdeaProjects/portforu/build/classes/java/main started by t2023-m0111 in /Users/t2023-m0111/IdeaProjects/portforu)
2025-04-25T17:48:11.761+09:00  INFO 22359 --- [portforu] [main] o.pinggu.portforu.PortforuApplication    : The following 1 profile is active: "local"
2025-04-25T17:48:12.186+09:00  INFO 22359 --- [portforu] [main] .s.d.r.c.RepositoryConfigurationDelegate : Multiple Spring Data modules found, entering strict repository configuration mode
2025-04-25T17:48:12.187+09:00  INFO 22359 --- [portforu] [main] .s.d.r.c.RepositoryConfigurationDelegate : Bootstrapping Spring Data Elasticsearch repositories in DEFAULT mode.
2025-04-25T17:48:12.209+09:00  INFO 22359 --- [portforu] [main] .RepositoryConfigurationExtensionSupport : Spring Data Elasticsearch - Could not safely identify store assignment for repository candidate interface org.pinggu.portforu.domain.auth.repository.RefreshTokenRepository; If you want this repository to be a Elasticsearch repository, consider annotating your entities with one of these annotations: org.springframework.data.elasticsearch.annotations.Document (preferred), or consider extending one of the following types with your repository: org.springframework.data.elasticsearch.repository.ElasticsearchRepository
2025-04-25T17:48:12.211+09:00  INFO 22359 --- [portforu] [main] .RepositoryConfigurationExtensionSupport : Spring Data Elasticsearch - Could not safely identify store assignment for repository candidate interface org.pinggu.portforu.domain.comment.repository.CommentRepository; If you want this repository to be a Elasticsearch repository, consider annotating your entities with one of these annotations: org.springframework.data.elasticsearch.annotations.Document (preferred), or consider extending one of the following types with your repository: org.springframework.data.elasticsearch.repository.ElasticsearchRepository
2025-04-25T17:48:12.260+09:00  INFO 22359 --- [portforu] [main] .RepositoryConfigurationExtensionSupport : Spring Data Elasticsearch - Could not safely identify store assignment for repository candidate interface org.pinggu.portforu.domain.jobposting.repository.JobPostingRepository; If you want this repository to be a Elasticsearch repository, consider annotating your entities with one of these annotations: org.springframework.data.elasticsearch.annotations.Document (preferred), or consider extending one of the following types with your repository: org.springframework.data.elasticsearch.repository.ElasticsearchRepository
2025-04-25T17:48:12.260+09:00  INFO 22359 --- [portforu] [main] .RepositoryConfigurationExtensionSupport : Spring Data Elasticsearch - Could not safely identify store assignment for repository candidate interface org.pinggu.portforu.domain.member.repository.MemberRepository; If you want this repository to be a Elasticsearch repository, consider annotating your entities with one of these annotations: org.springframework.data.elasticsearch.annotations.Document (preferred), or consider extending one of the following types with your repository: org.springframework.data.elasticsearch.repository.ElasticsearchRepository
2025-04-25T17:48:12.261+09:00  INFO 22359 --- [portforu] [main] .RepositoryConfigurationExtensionSupport : Spring Data Elasticsearch - Could not safely identify store assignment for repository candidate interface org.pinggu.portforu.domain.membership.repository.MembershipRepository; If you want this repository to be a Elasticsearch repository, consider annotating your entities with one of these annotations: org.springframework.data.elasticsearch.annotations.Document (preferred), or consider extending one of the following types with your repository: org.springframework.data.elasticsearch.repository.ElasticsearchRepository
2025-04-25T17:48:12.261+09:00  INFO 22359 --- [portforu] [main] .RepositoryConfigurationExtensionSupport : Spring Data Elasticsearch - Could not safely identify store assignment for repository candidate interface org.pinggu.portforu.domain.payment.repository.PaymentRepository; If you want this repository to be a Elasticsearch repository, consider annotating your entities with one of these annotations: org.springframework.data.elasticsearch.annotations.Document (preferred), or consider extending one of the following types with your repository: org.springframework.data.elasticsearch.repository.ElasticsearchRepository
2025-04-25T17:48:12.262+09:00  INFO 22359 --- [portforu] [main] .RepositoryConfigurationExtensionSupport : Spring Data Elasticsearch - Could not safely identify store assignment for repository candidate interface org.pinggu.portforu.domain.portfolio.repository.PortfolioRepository; If you want this repository to be a Elasticsearch repository, consider annotating your entities with one of these annotations: org.springframework.data.elasticsearch.annotations.Document (preferred), or consider extending one of the following types with your repository: org.springframework.data.elasticsearch.repository.ElasticsearchRepository
2025-04-25T17:48:12.262+09:00  INFO 22359 --- [portforu] [main] .RepositoryConfigurationExtensionSupport : Spring Data Elasticsearch - Could not safely identify store assignment for repository candidate interface org.pinggu.portforu.domain.portfolio.repository.UploadedFileRepository; If you want this repository to be a Elasticsearch repository, consider annotating your entities with one of these annotations: org.springframework.data.elasticsearch.annotations.Document (preferred), or consider extending one of the following types with your repository: org.springframework.data.elasticsearch.repository.ElasticsearchRepository
2025-04-25T17:48:12.262+09:00  INFO 22359 --- [portforu] [main] .RepositoryConfigurationExtensionSupport : Spring Data Elasticsearch - Could not safely identify store assignment for repository candidate interface org.pinggu.portforu.domain.scrap.repository.ScrapRepository; If you want this repository to be a Elasticsearch repository, consider annotating your entities with one of these annotations: org.springframework.data.elasticsearch.annotations.Document (preferred), or consider extending one of the following types with your repository: org.springframework.data.elasticsearch.repository.ElasticsearchRepository
2025-04-25T17:48:12.263+09:00  INFO 22359 --- [portforu] [main] .RepositoryConfigurationExtensionSupport : Spring Data Elasticsearch - Could not safely identify store assignment for repository candidate interface org.pinggu.portforu.domain.subscribe.repository.SubscribeRepository; If you want this repository to be a Elasticsearch repository, consider annotating your entities with one of these annotations: org.springframework.data.elasticsearch.annotations.Document (preferred), or consider extending one of the following types with your repository: org.springframework.data.elasticsearch.repository.ElasticsearchRepository
2025-04-25T17:48:12.272+09:00  INFO 22359 --- [portforu] [main] .s.d.r.c.RepositoryConfigurationDelegate : Finished Spring Data repository scanning in 81 ms. Found 1 Elasticsearch repository interface.
2025-04-25T17:48:12.274+09:00  INFO 22359 --- [portforu] [main] .s.d.r.c.RepositoryConfigurationDelegate : Multiple Spring Data modules found, entering strict repository configuration mode
2025-04-25T17:48:12.274+09:00  INFO 22359 --- [portforu] [main] .s.d.r.c.RepositoryConfigurationDelegate : Bootstrapping Spring Data Reactive Elasticsearch repositories in DEFAULT mode.
2025-04-25T17:48:12.280+09:00  INFO 22359 --- [portforu] [main] .RepositoryConfigurationExtensionSupport : Spring Data Reactive Elasticsearch - Could not safely identify store assignment for repository candidate interface org.pinggu.portforu.domain.auth.repository.RefreshTokenRepository; If you want this repository to be a Reactive Elasticsearch repository, consider annotating your entities with one of these annotations: org.springframework.data.elasticsearch.annotations.Document (preferred), or consider extending one of the following types with your repository: org.springframework.data.elasticsearch.repository.ReactiveElasticsearchRepository
2025-04-25T17:48:12.280+09:00  INFO 22359 --- [portforu] [main] .RepositoryConfigurationExtensionSupport : Spring Data Reactive Elasticsearch - Could not safely identify store assignment for repository candidate interface org.pinggu.portforu.domain.comment.repository.CommentRepository; If you want this repository to be a Reactive Elasticsearch repository, consider annotating your entities with one of these annotations: org.springframework.data.elasticsearch.annotations.Document (preferred), or consider extending one of the following types with your repository: org.springframework.data.elasticsearch.repository.ReactiveElasticsearchRepository
2025-04-25T17:48:12.281+09:00  INFO 22359 --- [portforu] [main] .RepositoryConfigurationExtensionSupport : Spring Data Reactive Elasticsearch - Could not safely identify store assignment for repository candidate interface org.pinggu.portforu.domain.jobposting.repository.JobPostingRepository; If you want this repository to be a Reactive Elasticsearch repository, consider annotating your entities with one of these annotations: org.springframework.data.elasticsearch.annotations.Document (preferred), or consider extending one of the following types with your repository: org.springframework.data.elasticsearch.repository.ReactiveElasticsearchRepository
2025-04-25T17:48:12.281+09:00  INFO 22359 --- [portforu] [main] .RepositoryConfigurationExtensionSupport : Spring Data Reactive Elasticsearch - Could not safely identify store assignment for repository candidate interface org.pinggu.portforu.domain.member.repository.MemberRepository; If you want this repository to be a Reactive Elasticsearch repository, consider annotating your entities with one of these annotations: org.springframework.data.elasticsearch.annotations.Document (preferred), or consider extending one of the following types with your repository: org.springframework.data.elasticsearch.repository.ReactiveElasticsearchRepository
2025-04-25T17:48:12.281+09:00  INFO 22359 --- [portforu] [main] .RepositoryConfigurationExtensionSupport : Spring Data Reactive Elasticsearch - Could not safely identify store assignment for repository candidate interface org.pinggu.portforu.domain.membership.repository.MembershipRepository; If you want this repository to be a Reactive Elasticsearch repository, consider annotating your entities with one of these annotations: org.springframework.data.elasticsearch.annotations.Document (preferred), or consider extending one of the following types with your repository: org.springframework.data.elasticsearch.repository.ReactiveElasticsearchRepository
2025-04-25T17:48:12.281+09:00  INFO 22359 --- [portforu] [main] .RepositoryConfigurationExtensionSupport : Spring Data Reactive Elasticsearch - Could not safely identify store assignment for repository candidate interface org.pinggu.portforu.domain.payment.repository.PaymentRepository; If you want this repository to be a Reactive Elasticsearch repository, consider annotating your entities with one of these annotations: org.springframework.data.elasticsearch.annotations.Document (preferred), or consider extending one of the following types with your repository: org.springframework.data.elasticsearch.repository.ReactiveElasticsearchRepository
2025-04-25T17:48:12.281+09:00  INFO 22359 --- [portforu] [main] .RepositoryConfigurationExtensionSupport : Spring Data Reactive Elasticsearch - Could not safely identify store assignment for repository candidate interface org.pinggu.portforu.domain.portfolio.repository.PortfolioRepository; If you want this repository to be a Reactive Elasticsearch repository, consider annotating your entities with one of these annotations: org.springframework.data.elasticsearch.annotations.Document (preferred), or consider extending one of the following types with your repository: org.springframework.data.elasticsearch.repository.ReactiveElasticsearchRepository
2025-04-25T17:48:12.281+09:00  INFO 22359 --- [portforu] [main] .RepositoryConfigurationExtensionSupport : Spring Data Reactive Elasticsearch - Could not safely identify store assignment for repository candidate interface org.pinggu.portforu.domain.portfolio.repository.UploadedFileRepository; If you want this repository to be a Reactive Elasticsearch repository, consider annotating your entities with one of these annotations: org.springframework.data.elasticsearch.annotations.Document (preferred), or consider extending one of the following types with your repository: org.springframework.data.elasticsearch.repository.ReactiveElasticsearchRepository
2025-04-25T17:48:12.281+09:00  INFO 22359 --- [portforu] [main] .RepositoryConfigurationExtensionSupport : Spring Data Reactive Elasticsearch - Could not safely identify store assignment for repository candidate interface org.pinggu.portforu.domain.scrap.repository.ScrapRepository; If you want this repository to be a Reactive Elasticsearch repository, consider annotating your entities with one of these annotations: org.springframework.data.elasticsearch.annotations.Document (preferred), or consider extending one of the following types with your repository: org.springframework.data.elasticsearch.repository.ReactiveElasticsearchRepository
2025-04-25T17:48:12.281+09:00  INFO 22359 --- [portforu] [main] .RepositoryConfigurationExtensionSupport : Spring Data Reactive Elasticsearch - Could not safely identify store assignment for repository candidate interface org.pinggu.portforu.domain.subscribe.repository.SubscribeRepository; If you want this repository to be a Reactive Elasticsearch repository, consider annotating your entities with one of these annotations: org.springframework.data.elasticsearch.annotations.Document (preferred), or consider extending one of the following types with your repository: org.springframework.data.elasticsearch.repository.ReactiveElasticsearchRepository
2025-04-25T17:48:12.281+09:00  INFO 22359 --- [portforu] [main] .s.d.r.c.RepositoryConfigurationDelegate : Finished Spring Data repository scanning in 6 ms. Found 0 Reactive Elasticsearch repository interfaces.
2025-04-25T17:48:12.285+09:00  INFO 22359 --- [portforu] [main] .s.d.r.c.RepositoryConfigurationDelegate : Multiple Spring Data modules found, entering strict repository configuration mode
2025-04-25T17:48:12.285+09:00  INFO 22359 --- [portforu] [main] .s.d.r.c.RepositoryConfigurationDelegate : Bootstrapping Spring Data JPA repositories in DEFAULT mode.
2025-04-25T17:48:12.293+09:00  INFO 22359 --- [portforu] [main] .RepositoryConfigurationExtensionSupport : Spring Data JPA - Could not safely identify store assignment for repository candidate interface org.pinggu.portforu.domain.jobposting.elastic.repository.JobPostingSearchRepository; If you want this repository to be a JPA repository, consider annotating your entities with one of these annotations: jakarta.persistence.Entity, jakarta.persistence.MappedSuperclass (preferred), or consider extending one of the following types with your repository: org.springframework.data.jpa.repository.JpaRepository
2025-04-25T17:48:12.303+09:00  INFO 22359 --- [portforu] [main] .s.d.r.c.RepositoryConfigurationDelegate : Finished Spring Data repository scanning in 15 ms. Found 10 JPA repository interfaces.
2025-04-25T17:48:12.309+09:00  INFO 22359 --- [portforu] [main] .s.d.r.c.RepositoryConfigurationDelegate : Multiple Spring Data modules found, entering strict repository configuration mode
2025-04-25T17:48:12.310+09:00  INFO 22359 --- [portforu] [main] .s.d.r.c.RepositoryConfigurationDelegate : Bootstrapping Spring Data Redis repositories in DEFAULT mode.
2025-04-25T17:48:12.319+09:00  INFO 22359 --- [portforu] [main] .RepositoryConfigurationExtensionSupport : Spring Data Redis - Could not safely identify store assignment for repository candidate interface org.pinggu.portforu.domain.auth.repository.RefreshTokenRepository; If you want this repository to be a Redis repository, consider annotating your entities with one of these annotations: org.springframework.data.redis.core.RedisHash (preferred), or consider extending one of the following types with your repository: org.springframework.data.keyvalue.repository.KeyValueRepository
2025-04-25T17:48:12.319+09:00  INFO 22359 --- [portforu] [main] .RepositoryConfigurationExtensionSupport : Spring Data Redis - Could not safely identify store assignment for repository candidate interface org.pinggu.portforu.domain.comment.repository.CommentRepository; If you want this repository to be a Redis repository, consider annotating your entities with one of these annotations: org.springframework.data.redis.core.RedisHash (preferred), or consider extending one of the following types with your repository: org.springframework.data.keyvalue.repository.KeyValueRepository
2025-04-25T17:48:12.319+09:00  INFO 22359 --- [portforu] [main] .RepositoryConfigurationExtensionSupport : Spring Data Redis - Could not safely identify store assignment for repository candidate interface org.pinggu.portforu.domain.jobposting.elastic.repository.JobPostingSearchRepository; If you want this repository to be a Redis repository, consider annotating your entities with one of these annotations: org.springframework.data.redis.core.RedisHash (preferred), or consider extending one of the following types with your repository: org.springframework.data.keyvalue.repository.KeyValueRepository
2025-04-25T17:48:12.319+09:00  INFO 22359 --- [portforu] [main] .RepositoryConfigurationExtensionSupport : Spring Data Redis - Could not safely identify store assignment for repository candidate interface org.pinggu.portforu.domain.jobposting.repository.JobPostingRepository; If you want this repository to be a Redis repository, consider annotating your entities with one of these annotations: org.springframework.data.redis.core.RedisHash (preferred), or consider extending one of the following types with your repository: org.springframework.data.keyvalue.repository.KeyValueRepository
2025-04-25T17:48:12.319+09:00  INFO 22359 --- [portforu] [main] .RepositoryConfigurationExtensionSupport : Spring Data Redis - Could not safely identify store assignment for repository candidate interface org.pinggu.portforu.domain.member.repository.MemberRepository; If you want this repository to be a Redis repository, consider annotating your entities with one of these annotations: org.springframework.data.redis.core.RedisHash (preferred), or consider extending one of the following types with your repository: org.springframework.data.keyvalue.repository.KeyValueRepository
2025-04-25T17:48:12.319+09:00  INFO 22359 --- [portforu] [main] .RepositoryConfigurationExtensionSupport : Spring Data Redis - Could not safely identify store assignment for repository candidate interface org.pinggu.portforu.domain.membership.repository.MembershipRepository; If you want this repository to be a Redis repository, consider annotating your entities with one of these annotations: org.springframework.data.redis.core.RedisHash (preferred), or consider extending one of the following types with your repository: org.springframework.data.keyvalue.repository.KeyValueRepository
2025-04-25T17:48:12.319+09:00  INFO 22359 --- [portforu] [main] .RepositoryConfigurationExtensionSupport : Spring Data Redis - Could not safely identify store assignment for repository candidate interface org.pinggu.portforu.domain.payment.repository.PaymentRepository; If you want this repository to be a Redis repository, consider annotating your entities with one of these annotations: org.springframework.data.redis.core.RedisHash (preferred), or consider extending one of the following types with your repository: org.springframework.data.keyvalue.repository.KeyValueRepository
2025-04-25T17:48:12.319+09:00  INFO 22359 --- [portforu] [main] .RepositoryConfigurationExtensionSupport : Spring Data Redis - Could not safely identify store assignment for repository candidate interface org.pinggu.portforu.domain.portfolio.repository.PortfolioRepository; If you want this repository to be a Redis repository, consider annotating your entities with one of these annotations: org.springframework.data.redis.core.RedisHash (preferred), or consider extending one of the following types with your repository: org.springframework.data.keyvalue.repository.KeyValueRepository
2025-04-25T17:48:12.319+09:00  INFO 22359 --- [portforu] [main] .RepositoryConfigurationExtensionSupport : Spring Data Redis - Could not safely identify store assignment for repository candidate interface org.pinggu.portforu.domain.portfolio.repository.UploadedFileRepository; If you want this repository to be a Redis repository, consider annotating your entities with one of these annotations: org.springframework.data.redis.core.RedisHash (preferred), or consider extending one of the following types with your repository: org.springframework.data.keyvalue.repository.KeyValueRepository
2025-04-25T17:48:12.319+09:00  INFO 22359 --- [portforu] [main] .RepositoryConfigurationExtensionSupport : Spring Data Redis - Could not safely identify store assignment for repository candidate interface org.pinggu.portforu.domain.scrap.repository.ScrapRepository; If you want this repository to be a Redis repository, consider annotating your entities with one of these annotations: org.springframework.data.redis.core.RedisHash (preferred), or consider extending one of the following types with your repository: org.springframework.data.keyvalue.repository.KeyValueRepository
2025-04-25T17:48:12.319+09:00  INFO 22359 --- [portforu] [main] .RepositoryConfigurationExtensionSupport : Spring Data Redis - Could not safely identify store assignment for repository candidate interface org.pinggu.portforu.domain.subscribe.repository.SubscribeRepository; If you want this repository to be a Redis repository, consider annotating your entities with one of these annotations: org.springframework.data.redis.core.RedisHash (preferred), or consider extending one of the following types with your repository: org.springframework.data.keyvalue.repository.KeyValueRepository
2025-04-25T17:48:12.320+09:00  INFO 22359 --- [portforu] [main] .s.d.r.c.RepositoryConfigurationDelegate : Finished Spring Data repository scanning in 6 ms. Found 0 Redis repository interfaces.
2025-04-25T17:48:12.684+09:00  INFO 22359 --- [portforu] [main] o.s.b.w.embedded.tomcat.TomcatWebServer  : Tomcat initialized with port 8080 (http)
2025-04-25T17:48:12.691+09:00  INFO 22359 --- [portforu] [main] o.apache.catalina.core.StandardService   : Starting service [Tomcat]
2025-04-25T17:48:12.691+09:00  INFO 22359 --- [portforu] [main] o.apache.catalina.core.StandardEngine    : Starting Servlet engine: [Apache Tomcat/10.1.39]
2025-04-25T17:48:12.713+09:00  INFO 22359 --- [portforu] [main] o.a.c.c.C.[Tomcat].[localhost].[/]       : Initializing Spring embedded WebApplicationContext
2025-04-25T17:48:12.713+09:00  INFO 22359 --- [portforu] [main] w.s.c.ServletWebServerApplicationContext : Root WebApplicationContext: initialization completed in 934 ms
2025-04-25T17:48:12.795+09:00  INFO 22359 --- [portforu] [main] o.hibernate.jpa.internal.util.LogHelper  : HHH000204: Processing PersistenceUnitInfo [name: default]
2025-04-25T17:48:12.822+09:00  INFO 22359 --- [portforu] [main] org.hibernate.Version                    : HHH000412: Hibernate ORM core version 6.6.11.Final
2025-04-25T17:48:12.839+09:00  INFO 22359 --- [portforu] [main] o.h.c.internal.RegionFactoryInitiator    : HHH000026: Second-level cache disabled
2025-04-25T17:48:13.019+09:00  INFO 22359 --- [portforu] [main] o.s.o.j.p.SpringPersistenceUnitInfo      : No LoadTimeWeaver setup: ignoring JPA class transformer
2025-04-25T17:48:13.032+09:00  INFO 22359 --- [portforu] [main] com.zaxxer.hikari.HikariDataSource       : HikariPool-1 - Starting...
2025-04-25T17:48:13.153+09:00  INFO 22359 --- [portforu] [main] com.zaxxer.hikari.pool.HikariPool        : HikariPool-1 - Added connection com.mysql.cj.jdbc.ConnectionImpl@2626aa35
2025-04-25T17:48:13.154+09:00  INFO 22359 --- [portforu] [main] com.zaxxer.hikari.HikariDataSource       : HikariPool-1 - Start completed.
2025-04-25T17:48:13.195+09:00  INFO 22359 --- [portforu] [main] org.hibernate.orm.connections.pooling    : HHH10001005: Database info:
	Database JDBC URL [Connecting through datasource 'HikariDataSource (HikariPool-1)']
	Database driver: undefined/unknown
	Database version: 9.2
	Autocommit mode: undefined/unknown
	Isolation level: undefined/unknown
	Minimum pool size: undefined/unknown
	Maximum pool size: undefined/unknown
2025-04-25T17:48:13.661+09:00  INFO 22359 --- [portforu] [main] o.h.e.t.j.p.i.JtaPlatformInitiator       : HHH000489: No JTA platform available (set 'hibernate.transaction.jta.platform' to enable JTA platform integration)
2025-04-25T17:48:13.668+09:00 DEBUG 22359 --- [portforu] [main] org.hibernate.SQL                        : 
    alter table comments 
       drop 
       foreign key FKkv22t54g17a6hvj7hbn6byh5s
2025-04-25T17:48:13.679+09:00 DEBUG 22359 --- [portforu] [main] org.hibernate.SQL                        : 
    alter table comments 
       drop 
       foreign key FK5cwxj0hna6dqmgdwwh8jsncln
2025-04-25T17:48:13.686+09:00 DEBUG 22359 --- [portforu] [main] org.hibernate.SQL                        : 
    alter table payments 
       drop 
       foreign key FKb1214sjecn8nd2f1b0shp3lpo
2025-04-25T17:48:13.693+09:00 DEBUG 22359 --- [portforu] [main] org.hibernate.SQL                        : 
    alter table portfolios 
       drop 
       foreign key FKonyc71oyvfe6f7u5ut93hwfbf
2025-04-25T17:48:13.702+09:00 DEBUG 22359 --- [portforu] [main] org.hibernate.SQL                        : 
    alter table scraps 
       drop 
       foreign key FKmqtt9v6pl7qy7jglcin8bcmkm
2025-04-25T17:48:13.706+09:00 DEBUG 22359 --- [portforu] [main] org.hibernate.SQL                        : 
    alter table scraps 
       drop 
       foreign key FKhe5gvk4bvdo4b68mtxueq0wot
2025-04-25T17:48:13.709+09:00 DEBUG 22359 --- [portforu] [main] org.hibernate.SQL                        : 
    alter table subscribes 
       drop 
       foreign key FK1ll7f1tjs7lt3xiqfcbrfmdum
2025-04-25T17:48:13.713+09:00 DEBUG 22359 --- [portforu] [main] org.hibernate.SQL                        : 
    alter table subscribes 
       drop 
       foreign key FKhnsopwrnsd8c21915rj71d2jx
2025-04-25T17:48:13.716+09:00 DEBUG 22359 --- [portforu] [main] org.hibernate.SQL                        : 
    drop table if exists comments
2025-04-25T17:48:13.718+09:00 DEBUG 22359 --- [portforu] [main] org.hibernate.SQL                        : 
    drop table if exists job_postings
2025-04-25T17:48:13.722+09:00 DEBUG 22359 --- [portforu] [main] org.hibernate.SQL                        : 
    drop table if exists members
2025-04-25T17:48:13.723+09:00 DEBUG 22359 --- [portforu] [main] org.hibernate.SQL                        : 
    drop table if exists memberships
2025-04-25T17:48:13.725+09:00 DEBUG 22359 --- [portforu] [main] org.hibernate.SQL                        : 
    drop table if exists payments
2025-04-25T17:48:13.728+09:00 DEBUG 22359 --- [portforu] [main] org.hibernate.SQL                        : 
    drop table if exists portfolios
2025-04-25T17:48:13.731+09:00 DEBUG 22359 --- [portforu] [main] org.hibernate.SQL                        : 
    drop table if exists refresh_token
2025-04-25T17:48:13.733+09:00 DEBUG 22359 --- [portforu] [main] org.hibernate.SQL                        : 
    drop table if exists scraps
2025-04-25T17:48:13.734+09:00 DEBUG 22359 --- [portforu] [main] org.hibernate.SQL                        : 
    drop table if exists subscribes
2025-04-25T17:48:13.735+09:00 DEBUG 22359 --- [portforu] [main] org.hibernate.SQL                        : 
    drop table if exists uploaded_file
2025-04-25T17:48:13.740+09:00 DEBUG 22359 --- [portforu] [main] org.hibernate.SQL                        : 
    create table comments (
        is_deleted bit not null,
        created_at datetime(6),
        id bigint not null auto_increment,
        member_id bigint not null,
        portfolio_id bigint not null,
        updated_at datetime(6),
        content varchar(255) not null,
        primary key (id)
    ) engine=InnoDB
2025-04-25T17:48:13.743+09:00 DEBUG 22359 --- [portforu] [main] org.hibernate.SQL                        : 
    create table job_postings (
        indexed bit not null,
        is_deleted bit not null,
        max_experience_years integer,
        min_experience_years integer,
        created_at datetime(6),
        hiring_end_at datetime(6),
        hiring_start_at datetime(6),
        id bigint not null auto_increment,
        updated_at datetime(6),
        company varchar(255) not null,
        duty varchar(255) not null,
        education_level varchar(255) not null,
        employment_type varchar(255) not null,
        experience_years varchar(255) not null,
        key_abilities varchar(255) not null,
        link varchar(255) not null,
        location varchar(255) not null,
        salary varchar(255) not null,
        skills varchar(255),
        title varchar(255) not null,
        primary key (id)
    ) engine=InnoDB
2025-04-25T17:48:13.747+09:00 DEBUG 22359 --- [portforu] [main] org.hibernate.SQL                        : 
    create table members (
        is_deleted bit not null,
        view_count integer not null,
        created_at datetime(6),
        id bigint not null auto_increment,
        updated_at datetime(6),
        phone_number varchar(30) not null,
        name varchar(50) not null,
        password varchar(60) not null,
        email varchar(100) not null,
        address varchar(255) not null,
        provider varchar(255),
        user_role enum ('ROLE_ADMIN','ROLE_USER') not null,
        primary key (id)
    ) engine=InnoDB
2025-04-25T17:48:13.750+09:00 DEBUG 22359 --- [portforu] [main] org.hibernate.SQL                        : 
    create table memberships (
        is_deleted bit not null,
        price integer not null,
        quantity integer not null,
        year integer not null,
        created_at datetime(6),
        id bigint not null auto_increment,
        updated_at datetime(6),
        name varchar(50) not null,
        primary key (id)
    ) engine=InnoDB
2025-04-25T17:48:13.753+09:00 DEBUG 22359 --- [portforu] [main] org.hibernate.SQL                        : 
    create table payments (
        is_deleted bit not null,
        created_at datetime(6),
        id bigint not null auto_increment,
        subscribe_id bigint not null,
        updated_at datetime(6),
        payment_key varchar(255),
        payment_method enum ('ACCOUNT_TRANSFER','BOOK_GIFT','CARD','CULTURE_GIFT','GAME_GIFT','MOBILE_PHONE','TOSS_PAY','UNKNOWN','VIRTUAL_ACCOUNT'),
        status enum ('CANCELED','COMPLETED','EXPIRED','FAILED','PENDING'),
        primary key (id)
    ) engine=InnoDB
2025-04-25T17:48:13.756+09:00 DEBUG 22359 --- [portforu] [main] org.hibernate.SQL                        : 
    create table portfolios (
        is_deleted bit not null,
        views integer not null,
        created_at datetime(6),
        id bigint not null auto_increment,
        member_id bigint not null,
        updated_at datetime(6),
        title varchar(50) not null,
        file_url varchar(500),
        description TEXT not null,
        primary key (id)
    ) engine=InnoDB
2025-04-25T17:48:13.758+09:00 DEBUG 22359 --- [portforu] [main] org.hibernate.SQL                        : 
    create table refresh_token (
        member_id bigint not null,
        token varchar(512) not null,
        primary key (member_id)
    ) engine=InnoDB
2025-04-25T17:48:13.760+09:00 DEBUG 22359 --- [portforu] [main] org.hibernate.SQL                        : 
    create table scraps (
        is_deleted bit not null,
        created_at datetime(6),
        id bigint not null auto_increment,
        job_posting_id bigint not null,
        member_id bigint not null,
        updated_at datetime(6),
        primary key (id)
    ) engine=InnoDB
2025-04-25T17:48:13.763+09:00 DEBUG 22359 --- [portforu] [main] org.hibernate.SQL                        : 
    create table subscribes (
        is_deleted bit not null,
        created_at datetime(6),
        end_date datetime(6) not null,
        id bigint not null auto_increment,
        member_id bigint not null,
        membership_id bigint not null,
        start_date datetime(6) not null,
        updated_at datetime(6),
        status enum ('ACTIVE','CANCELED','EXPIRED','FAILED','PENDING') not null,
        primary key (id)
    ) engine=InnoDB
2025-04-25T17:48:13.766+09:00 DEBUG 22359 --- [portforu] [main] org.hibernate.SQL                        : 
    create table uploaded_file (
        used bit not null,
        created_at datetime(6),
        id bigint not null auto_increment,
        file_url varchar(255),
        primary key (id)
    ) engine=InnoDB
2025-04-25T17:48:13.769+09:00 DEBUG 22359 --- [portforu] [main] org.hibernate.SQL                        : 
    alter table job_postings 
       add constraint UKrctqiu9lyyeym768nw1b25ic7 unique (link)
2025-04-25T17:48:13.773+09:00 DEBUG 22359 --- [portforu] [main] org.hibernate.SQL                        : 
    alter table members 
       add constraint UK9d30a9u1qpg8eou0otgkwrp5d unique (email)
2025-04-25T17:48:13.776+09:00 DEBUG 22359 --- [portforu] [main] org.hibernate.SQL                        : 
    alter table payments 
       add constraint UKt2i4hg2yv378mnognr5r20ukw unique (subscribe_id)
2025-04-25T17:48:13.780+09:00 DEBUG 22359 --- [portforu] [main] org.hibernate.SQL                        : 
    alter table comments 
       add constraint FKkv22t54g17a6hvj7hbn6byh5s 
       foreign key (member_id) 
       references members (id)
2025-04-25T17:48:13.787+09:00 DEBUG 22359 --- [portforu] [main] org.hibernate.SQL                        : 
    alter table comments 
       add constraint FK5cwxj0hna6dqmgdwwh8jsncln 
       foreign key (portfolio_id) 
       references portfolios (id)
2025-04-25T17:48:13.794+09:00 DEBUG 22359 --- [portforu] [main] org.hibernate.SQL                        : 
    alter table payments 
       add constraint FKb1214sjecn8nd2f1b0shp3lpo 
       foreign key (subscribe_id) 
       references subscribes (id)
2025-04-25T17:48:13.801+09:00 DEBUG 22359 --- [portforu] [main] org.hibernate.SQL                        : 
    alter table portfolios 
       add constraint FKonyc71oyvfe6f7u5ut93hwfbf 
       foreign key (member_id) 
       references members (id)
2025-04-25T17:48:13.809+09:00 DEBUG 22359 --- [portforu] [main] org.hibernate.SQL                        : 
    alter table scraps 
       add constraint FKmqtt9v6pl7qy7jglcin8bcmkm 
       foreign key (job_posting_id) 
       references job_postings (id)
2025-04-25T17:48:13.816+09:00 DEBUG 22359 --- [portforu] [main] org.hibernate.SQL                        : 
    alter table scraps 
       add constraint FKhe5gvk4bvdo4b68mtxueq0wot 
       foreign key (member_id) 
       references members (id)
2025-04-25T17:48:13.823+09:00 DEBUG 22359 --- [portforu] [main] org.hibernate.SQL                        : 
    alter table subscribes 
       add constraint FK1ll7f1tjs7lt3xiqfcbrfmdum 
       foreign key (member_id) 
       references members (id)
2025-04-25T17:48:13.831+09:00 DEBUG 22359 --- [portforu] [main] org.hibernate.SQL                        : 
    alter table subscribes 
       add constraint FKhnsopwrnsd8c21915rj71d2jx 
       foreign key (membership_id) 
       references memberships (id)
2025-04-25T17:48:13.845+09:00  INFO 22359 --- [portforu] [main] j.LocalContainerEntityManagerFactoryBean : Initialized JPA EntityManagerFactory for persistence unit 'default'
2025-04-25T17:48:14.060+09:00  INFO 22359 --- [portforu] [main] o.s.d.j.r.query.QueryEnhancerFactory     : Hibernate is in classpath; If applicable, HQL parser will be used.
2025-04-25T17:48:14.797+09:00  WARN 22359 --- [portforu] [main] com.amazonaws.util.VersionInfoUtils      : The AWS SDK for Java 1.x entered maintenance mode starting July 31, 2024 and will reach end of support on December 31, 2025. For more information, see https://aws.amazon.com/blogs/developer/the-aws-sdk-for-java-1-x-is-in-maintenance-mode-effective-july-31-2024/
You can print where on the file system the AWS SDK for Java 1.x core runtime is located by setting the AWS_JAVA_V1_PRINT_LOCATION environment variable or aws.java.v1.printLocation system property to 'true'.
This message can be disabled by setting the AWS_JAVA_V1_DISABLE_DEPRECATION_ANNOUNCEMENT environment variable or aws.java.v1.disableDeprecationAnnouncement system property to 'true'.
The AWS SDK for Java 1.x is being used here:
at java.base/java.lang.Thread.getStackTrace(Thread.java:1619)
at com.amazonaws.util.VersionInfoUtils.printDeprecationAnnouncement(VersionInfoUtils.java:81)
at com.amazonaws.util.VersionInfoUtils.<clinit>(VersionInfoUtils.java:59)
at com.amazonaws.internal.EC2ResourceFetcher.<clinit>(EC2ResourceFetcher.java:44)
at com.amazonaws.auth.InstanceMetadataServiceCredentialsFetcher.<init>(InstanceMetadataServiceCredentialsFetcher.java:38)
at com.amazonaws.auth.InstanceProfileCredentialsProvider.<init>(InstanceProfileCredentialsProvider.java:111)
at com.amazonaws.auth.InstanceProfileCredentialsProvider.<init>(InstanceProfileCredentialsProvider.java:91)
at com.amazonaws.auth.InstanceProfileCredentialsProvider.<init>(InstanceProfileCredentialsProvider.java:75)
at com.amazonaws.auth.InstanceProfileCredentialsProvider.<clinit>(InstanceProfileCredentialsProvider.java:58)
at com.amazonaws.auth.EC2ContainerCredentialsProviderWrapper.initializeProvider(EC2ContainerCredentialsProviderWrapper.java:66)
at com.amazonaws.auth.EC2ContainerCredentialsProviderWrapper.<init>(EC2ContainerCredentialsProviderWrapper.java:55)
at com.amazonaws.auth.DefaultAWSCredentialsProviderChain.<init>(DefaultAWSCredentialsProviderChain.java:60)
at com.amazonaws.auth.DefaultAWSCredentialsProviderChain.<clinit>(DefaultAWSCredentialsProviderChain.java:54)
at com.amazonaws.services.s3.AmazonS3ClientBuilder.standard(AmazonS3ClientBuilder.java:46)
at org.pinggu.portforu.config.S3Config.amazonS3(S3Config.java:26)
at org.pinggu.portforu.config.S3Config$$SpringCGLIB$$0.CGLIB$amazonS3$0(<generated>)
at org.pinggu.portforu.config.S3Config$$SpringCGLIB$$FastClass$$1.invoke(<generated>)
at org.springframework.cglib.proxy.MethodProxy.invokeSuper(MethodProxy.java:258)
at org.springframework.context.annotation.ConfigurationClassEnhancer$BeanMethodInterceptor.intercept(ConfigurationClassEnhancer.java:370)
at org.pinggu.portforu.config.S3Config$$SpringCGLIB$$0.amazonS3(<generated>)
at java.base/jdk.internal.reflect.NativeMethodAccessorImpl.invoke0(Native Method)
at java.base/jdk.internal.reflect.NativeMethodAccessorImpl.invoke(NativeMethodAccessorImpl.java:77)
at java.base/jdk.internal.reflect.DelegatingMethodAccessorImpl.invoke(DelegatingMethodAccessorImpl.java:43)
at java.base/java.lang.reflect.Method.invoke(Method.java:569)
at org.springframework.beans.factory.support.SimpleInstantiationStrategy.lambda$instantiate$0(SimpleInstantiationStrategy.java:171)
at org.springframework.beans.factory.support.SimpleInstantiationStrategy.instantiateWithFactoryMethod(SimpleInstantiationStrategy.java:88)
at org.springframework.beans.factory.support.SimpleInstantiationStrategy.instantiate(SimpleInstantiationStrategy.java:168)
at org.springframework.beans.factory.support.ConstructorResolver.instantiate(ConstructorResolver.java:653)
at org.springframework.beans.factory.support.ConstructorResolver.instantiateUsingFactoryMethod(ConstructorResolver.java:489)
at org.springframework.beans.factory.support.AbstractAutowireCapableBeanFactory.instantiateUsingFactoryMethod(AbstractAutowireCapableBeanFactory.java:1361)
at org.springframework.beans.factory.support.AbstractAutowireCapableBeanFactory.createBeanInstance(AbstractAutowireCapableBeanFactory.java:1191)
at org.springframework.beans.factory.support.AbstractAutowireCapableBeanFactory.doCreateBean(AbstractAutowireCapableBeanFactory.java:563)
at org.springframework.beans.factory.support.AbstractAutowireCapableBeanFactory.createBean(AbstractAutowireCapableBeanFactory.java:523)
at org.springframework.beans.factory.support.AbstractBeanFactory.lambda$doGetBean$0(AbstractBeanFactory.java:339)
at org.springframework.beans.factory.support.DefaultSingletonBeanRegistry.getSingleton(DefaultSingletonBeanRegistry.java:347)
at org.springframework.beans.factory.support.AbstractBeanFactory.doGetBean(AbstractBeanFactory.java:337)
at org.springframework.beans.factory.support.AbstractBeanFactory.getBean(AbstractBeanFactory.java:202)
at org.springframework.beans.factory.support.DefaultListableBeanFactory.doResolveDependency(DefaultListableBeanFactory.java:1609)
at org.springframework.beans.factory.support.DefaultListableBeanFactory.resolveDependency(DefaultListableBeanFactory.java:1555)
at org.springframework.beans.factory.support.ConstructorResolver.resolveAutowiredArgument(ConstructorResolver.java:913)
at org.springframework.beans.factory.support.ConstructorResolver.createArgumentArray(ConstructorResolver.java:791)
at org.springframework.beans.factory.support.ConstructorResolver.autowireConstructor(ConstructorResolver.java:240)
at org.springframework.beans.factory.support.AbstractAutowireCapableBeanFactory.autowireConstructor(AbstractAutowireCapableBeanFactory.java:1381)
at org.springframework.beans.factory.support.AbstractAutowireCapableBeanFactory.createBeanInstance(AbstractAutowireCapableBeanFactory.java:1218)
at org.springframework.beans.factory.support.AbstractAutowireCapableBeanFactory.doCreateBean(AbstractAutowireCapableBeanFactory.java:563)
at org.springframework.beans.factory.support.AbstractAutowireCapableBeanFactory.createBean(AbstractAutowireCapableBeanFactory.java:523)
at org.springframework.beans.factory.support.AbstractBeanFactory.lambda$doGetBean$0(AbstractBeanFactory.java:339)
at org.springframework.beans.factory.support.DefaultSingletonBeanRegistry.getSingleton(DefaultSingletonBeanRegistry.java:347)
at org.springframework.beans.factory.support.AbstractBeanFactory.doGetBean(AbstractBeanFactory.java:337)
at org.springframework.beans.factory.support.AbstractBeanFactory.getBean(AbstractBeanFactory.java:202)
at org.springframework.beans.factory.support.DefaultListableBeanFactory.doResolveDependency(DefaultListableBeanFactory.java:1609)
at org.springframework.beans.factory.support.DefaultListableBeanFactory.resolveDependency(DefaultListableBeanFactory.java:1555)
at org.springframework.beans.factory.support.ConstructorResolver.resolveAutowiredArgument(ConstructorResolver.java:913)
at org.springframework.beans.factory.support.ConstructorResolver.createArgumentArray(ConstructorResolver.java:791)
at org.springframework.beans.factory.support.ConstructorResolver.autowireConstructor(ConstructorResolver.java:240)
at org.springframework.beans.factory.support.AbstractAutowireCapableBeanFactory.autowireConstructor(AbstractAutowireCapableBeanFactory.java:1381)
at org.springframework.beans.factory.support.AbstractAutowireCapableBeanFactory.createBeanInstance(AbstractAutowireCapableBeanFactory.java:1218)
at org.springframework.beans.factory.support.AbstractAutowireCapableBeanFactory.doCreateBean(AbstractAutowireCapableBeanFactory.java:563)
at org.springframework.beans.factory.support.AbstractAutowireCapableBeanFactory.createBean(AbstractAutowireCapableBeanFactory.java:523)
at org.springframework.beans.factory.support.AbstractBeanFactory.lambda$doGetBean$0(AbstractBeanFactory.java:339)
at org.springframework.beans.factory.support.DefaultSingletonBeanRegistry.getSingleton(DefaultSingletonBeanRegistry.java:347)
at org.springframework.beans.factory.support.AbstractBeanFactory.doGetBean(AbstractBeanFactory.java:337)
at org.springframework.beans.factory.support.AbstractBeanFactory.getBean(AbstractBeanFactory.java:202)
at org.springframework.beans.factory.support.DefaultListableBeanFactory.doResolveDependency(DefaultListableBeanFactory.java:1609)
at org.springframework.beans.factory.support.DefaultListableBeanFactory.resolveDependency(DefaultListableBeanFactory.java:1555)
at org.springframework.beans.factory.support.ConstructorResolver.resolveAutowiredArgument(ConstructorResolver.java:913)
at org.springframework.beans.factory.support.ConstructorResolver.createArgumentArray(ConstructorResolver.java:791)
at org.springframework.beans.factory.support.ConstructorResolver.autowireConstructor(ConstructorResolver.java:240)
at org.springframework.beans.factory.support.AbstractAutowireCapableBeanFactory.autowireConstructor(AbstractAutowireCapableBeanFactory.java:1381)
at org.springframework.beans.factory.support.AbstractAutowireCapableBeanFactory.createBeanInstance(AbstractAutowireCapableBeanFactory.java:1218)
at org.springframework.beans.factory.support.AbstractAutowireCapableBeanFactory.doCreateBean(AbstractAutowireCapableBeanFactory.java:563)
at org.springframework.beans.factory.support.AbstractAutowireCapableBeanFactory.createBean(AbstractAutowireCapableBeanFactory.java:523)
at org.springframework.beans.factory.support.AbstractBeanFactory.lambda$doGetBean$0(AbstractBeanFactory.java:339)
at org.springframework.beans.factory.support.DefaultSingletonBeanRegistry.getSingleton(DefaultSingletonBeanRegistry.java:347)
at org.springframework.beans.factory.support.AbstractBeanFactory.doGetBean(AbstractBeanFactory.java:337)
at org.springframework.beans.factory.support.AbstractBeanFactory.getBean(AbstractBeanFactory.java:202)
at org.springframework.beans.factory.support.DefaultListableBeanFactory.instantiateSingleton(DefaultListableBeanFactory.java:1155)
at org.springframework.beans.factory.support.DefaultListableBeanFactory.preInstantiateSingleton(DefaultListableBeanFactory.java:1121)
at org.springframework.beans.factory.support.DefaultListableBeanFactory.preInstantiateSingletons(DefaultListableBeanFactory.java:1056)
at org.springframework.context.support.AbstractApplicationContext.finishBeanFactoryInitialization(AbstractApplicationContext.java:987)
at org.springframework.context.support.AbstractApplicationContext.refresh(AbstractApplicationContext.java:627)
at org.springframework.boot.web.servlet.context.ServletWebServerApplicationContext.refresh(ServletWebServerApplicationContext.java:146)
at org.springframework.boot.SpringApplication.refresh(SpringApplication.java:752)
at org.springframework.boot.SpringApplication.refreshContext(SpringApplication.java:439)
at org.springframework.boot.SpringApplication.run(SpringApplication.java:318)
at org.springframework.boot.SpringApplication.run(SpringApplication.java:1361)
at org.springframework.boot.SpringApplication.run(SpringApplication.java:1350)
at org.pinggu.portforu.PortforuApplication.main(PortforuApplication.java:12)
2025-04-25T17:48:14.980+09:00  WARN 22359 --- [portforu] [main] JpaBaseConfiguration$JpaWebConfiguration : spring.jpa.open-in-view is enabled by default. Therefore, database queries may be performed during view rendering. Explicitly configure spring.jpa.open-in-view to disable this warning
2025-04-25T17:48:15.026+09:00 DEBUG 22359 --- [portforu] [main] swordEncoderAuthenticationManagerBuilder : No authenticationProviders and no parentAuthenticationManager defined. Returning null.
2025-04-25T17:48:15.293+09:00 DEBUG 22359 --- [portforu] [main] o.s.s.web.DefaultSecurityFilterChain     : Will secure any request with filters: DisableEncodeUrlFilter, WebAsyncManagerIntegrationFilter, SecurityContextHolderFilter, HeaderWriterFilter, OAuth2AuthorizationRequestRedirectFilter, OAuth2LoginAuthenticationFilter, DefaultResourcesFilter, DefaultLoginPageGeneratingFilter, RequestCacheAwareFilter, JwtAuthenticationFilter, SecurityContextHolderAwareRequestFilter, AnonymousAuthenticationFilter, SessionManagementFilter, ExceptionTranslationFilter, AuthorizationFilter
2025-04-25T17:48:15.640+09:00  INFO 22359 --- [portforu] [main] o.s.b.w.embedded.tomcat.TomcatWebServer  : Tomcat started on port 8080 (http) with context path '/'
2025-04-25T17:48:15.648+09:00  INFO 22359 --- [portforu] [main] o.pinggu.portforu.PortforuApplication    : Started PortforuApplication in 4.081 seconds (process running for 4.333)
2025-04-25T17:48:15.689+09:00 DEBUG 22359 --- [portforu] [scheduling-1] org.hibernate.SQL                        : 
    select
        jp1_0.id 
    from
        job_postings jp1_0 
    where
        (
            jp1_0.is_deleted = 0
        ) 
        and not(jp1_0.indexed) 
    limit
        ?
2025-04-25T17:48:15.700+09:00  INFO 22359 --- [portforu] [scheduling-1] o.p.p.d.j.e.s.JobPostingIndexScheduler   : 색인할 데이터 없음. 스케줄러 종료
2025-04-25T17:51:15.705+09:00 DEBUG 22359 --- [portforu] [scheduling-1] org.hibernate.SQL                        : 
    select
        jp1_0.id 
    from
        job_postings jp1_0 
    where
        (
            jp1_0.is_deleted = 0
        ) 
        and not(jp1_0.indexed) 
    limit
        ?
2025-04-25T17:51:15.713+09:00  INFO 22359 --- [portforu] [scheduling-1] o.p.p.d.j.e.s.JobPostingIndexScheduler   : 색인할 데이터 없음. 스케줄러 종료
2025-04-25T17:54:15.726+09:00 DEBUG 22359 --- [portforu] [scheduling-1] org.hibernate.SQL                        : 
    select
        jp1_0.id 
    from
        job_postings jp1_0 
    where
        (
            jp1_0.is_deleted = 0
        ) 
        and not(jp1_0.indexed) 
    limit
        ?
2025-04-25T17:54:15.731+09:00  INFO 22359 --- [portforu] [scheduling-1] o.p.p.d.j.e.s.JobPostingIndexScheduler   : 색인할 데이터 없음. 스케줄러 종료
2025-04-25T17:57:15.734+09:00 DEBUG 22359 --- [portforu] [scheduling-1] org.hibernate.SQL                        : 
    select
        jp1_0.id 
    from
        job_postings jp1_0 
    where
        (
            jp1_0.is_deleted = 0
        ) 
        and not(jp1_0.indexed) 
    limit
        ?
2025-04-25T17:57:15.750+09:00  INFO 22359 --- [portforu] [scheduling-1] o.p.p.d.j.e.s.JobPostingIndexScheduler   : 색인할 데이터 없음. 스케줄러 종료
2025-04-25T18:00:00.005+09:00 DEBUG 22359 --- [portforu] [scheduling-1] org.hibernate.SQL                        : 
    select
        uf1_0.id,
        uf1_0.created_at,
        uf1_0.file_url,
        uf1_0.used 
    from
        uploaded_file uf1_0 
    where
        uf1_0.used=0 
        and uf1_0.created_at<?
2025-04-25T18:00:00.007+09:00 DEBUG 22359 --- [portforu] [scheduling-2] org.hibernate.SQL                        : 
    update
        subscribes s1_0 
    set
        status=? 
    where
        s1_0.status=? 
        and s1_0.end_date<? 
        and s1_0.is_deleted=0 
        and (
            s1_0.is_deleted = 0
        )
2025-04-25T18:00:00.011+09:00  INFO 22359 --- [portforu] [scheduling-2] o.p.p.d.s.scheduler.SubscribeScheduler   : 만료된 구독 처리 완료 (벌크 업데이트): count=0
2025-04-25T18:00:15.757+09:00 DEBUG 22359 --- [portforu] [scheduling-2] org.hibernate.SQL                        : 
    select
        jp1_0.id 
    from
        job_postings jp1_0 
    where
        (
            jp1_0.is_deleted = 0
        ) 
        and not(jp1_0.indexed) 
    limit
        ?
2025-04-25T18:00:15.760+09:00  INFO 22359 --- [portforu] [scheduling-2] o.p.p.d.j.e.s.JobPostingIndexScheduler   : 색인할 데이터 없음. 스케줄러 종료
2025-04-25T18:03:15.892+09:00 DEBUG 22359 --- [portforu] [scheduling-2] org.hibernate.SQL                        : 
    select
        jp1_0.id 
    from
        job_postings jp1_0 
    where
        (
            jp1_0.is_deleted = 0
        ) 
        and not(jp1_0.indexed) 
    limit
        ?
2025-04-25T18:03:15.918+09:00  INFO 22359 --- [portforu] [scheduling-2] o.p.p.d.j.e.s.JobPostingIndexScheduler   : 색인할 데이터 없음. 스케줄러 종료
2025-04-25T18:20:12.036+09:00  WARN 22359 --- [portforu] [HikariPool-1 housekeeper] com.zaxxer.hikari.pool.HikariPool        : HikariPool-1 - Thread starvation or clock leap detected (housekeeper delta=15m28s548ms).
2025-04-25T18:36:10.763+09:00  WARN 22359 --- [portforu] [HikariPool-1 housekeeper] com.zaxxer.hikari.pool.HikariPool        : HikariPool-1 - Thread starvation or clock leap detected (housekeeper delta=15m28s714ms).
2025-04-25T18:36:13.181+09:00 DEBUG 22359 --- [portforu] [scheduling-2] org.hibernate.SQL                        : 
    select
        jp1_0.id 
    from
        job_postings jp1_0 
    where
        (
            jp1_0.is_deleted = 0
        ) 
        and not(jp1_0.indexed) 
    limit
        ?
2025-04-25T18:36:13.188+09:00  INFO 22359 --- [portforu] [scheduling-2] o.p.p.d.j.e.s.JobPostingIndexScheduler   : 색인할 데이터 없음. 스케줄러 종료
2025-04-25T18:53:49.626+09:00  WARN 22359 --- [portforu] [HikariPool-1 housekeeper] com.zaxxer.hikari.pool.HikariPool        : HikariPool-1 - Thread starvation or clock leap detected (housekeeper delta=17m8s857ms).
2025-04-25T19:05:50.985+09:00  WARN 22359 --- [portforu] [HikariPool-1 housekeeper] com.zaxxer.hikari.pool.HikariPool        : HikariPool-1 - Thread starvation or clock leap detected (housekeeper delta=11m31s348ms).
2025-04-25T19:06:53.387+09:00 DEBUG 22359 --- [portforu] [scheduling-2] org.hibernate.SQL                        : 
    select
        jp1_0.id 
    from
        job_postings jp1_0 
    where
        (
            jp1_0.is_deleted = 0
        ) 
        and not(jp1_0.indexed) 
    limit
        ?
2025-04-25T19:06:53.393+09:00  INFO 22359 --- [portforu] [scheduling-2] o.p.p.d.j.e.s.JobPostingIndexScheduler   : 색인할 데이터 없음. 스케줄러 종료
2025-04-25T19:09:53.426+09:00 DEBUG 22359 --- [portforu] [scheduling-2] org.hibernate.SQL                        : 
    select
        jp1_0.id 
    from
        job_postings jp1_0 
    where
        (
            jp1_0.is_deleted = 0
        ) 
        and not(jp1_0.indexed) 
    limit
        ?
2025-04-25T19:09:53.435+09:00  INFO 22359 --- [portforu] [scheduling-2] o.p.p.d.j.e.s.JobPostingIndexScheduler   : 색인할 데이터 없음. 스케줄러 종료
2025-04-25T19:12:53.452+09:00 DEBUG 22359 --- [portforu] [scheduling-2] org.hibernate.SQL                        : 
    select
        jp1_0.id 
    from
        job_postings jp1_0 
    where
        (
            jp1_0.is_deleted = 0
        ) 
        and not(jp1_0.indexed) 
    limit
        ?
2025-04-25T19:12:53.465+09:00  INFO 22359 --- [portforu] [scheduling-2] o.p.p.d.j.e.s.JobPostingIndexScheduler   : 색인할 데이터 없음. 스케줄러 종료
2025-04-25T19:15:53.463+09:00 DEBUG 22359 --- [portforu] [scheduling-2] org.hibernate.SQL                        : 
    select
        jp1_0.id 
    from
        job_postings jp1_0 
    where
        (
            jp1_0.is_deleted = 0
        ) 
        and not(jp1_0.indexed) 
    limit
        ?
2025-04-25T19:15:53.469+09:00  INFO 22359 --- [portforu] [scheduling-2] o.p.p.d.j.e.s.JobPostingIndexScheduler   : 색인할 데이터 없음. 스케줄러 종료
2025-04-25T19:18:53.492+09:00 DEBUG 22359 --- [portforu] [scheduling-2] org.hibernate.SQL                        : 
    select
        jp1_0.id 
    from
        job_postings jp1_0 
    where
        (
            jp1_0.is_deleted = 0
        ) 
        and not(jp1_0.indexed) 
    limit
        ?
2025-04-25T19:18:53.500+09:00  INFO 22359 --- [portforu] [scheduling-2] o.p.p.d.j.e.s.JobPostingIndexScheduler   : 색인할 데이터 없음. 스케줄러 종료
2025-04-25T19:21:53.501+09:00 DEBUG 22359 --- [portforu] [scheduling-2] org.hibernate.SQL                        : 
    select
        jp1_0.id 
    from
        job_postings jp1_0 
    where
        (
            jp1_0.is_deleted = 0
        ) 
        and not(jp1_0.indexed) 
    limit
        ?
2025-04-25T19:21:53.505+09:00  INFO 22359 --- [portforu] [scheduling-2] o.p.p.d.j.e.s.JobPostingIndexScheduler   : 색인할 데이터 없음. 스케줄러 종료
2025-04-25T19:24:53.516+09:00 DEBUG 22359 --- [portforu] [scheduling-2] org.hibernate.SQL                        : 
    select
        jp1_0.id 
    from
        job_postings jp1_0 
    where
        (
            jp1_0.is_deleted = 0
        ) 
        and not(jp1_0.indexed) 
    limit
        ?
2025-04-25T19:24:53.538+09:00 DEBUG 22359 --- [portforu] [scheduling-2] org.hibernate.SQL                        : 
    select
        jp1_0.id,
        jp1_0.company,
        jp1_0.created_at,
        jp1_0.duty,
        jp1_0.education_level,
        jp1_0.employment_type,
        jp1_0.experience_years,
        jp1_0.hiring_end_at,
        jp1_0.hiring_start_at,
        jp1_0.indexed,
        jp1_0.is_deleted,
        jp1_0.key_abilities,
        jp1_0.link,
        jp1_0.location,
        jp1_0.max_experience_years,
        jp1_0.min_experience_years,
        jp1_0.salary,
        jp1_0.skills,
        jp1_0.title,
        jp1_0.updated_at 
    from
        job_postings jp1_0 
    where
        (
            jp1_0.is_deleted = 0
        ) 
        and not(jp1_0.indexed) 
    limit
        ?
2025-04-25T19:24:53.834+09:00 DEBUG 22359 --- [portforu] [scheduling-2] org.hibernate.SQL                        : 
    select
        jp1_0.id,
        jp1_0.company,
        jp1_0.created_at,
        jp1_0.duty,
        jp1_0.education_level,
        jp1_0.employment_type,
        jp1_0.experience_years,
        jp1_0.hiring_end_at,
        jp1_0.hiring_start_at,
        jp1_0.indexed,
        jp1_0.is_deleted,
        jp1_0.key_abilities,
        jp1_0.link,
        jp1_0.location,
        jp1_0.max_experience_years,
        jp1_0.min_experience_years,
        jp1_0.salary,
        jp1_0.skills,
        jp1_0.title,
        jp1_0.updated_at 
    from
        job_postings jp1_0 
    where
        jp1_0.id=? 
        and (
            jp1_0.is_deleted = 0
        )
2025-04-25T19:24:53.859+09:00 DEBUG 22359 --- [portforu] [scheduling-2] org.hibernate.SQL                        : 
    update
        job_postings 
    set
        company=?,
        duty=?,
        education_level=?,
        employment_type=?,
        experience_years=?,
        hiring_end_at=?,
        hiring_start_at=?,
        indexed=?,
        is_deleted=?,
        key_abilities=?,
        link=?,
        location=?,
        max_experience_years=?,
        min_experience_years=?,
        salary=?,
        skills=?,
        title=?,
        updated_at=? 
    where
        id=?
2025-04-25T19:24:53.863+09:00  INFO 22359 --- [portforu] [scheduling-2] o.p.p.d.j.e.s.JobPostingIndexScheduler   : 색인 완료: 1
2025-04-25T19:24:53.880+09:00 DEBUG 22359 --- [portforu] [scheduling-2] org.hibernate.SQL                        : 
    select
        jp1_0.id,
        jp1_0.company,
        jp1_0.created_at,
        jp1_0.duty,
        jp1_0.education_level,
        jp1_0.employment_type,
        jp1_0.experience_years,
        jp1_0.hiring_end_at,
        jp1_0.hiring_start_at,
        jp1_0.indexed,
        jp1_0.is_deleted,
        jp1_0.key_abilities,
        jp1_0.link,
        jp1_0.location,
        jp1_0.max_experience_years,
        jp1_0.min_experience_years,
        jp1_0.salary,
        jp1_0.skills,
        jp1_0.title,
        jp1_0.updated_at 
    from
        job_postings jp1_0 
    where
        jp1_0.id=? 
        and (
            jp1_0.is_deleted = 0
        )
2025-04-25T19:24:53.882+09:00 DEBUG 22359 --- [portforu] [scheduling-2] org.hibernate.SQL                        : 
    update
        job_postings 
    set
        company=?,
        duty=?,
        education_level=?,
        employment_type=?,
        experience_years=?,
        hiring_end_at=?,
        hiring_start_at=?,
        indexed=?,
        is_deleted=?,
        key_abilities=?,
        link=?,
        location=?,
        max_experience_years=?,
        min_experience_years=?,
        salary=?,
        skills=?,
        title=?,
        updated_at=? 
    where
        id=?
2025-04-25T19:24:53.885+09:00  INFO 22359 --- [portforu] [scheduling-2] o.p.p.d.j.e.s.JobPostingIndexScheduler   : 색인 완료: 2
2025-04-25T19:27:53.902+09:00 DEBUG 22359 --- [portforu] [scheduling-2] org.hibernate.SQL                        : 
    select
        jp1_0.id 
    from
        job_postings jp1_0 
    where
        (
            jp1_0.is_deleted = 0
        ) 
        and not(jp1_0.indexed) 
    limit
        ?
2025-04-25T19:27:53.918+09:00 DEBUG 22359 --- [portforu] [scheduling-2] org.hibernate.SQL                        : 
    select
        jp1_0.id,
        jp1_0.company,
        jp1_0.created_at,
        jp1_0.duty,
        jp1_0.education_level,
        jp1_0.employment_type,
        jp1_0.experience_years,
        jp1_0.hiring_end_at,
        jp1_0.hiring_start_at,
        jp1_0.indexed,
        jp1_0.is_deleted,
        jp1_0.key_abilities,
        jp1_0.link,
        jp1_0.location,
        jp1_0.max_experience_years,
        jp1_0.min_experience_years,
        jp1_0.salary,
        jp1_0.skills,
        jp1_0.title,
        jp1_0.updated_at 
    from
        job_postings jp1_0 
    where
        (
            jp1_0.is_deleted = 0
        ) 
        and not(jp1_0.indexed) 
    limit
        ?
2025-04-25T19:27:53.973+09:00 DEBUG 22359 --- [portforu] [scheduling-2] org.hibernate.SQL                        : 
    select
        jp1_0.id,
        jp1_0.company,
        jp1_0.created_at,
        jp1_0.duty,
        jp1_0.education_level,
        jp1_0.employment_type,
        jp1_0.experience_years,
        jp1_0.hiring_end_at,
        jp1_0.hiring_start_at,
        jp1_0.indexed,
        jp1_0.is_deleted,
        jp1_0.key_abilities,
        jp1_0.link,
        jp1_0.location,
        jp1_0.max_experience_years,
        jp1_0.min_experience_years,
        jp1_0.salary,
        jp1_0.skills,
        jp1_0.title,
        jp1_0.updated_at 
    from
        job_postings jp1_0 
    where
        jp1_0.id=? 
        and (
            jp1_0.is_deleted = 0
        )
2025-04-25T19:27:53.979+09:00 DEBUG 22359 --- [portforu] [scheduling-2] org.hibernate.SQL                        : 
    update
        job_postings 
    set
        company=?,
        duty=?,
        education_level=?,
        employment_type=?,
        experience_years=?,
        hiring_end_at=?,
        hiring_start_at=?,
        indexed=?,
        is_deleted=?,
        key_abilities=?,
        link=?,
        location=?,
        max_experience_years=?,
        min_experience_years=?,
        salary=?,
        skills=?,
        title=?,
        updated_at=? 
    where
        id=?
2025-04-25T19:27:53.984+09:00  INFO 22359 --- [portforu] [scheduling-2] o.p.p.d.j.e.s.JobPostingIndexScheduler   : 색인 완료: 3
2025-04-25T19:27:54.004+09:00 DEBUG 22359 --- [portforu] [scheduling-2] org.hibernate.SQL                        : 
    select
        jp1_0.id,
        jp1_0.company,
        jp1_0.created_at,
        jp1_0.duty,
        jp1_0.education_level,
        jp1_0.employment_type,
        jp1_0.experience_years,
        jp1_0.hiring_end_at,
        jp1_0.hiring_start_at,
        jp1_0.indexed,
        jp1_0.is_deleted,
        jp1_0.key_abilities,
        jp1_0.link,
        jp1_0.location,
        jp1_0.max_experience_years,
        jp1_0.min_experience_years,
        jp1_0.salary,
        jp1_0.skills,
        jp1_0.title,
        jp1_0.updated_at 
    from
        job_postings jp1_0 
    where
        jp1_0.id=? 
        and (
            jp1_0.is_deleted = 0
        )
2025-04-25T19:27:54.010+09:00 DEBUG 22359 --- [portforu] [scheduling-2] org.hibernate.SQL                        : 
    update
        job_postings 
    set
        company=?,
        duty=?,
        education_level=?,
        employment_type=?,
        experience_years=?,
        hiring_end_at=?,
        hiring_start_at=?,
        indexed=?,
        is_deleted=?,
        key_abilities=?,
        link=?,
        location=?,
        max_experience_years=?,
        min_experience_years=?,
        salary=?,
        skills=?,
        title=?,
        updated_at=? 
    where
        id=?
2025-04-25T19:27:54.014+09:00  INFO 22359 --- [portforu] [scheduling-2] o.p.p.d.j.e.s.JobPostingIndexScheduler   : 색인 완료: 4
2025-04-25T19:27:54.034+09:00 DEBUG 22359 --- [portforu] [scheduling-2] org.hibernate.SQL                        : 
    select
        jp1_0.id,
        jp1_0.company,
        jp1_0.created_at,
        jp1_0.duty,
        jp1_0.education_level,
        jp1_0.employment_type,
        jp1_0.experience_years,
        jp1_0.hiring_end_at,
        jp1_0.hiring_start_at,
        jp1_0.indexed,
        jp1_0.is_deleted,
        jp1_0.key_abilities,
        jp1_0.link,
        jp1_0.location,
        jp1_0.max_experience_years,
        jp1_0.min_experience_years,
        jp1_0.salary,
        jp1_0.skills,
        jp1_0.title,
        jp1_0.updated_at 
    from
        job_postings jp1_0 
    where
        jp1_0.id=? 
        and (
            jp1_0.is_deleted = 0
        )
2025-04-25T19:27:54.038+09:00 DEBUG 22359 --- [portforu] [scheduling-2] org.hibernate.SQL                        : 
    update
        job_postings 
    set
        company=?,
        duty=?,
        education_level=?,
        employment_type=?,
        experience_years=?,
        hiring_end_at=?,
        hiring_start_at=?,
        indexed=?,
        is_deleted=?,
        key_abilities=?,
        link=?,
        location=?,
        max_experience_years=?,
        min_experience_years=?,
        salary=?,
        skills=?,
        title=?,
        updated_at=? 
    where
        id=?
2025-04-25T19:27:54.041+09:00  INFO 22359 --- [portforu] [scheduling-2] o.p.p.d.j.e.s.JobPostingIndexScheduler   : 색인 완료: 5
2025-04-25T19:27:54.061+09:00 DEBUG 22359 --- [portforu] [scheduling-2] org.hibernate.SQL                        : 
    select
        jp1_0.id,
        jp1_0.company,
        jp1_0.created_at,
        jp1_0.duty,
        jp1_0.education_level,
        jp1_0.employment_type,
        jp1_0.experience_years,
        jp1_0.hiring_end_at,
        jp1_0.hiring_start_at,
        jp1_0.indexed,
        jp1_0.is_deleted,
        jp1_0.key_abilities,
        jp1_0.link,
        jp1_0.location,
        jp1_0.max_experience_years,
        jp1_0.min_experience_years,
        jp1_0.salary,
        jp1_0.skills,
        jp1_0.title,
        jp1_0.updated_at 
    from
        job_postings jp1_0 
    where
        jp1_0.id=? 
        and (
            jp1_0.is_deleted = 0
        )
2025-04-25T19:27:54.064+09:00 DEBUG 22359 --- [portforu] [scheduling-2] org.hibernate.SQL                        : 
    update
        job_postings 
    set
        company=?,
        duty=?,
        education_level=?,
        employment_type=?,
        experience_years=?,
        hiring_end_at=?,
        hiring_start_at=?,
        indexed=?,
        is_deleted=?,
        key_abilities=?,
        link=?,
        location=?,
        max_experience_years=?,
        min_experience_years=?,
        salary=?,
        skills=?,
        title=?,
        updated_at=? 
    where
        id=?
2025-04-25T19:27:54.067+09:00  INFO 22359 --- [portforu] [scheduling-2] o.p.p.d.j.e.s.JobPostingIndexScheduler   : 색인 완료: 6
2025-04-25T19:27:54.082+09:00 DEBUG 22359 --- [portforu] [scheduling-2] org.hibernate.SQL                        : 
    select
        jp1_0.id,
        jp1_0.company,
        jp1_0.created_at,
        jp1_0.duty,
        jp1_0.education_level,
        jp1_0.employment_type,
        jp1_0.experience_years,
        jp1_0.hiring_end_at,
        jp1_0.hiring_start_at,
        jp1_0.indexed,
        jp1_0.is_deleted,
        jp1_0.key_abilities,
        jp1_0.link,
        jp1_0.location,
        jp1_0.max_experience_years,
        jp1_0.min_experience_years,
        jp1_0.salary,
        jp1_0.skills,
        jp1_0.title,
        jp1_0.updated_at 
    from
        job_postings jp1_0 
    where
        jp1_0.id=? 
        and (
            jp1_0.is_deleted = 0
        )
2025-04-25T19:27:54.084+09:00 DEBUG 22359 --- [portforu] [scheduling-2] org.hibernate.SQL                        : 
    update
        job_postings 
    set
        company=?,
        duty=?,
        education_level=?,
        employment_type=?,
        experience_years=?,
        hiring_end_at=?,
        hiring_start_at=?,
        indexed=?,
        is_deleted=?,
        key_abilities=?,
        link=?,
        location=?,
        max_experience_years=?,
        min_experience_years=?,
        salary=?,
        skills=?,
        title=?,
        updated_at=? 
    where
        id=?
2025-04-25T19:27:54.089+09:00  INFO 22359 --- [portforu] [scheduling-2] o.p.p.d.j.e.s.JobPostingIndexScheduler   : 색인 완료: 7
2025-04-25T19:27:54.103+09:00 DEBUG 22359 --- [portforu] [scheduling-2] org.hibernate.SQL                        : 
    select
        jp1_0.id,
        jp1_0.company,
        jp1_0.created_at,
        jp1_0.duty,
        jp1_0.education_level,
        jp1_0.employment_type,
        jp1_0.experience_years,
        jp1_0.hiring_end_at,
        jp1_0.hiring_start_at,
        jp1_0.indexed,
        jp1_0.is_deleted,
        jp1_0.key_abilities,
        jp1_0.link,
        jp1_0.location,
        jp1_0.max_experience_years,
        jp1_0.min_experience_years,
        jp1_0.salary,
        jp1_0.skills,
        jp1_0.title,
        jp1_0.updated_at 
    from
        job_postings jp1_0 
    where
        jp1_0.id=? 
        and (
            jp1_0.is_deleted = 0
        )
2025-04-25T19:27:54.106+09:00 DEBUG 22359 --- [portforu] [scheduling-2] org.hibernate.SQL                        : 
    update
        job_postings 
    set
        company=?,
        duty=?,
        education_level=?,
        employment_type=?,
        experience_years=?,
        hiring_end_at=?,
        hiring_start_at=?,
        indexed=?,
        is_deleted=?,
        key_abilities=?,
        link=?,
        location=?,
        max_experience_years=?,
        min_experience_years=?,
        salary=?,
        skills=?,
        title=?,
        updated_at=? 
    where
        id=?
2025-04-25T19:27:54.111+09:00  INFO 22359 --- [portforu] [scheduling-2] o.p.p.d.j.e.s.JobPostingIndexScheduler   : 색인 완료: 8
2025-04-25T19:27:54.124+09:00 DEBUG 22359 --- [portforu] [scheduling-2] org.hibernate.SQL                        : 
    select
        jp1_0.id,
        jp1_0.company,
        jp1_0.created_at,
        jp1_0.duty,
        jp1_0.education_level,
        jp1_0.employment_type,
        jp1_0.experience_years,
        jp1_0.hiring_end_at,
        jp1_0.hiring_start_at,
        jp1_0.indexed,
        jp1_0.is_deleted,
        jp1_0.key_abilities,
        jp1_0.link,
        jp1_0.location,
        jp1_0.max_experience_years,
        jp1_0.min_experience_years,
        jp1_0.salary,
        jp1_0.skills,
        jp1_0.title,
        jp1_0.updated_at 
    from
        job_postings jp1_0 
    where
        jp1_0.id=? 
        and (
            jp1_0.is_deleted = 0
        )
2025-04-25T19:27:54.126+09:00 DEBUG 22359 --- [portforu] [scheduling-2] org.hibernate.SQL                        : 
    update
        job_postings 
    set
        company=?,
        duty=?,
        education_level=?,
        employment_type=?,
        experience_years=?,
        hiring_end_at=?,
        hiring_start_at=?,
        indexed=?,
        is_deleted=?,
        key_abilities=?,
        link=?,
        location=?,
        max_experience_years=?,
        min_experience_years=?,
        salary=?,
        skills=?,
        title=?,
        updated_at=? 
    where
        id=?
2025-04-25T19:27:54.131+09:00  INFO 22359 --- [portforu] [scheduling-2] o.p.p.d.j.e.s.JobPostingIndexScheduler   : 색인 완료: 9
2025-04-25T19:27:54.145+09:00 DEBUG 22359 --- [portforu] [scheduling-2] org.hibernate.SQL                        : 
    select
        jp1_0.id,
        jp1_0.company,
        jp1_0.created_at,
        jp1_0.duty,
        jp1_0.education_level,
        jp1_0.employment_type,
        jp1_0.experience_years,
        jp1_0.hiring_end_at,
        jp1_0.hiring_start_at,
        jp1_0.indexed,
        jp1_0.is_deleted,
        jp1_0.key_abilities,
        jp1_0.link,
        jp1_0.location,
        jp1_0.max_experience_years,
        jp1_0.min_experience_years,
        jp1_0.salary,
        jp1_0.skills,
        jp1_0.title,
        jp1_0.updated_at 
    from
        job_postings jp1_0 
    where
        jp1_0.id=? 
        and (
            jp1_0.is_deleted = 0
        )
2025-04-25T19:27:54.147+09:00 DEBUG 22359 --- [portforu] [scheduling-2] org.hibernate.SQL                        : 
    update
        job_postings 
    set
        company=?,
        duty=?,
        education_level=?,
        employment_type=?,
        experience_years=?,
        hiring_end_at=?,
        hiring_start_at=?,
        indexed=?,
        is_deleted=?,
        key_abilities=?,
        link=?,
        location=?,
        max_experience_years=?,
        min_experience_years=?,
        salary=?,
        skills=?,
        title=?,
        updated_at=? 
    where
        id=?
2025-04-25T19:27:54.149+09:00  INFO 22359 --- [portforu] [scheduling-2] o.p.p.d.j.e.s.JobPostingIndexScheduler   : 색인 완료: 10
2025-04-25T19:27:54.166+09:00 DEBUG 22359 --- [portforu] [scheduling-2] org.hibernate.SQL                        : 
    select
        jp1_0.id,
        jp1_0.company,
        jp1_0.created_at,
        jp1_0.duty,
        jp1_0.education_level,
        jp1_0.employment_type,
        jp1_0.experience_years,
        jp1_0.hiring_end_at,
        jp1_0.hiring_start_at,
        jp1_0.indexed,
        jp1_0.is_deleted,
        jp1_0.key_abilities,
        jp1_0.link,
        jp1_0.location,
        jp1_0.max_experience_years,
        jp1_0.min_experience_years,
        jp1_0.salary,
        jp1_0.skills,
        jp1_0.title,
        jp1_0.updated_at 
    from
        job_postings jp1_0 
    where
        jp1_0.id=? 
        and (
            jp1_0.is_deleted = 0
        )
2025-04-25T19:27:54.167+09:00 DEBUG 22359 --- [portforu] [scheduling-2] org.hibernate.SQL                        : 
    update
        job_postings 
    set
        company=?,
        duty=?,
        education_level=?,
        employment_type=?,
        experience_years=?,
        hiring_end_at=?,
        hiring_start_at=?,
        indexed=?,
        is_deleted=?,
        key_abilities=?,
        link=?,
        location=?,
        max_experience_years=?,
        min_experience_years=?,
        salary=?,
        skills=?,
        title=?,
        updated_at=? 
    where
        id=?
2025-04-25T19:27:54.170+09:00  INFO 22359 --- [portforu] [scheduling-2] o.p.p.d.j.e.s.JobPostingIndexScheduler   : 색인 완료: 11
2025-04-25T19:27:54.192+09:00 DEBUG 22359 --- [portforu] [scheduling-2] org.hibernate.SQL                        : 
    select
        jp1_0.id,
        jp1_0.company,
        jp1_0.created_at,
        jp1_0.duty,
        jp1_0.education_level,
        jp1_0.employment_type,
        jp1_0.experience_years,
        jp1_0.hiring_end_at,
        jp1_0.hiring_start_at,
        jp1_0.indexed,
        jp1_0.is_deleted,
        jp1_0.key_abilities,
        jp1_0.link,
        jp1_0.location,
        jp1_0.max_experience_years,
        jp1_0.min_experience_years,
        jp1_0.salary,
        jp1_0.skills,
        jp1_0.title,
        jp1_0.updated_at 
    from
        job_postings jp1_0 
    where
        jp1_0.id=? 
        and (
            jp1_0.is_deleted = 0
        )
2025-04-25T19:27:54.194+09:00 DEBUG 22359 --- [portforu] [scheduling-2] org.hibernate.SQL                        : 
    update
        job_postings 
    set
        company=?,
        duty=?,
        education_level=?,
        employment_type=?,
        experience_years=?,
        hiring_end_at=?,
        hiring_start_at=?,
        indexed=?,
        is_deleted=?,
        key_abilities=?,
        link=?,
        location=?,
        max_experience_years=?,
        min_experience_years=?,
        salary=?,
        skills=?,
        title=?,
        updated_at=? 
    where
        id=?
2025-04-25T19:27:54.196+09:00  INFO 22359 --- [portforu] [scheduling-2] o.p.p.d.j.e.s.JobPostingIndexScheduler   : 색인 완료: 12
2025-04-25T19:30:54.203+09:00 DEBUG 22359 --- [portforu] [scheduling-2] org.hibernate.SQL                        : 
    select
        jp1_0.id 
    from
        job_postings jp1_0 
    where
        (
            jp1_0.is_deleted = 0
        ) 
        and not(jp1_0.indexed) 
    limit
        ?
2025-04-25T19:30:54.218+09:00  INFO 22359 --- [portforu] [scheduling-2] o.p.p.d.j.e.s.JobPostingIndexScheduler   : 색인할 데이터 없음. 스케줄러 종료
2025-04-25T19:33:54.227+09:00 DEBUG 22359 --- [portforu] [scheduling-2] org.hibernate.SQL                        : 
    select
        jp1_0.id 
    from
        job_postings jp1_0 
    where
        (
            jp1_0.is_deleted = 0
        ) 
        and not(jp1_0.indexed) 
    limit
        ?
2025-04-25T19:33:54.236+09:00  INFO 22359 --- [portforu] [scheduling-2] o.p.p.d.j.e.s.JobPostingIndexScheduler   : 색인할 데이터 없음. 스케줄러 종료
2025-04-25T19:36:54.246+09:00 DEBUG 22359 --- [portforu] [scheduling-2] org.hibernate.SQL                        : 
    select
        jp1_0.id 
    from
        job_postings jp1_0 
    where
        (
            jp1_0.is_deleted = 0
        ) 
        and not(jp1_0.indexed) 
    limit
        ?
2025-04-25T19:36:54.257+09:00  INFO 22359 --- [portforu] [scheduling-2] o.p.p.d.j.e.s.JobPostingIndexScheduler   : 색인할 데이터 없음. 스케줄러 종료
2025-04-25T19:39:54.279+09:00 DEBUG 22359 --- [portforu] [scheduling-2] org.hibernate.SQL                        : 
    select
        jp1_0.id 
    from
        job_postings jp1_0 
    where
        (
            jp1_0.is_deleted = 0
        ) 
        and not(jp1_0.indexed) 
    limit
        ?
2025-04-25T19:39:54.294+09:00  INFO 22359 --- [portforu] [scheduling-2] o.p.p.d.j.e.s.JobPostingIndexScheduler   : 색인할 데이터 없음. 스케줄러 종료
2025-04-25T19:42:54.309+09:00 DEBUG 22359 --- [portforu] [scheduling-2] org.hibernate.SQL                        : 
    select
        jp1_0.id 
    from
        job_postings jp1_0 
    where
        (
            jp1_0.is_deleted = 0
        ) 
        and not(jp1_0.indexed) 
    limit
        ?
2025-04-25T19:42:54.319+09:00  INFO 22359 --- [portforu] [scheduling-2] o.p.p.d.j.e.s.JobPostingIndexScheduler   : 색인할 데이터 없음. 스케줄러 종료
2025-04-25T19:45:54.323+09:00 DEBUG 22359 --- [portforu] [scheduling-2] org.hibernate.SQL                        : 
    select
        jp1_0.id 
    from
        job_postings jp1_0 
    where
        (
            jp1_0.is_deleted = 0
        ) 
        and not(jp1_0.indexed) 
    limit
        ?
2025-04-25T19:45:54.330+09:00  INFO 22359 --- [portforu] [scheduling-2] o.p.p.d.j.e.s.JobPostingIndexScheduler   : 색인할 데이터 없음. 스케줄러 종료
